t,env_id,episode_id,step_in_ep,action_sub_idx,base_action_idx,target,type,pct,step,dir,reward,done,gate_ok,deviation_exploded,C1_before,C1_after,A1_before,A1_after,A2_before,A2_after,B2_before,B2_after,A3_before,A3_after,S3_before,S3_after,C3_before,C3_after
27040,1,240,-1,,,,,,,,,False,False,False,0.9806748628616333,0.9806748628616333,20.80801010131836,20.80801010131836,365.1120300292969,365.1120300292969,435.75250244140625,435.75250244140625,2281.6435546875,2281.6435546875,1378.96826171875,1378.96826171875,2911.32568359375,2911.32568359375
27040,1,240,0,0,20,A1,pct_button,10,,,28.867668958902357,False,False,False,0.9806748628616333,0.4801231026649475,20.80801010131836,6.943968296051025,365.1120300292969,365.1120300292969,435.75250244140625,435.75250244140625,2281.6435546875,2281.6435546875,1378.96826171875,1378.96826171875,2911.32568359375,2911.32568359375
27048,1,240,1,1,21,A1,pct_button,20,,,9.497256114780903,False,False,False,0.4801231026649475,0.19066615402698517,6.943968296051025,2.5067715644836426,365.1120300292969,365.1120300292969,435.75250244140625,435.75250244140625,2281.6435546875,2281.6435546875,1378.96826171875,1378.96826171875,2911.32568359375,2911.32568359375
27056,1,240,2,0,20,A1,pct_button,10,,,7.557868000790477,True,True,False,0.19066615402698517,19.921796798706055,2.5067715644836426,26.342714309692383,365.1120300292969,362.97479248046875,435.75250244140625,313.14013671875,2281.6435546875,2441.683837890625,1378.96826171875,2021.2061767578125,2911.32568359375,-931.65869140625
