t,env_id,episode_id,step_in_ep,action_sub_idx,base_action_idx,target,type,pct,step,dir,reward,done,gate_ok,deviation_exploded,C1_before,C1_after,A1_before,A1_after
38544,1,80,-1,,,,,,,,,False,False,False,-17.571685791015625,-17.571685791015625,24.36853790283203,24.36853790283203
38544,1,80,0,11,39,C1,pct_button,50,,,0.828804473876948,False,False,False,-17.571685791015625,-17.571685791015625,24.36853790283203,24.36853790283203
38552,1,80,1,2,22,A1,pct_button,30,,,13.946032562255857,False,False,False,-17.571685791015625,-16.419557571411133,24.36853790283203,18.895803451538086
38560,1,80,2,2,22,A1,pct_button,30,,,19.746833820343017,False,False,False,-16.419557571411133,-15.101836204528809,18.895803451538086,10.592046737670898
38568,1,80,3,11,39,C1,pct_button,50,,,31.676734397411344,False,False,False,-15.101836204528809,-1.7195767164230347,10.592046737670898,8.230439186096191
38576,1,80,4,0,20,A1,pct_button,10,,,5.4210116147995,False,False,False,-1.7195767164230347,-1.9288170337677002,8.230439186096191,5.3787689208984375
38584,1,80,5,2,22,A1,pct_button,30,,,-4.181024494171142,False,False,False,-1.9288170337677002,-4.39492130279541,5.3787689208984375,5.093056678771973
38592,1,80,6,0,20,A1,pct_button,10,,,-0.3412131929397566,False,False,False,-4.39492130279541,-3.747220754623413,5.093056678771973,6.003874778747559
38600,1,80,7,2,22,A1,pct_button,30,,,17.713245053291324,True,True,False,-3.747220754623413,13.856348037719727,6.003874778747559,30.319665908813477
