t,env_id,episode_id,step_in_ep,action_sub_idx,base_action_idx,target,type,pct,step,dir,reward,done,gate_ok,deviation_exploded,C1_before,C1_after,A1_before,A1_after
44976,6,110,-1,,,,,,,,,False,False,False,-0.9970895648002625,-0.9970895648002625,15.00684642791748,15.00684642791748
44976,6,110,0,12,40,C1,pct_button,100,,,0.3100787198543544,False,False,False,-0.9970895648002625,-0.9970895648002625,15.00684642791748,15.00684642791748
44984,6,110,1,3,23,A1,pct_button,50,,,10.918415455818176,False,False,False,-0.9970895648002625,4.407593250274658,15.00684642791748,6.2385969161987305
44992,6,110,2,4,24,A1,pct_button,100,,,10.943610098361969,False,False,False,4.407593250274658,-1.7769099473953247,6.2385969161987305,3.4446911811828613
45000,6,110,3,1,21,A1,pct_button,20,,,3.5263573491573332,False,False,False,-1.7769099473953247,0.5921089053153992,3.4446911811828613,2.8961966037750244
45008,6,110,4,10,38,C1,pct_button,30,,,-2.1099933862686147,False,False,False,0.5921089053153992,2.5618016719818115,2.8961966037750244,2.0223419666290283
45016,6,110,5,8,36,C1,pct_button,15,,,0.22119100093841637,False,False,False,2.5618016719818115,1.382387399673462,2.0223419666290283,3.1312975883483887
45024,6,110,6,9,37,C1,pct_button,20,,,9.637107817828657,True,True,False,1.382387399673462,-12.813502311706543,3.1312975883483887,32.884334564208984
