t,env_id,episode_id,step_in_ep,action_sub_idx,base_action_idx,target,type,pct,step,dir,reward,done,gate_ok,deviation_exploded,C1_before,C1_after,A1_before,A1_after
38080,6,380,-1,,,,,,,,,False,False,False,-14.628741264343262,-14.628741264343262,48.76742935180664,48.76742935180664
38080,6,380,0,0,20,A1,pct_button,10,,,57.30321189880372,False,False,False,-14.628741264343262,-16.732208251953125,48.76742935180664,18.358261108398438
38088,6,380,1,0,20,A1,pct_button,10,,,22.68201689720154,False,False,False,-16.732208251953125,-17.479625701904297,18.358261108398438,6.504678249359131
38096,6,380,2,11,39,C1,pct_button,50,,,17.549909915924072,False,False,False,-17.479625701904297,-9.728979110717773,6.504678249359131,5.628949165344238
38104,6,380,3,8,36,C1,pct_button,15,,,2.4134221649169927,False,False,False,-9.728979110717773,-8.432351112365723,5.628949165344238,5.856757164001465
38112,6,380,4,12,40,C1,pct_button,100,,,14.601551666259766,False,False,False,-8.432351112365723,-0.8910956382751465,5.856757164001465,6.16277551651001
38120,6,380,5,4,24,A1,pct_button,100,,,6.968910713195801,False,False,False,-0.8910956382751465,-2.094407558441162,6.16277551651001,1.5060124397277832
38128,6,380,6,7,35,C1,pct_button,10,,,0.19324139833450338,False,False,False,-2.094407558441162,-1.9902703762054443,1.5060124397277832,1.5438703298568726
38136,6,380,7,12,40,C1,pct_button,100,,,6.361427757740021,True,True,False,-1.9902703762054443,4.942953586578369,1.5438703298568726,29.694002151489258
