t,env_id,episode_id,step_in_ep,action_sub_idx,base_action_idx,target,type,pct,step,dir,reward,done,gate_ok,deviation_exploded,C1_before,C1_after,A1_before,A1_after
30920,7,220,-1,,,,,,,,,False,False,False,-1.1689199209213257,-1.1689199209213257,10.925625801086426,10.925625801086426
30920,7,220,0,3,23,A1,pct_button,50,,,7.400358114242556,False,False,False,-1.1689199209213257,-2.360816478729248,10.925625801086426,6.113291263580322
30928,7,220,1,9,37,C1,pct_button,20,,,1.8189653873443612,False,False,False,-2.360816478729248,-1.7637944221496582,6.113291263580322,5.872190475463867
30936,7,220,2,9,37,C1,pct_button,20,,,0.6164277434349061,False,False,False,-1.7637944221496582,-1.3220785856246948,5.872190475463867,6.074659824371338
30944,7,220,3,3,23,A1,pct_button,50,,,1.8348556518554682,False,False,False,-1.3220785856246948,-1.824282169342041,6.074659824371338,4.715425491333008
30952,7,220,4,3,23,A1,pct_button,50,,,6.382518944740296,False,False,False,-1.824282169342041,-1.5370925664901733,4.715425491333008,1.8401278257369995
30960,7,220,5,11,39,C1,pct_button,50,,,8.468552189469339,True,True,False,-1.5370925664901733,0.8370534181594849,1.8401278257369995,9.674915313720703
