t,env_id,episode_id,step_in_ep,action_sub_idx,base_action_idx,target,type,pct,step,dir,reward,done,gate_ok,deviation_exploded,C1_before,C1_after,A1_before,A1_after
4448,3,40,-1,,,,,,,,,False,False,False,-6.333923816680908,-6.333923816680908,31.889934539794922,31.889934539794922
4448,3,40,0,12,40,C1,pct_button,100,,,11.587315419912334,False,False,False,-6.333923816680908,0.8199676871299744,31.889934539794922,31.93276023864746
4456,3,40,1,11,39,C1,pct_button,50,,,1.5198848807811751,False,False,False,0.8199676871299744,0.5934376120567322,31.93276023864746,31.717456817626953
4464,3,40,2,2,22,A1,pct_button,30,,,45.747737455368046,False,False,False,0.5934376120567322,-0.6387107372283936,31.717456817626953,8.888587951660156
4472,3,40,3,1,21,A1,pct_button,20,,,11.175935802459717,False,False,False,-0.6387107372283936,-0.8931589126586914,8.888587951660156,3.0809125900268555
4480,3,40,4,4,24,A1,pct_button,100,,,2.861718971729279,False,False,False,-0.8931589126586914,-1.9925063848495483,3.0809125900268555,0.5713441371917725
4488,3,40,5,8,36,C1,pct_button,15,,,1.102754479646683,False,False,False,-1.9925063848495483,-1.451317548751831,0.5713441371917725,0.5764332413673401
4496,3,40,6,2,22,A1,pct_button,30,,,-0.5576337230205539,False,False,False,-1.451317548751831,-1.4151716232299805,0.5764332413673401,0.9096441864967346
4504,3,40,7,9,37,C1,pct_button,20,,,6.017941957712173,True,True,False,-1.4151716232299805,-15.867003440856934,0.9096441864967346,7.743412494659424
