t,env_id,episode_id,step_in_ep,action_sub_idx,base_action_idx,target,type,pct,step,dir,reward,done,gate_ok,deviation_exploded,C1_before,C1_after,A1_before,A1_after,A2_before,A2_after,B2_before,B2_after,A3_before,A3_after,S3_before,S3_after,C3_before,C3_after
50120,7,650,-1,,,,,,,,,False,False,False,2.5988552570343018,2.5988552570343018,25.411888122558594,25.411888122558594,301.65277099609375,301.65277099609375,397.4482727050781,397.4482727050781,1285.05029296875,1285.05029296875,2953.681396484375,2953.681396484375,-2424.71435546875,-2424.71435546875
50120,7,650,0,3,23,A1,pct_button,50,,,-56.02148675918579,False,False,False,2.5988552570343018,2.5988552570343018,25.411888122558594,25.411888122558594,301.65277099609375,301.65277099609375,397.4482727050781,397.4482727050781,1285.05029296875,1285.05029296875,2953.681396484375,2953.681396484375,-2424.71435546875,-2424.71435546875
50128,7,650,1,2,22,A1,pct_button,30,,,-17.409543931484222,False,False,False,2.5988552570343018,0.4901246726512909,25.411888122558594,8.21464729309082,301.65277099609375,301.65277099609375,397.4482727050781,397.4482727050781,1285.05029296875,1285.05029296875,2953.681396484375,2953.681396484375,-2424.71435546875,-2424.71435546875
50136,7,650,2,12,40,C1,pct_button,100,,,-17.02819812297821,False,False,False,0.4901246726512909,0.6563133597373962,8.21464729309082,7.857785701751709,301.65277099609375,301.65277099609375,397.4482727050781,397.4482727050781,1285.05029296875,1285.05029296875,2953.681396484375,2953.681396484375,-2424.71435546875,-2424.71435546875
50144,7,650,3,1,21,A1,pct_button,20,,,-5.3886546194553375,False,False,False,0.6563133597373962,0.1542195826768875,7.857785701751709,2.5401077270507812,301.65277099609375,301.65277099609375,397.4482727050781,397.4482727050781,1285.05029296875,1285.05029296875,2953.681396484375,2953.681396484375,-2424.71435546875,-2424.71435546875
50152,7,650,4,1,21,A1,pct_button,20,,,3.3131806813180447,True,True,False,0.1542195826768875,17.73978614807129,2.5401077270507812,26.537752151489258,301.65277099609375,247.57667541503906,397.4482727050781,176.1151580810547,1285.05029296875,2614.7998046875,2953.681396484375,1552.3746337890625,-2424.71435546875,-2698.751220703125
