t,env_id,episode_id,step_in_ep,action_sub_idx,base_action_idx,target,type,pct,step,dir,reward,done,gate_ok,deviation_exploded,C1_before,C1_after,A1_before,A1_after,A2_before,A2_after,B2_before,B2_after,A3_before,A3_after,S3_before,S3_after,C3_before,C3_after
36704,1,480,-1,,,,,,,,,False,False,False,-0.3601287305355072,-0.3601287305355072,2.2958171367645264,2.2958171367645264,253.75962829589844,253.75962829589844,187.0496826171875,187.0496826171875,2390.769287109375,2390.769287109375,1788.189697265625,1788.189697265625,-1272.4105224609375,-1272.4105224609375
36704,1,480,0,11,39,C1,pct_button,50,,,-6.648044526576996,False,False,False,-0.3601287305355072,-0.3962506949901581,2.2958171367645264,2.92777156829834,253.75962829589844,253.75962829589844,187.0496826171875,187.0496826171875,2390.769287109375,2390.769287109375,1788.189697265625,1788.189697265625,-1272.4105224609375,-1272.4105224609375
36712,1,480,1,0,20,A1,pct_button,10,,,2.143558621406555,True,True,False,-0.3962506949901581,-2.971541166305542,2.92777156829834,49.012535095214844,253.75962829589844,252.8036346435547,187.0496826171875,398.44769287109375,2390.769287109375,1819.3465576171875,1788.189697265625,2332.91064453125,-1272.4105224609375,-1630.77392578125
