t,env_id,episode_id,step_in_ep,action_sub_idx,base_action_idx,target,type,pct,step,dir,reward,done,gate_ok,deviation_exploded,C1_before,C1_after,A1_before,A1_after,A2_before,A2_after,B2_before,B2_after,A3_before,A3_after,S3_before,S3_after,C3_before,C3_after
6704,4,60,-1,,,,,,,,,False,False,False,2.918327808380127,2.918327808380127,0.86607825756073,0.86607825756073,402.2288818359375,402.2288818359375,155.7803192138672,155.7803192138672,1828.896728515625,1828.896728515625,2611.16015625,2611.16015625,2636.08642578125,2636.08642578125
6704,4,60,0,11,39,C1,pct_button,50,,,2.2002817976474764,False,False,False,2.918327808380127,1.7173945903778076,0.86607825756073,0.9889338612556458,402.2288818359375,402.2288818359375,155.7803192138672,155.7803192138672,1828.896728515625,1828.896728515625,2611.16015625,2611.16015625,2636.08642578125,2636.08642578125
6712,4,60,1,10,38,C1,pct_button,30,,,6.520551793575287,True,True,False,1.7173945903778076,14.098925590515137,0.9889338612556458,35.101314544677734,402.2288818359375,318.0581359863281,155.7803192138672,480.4140319824219,1828.896728515625,2790.83837890625,2611.16015625,1063.257568359375,2636.08642578125,2195.35986328125
