t,env_id,episode_id,step_in_ep,action_sub_idx,base_action_idx,target,type,pct,step,dir,reward,done,gate_ok,deviation_exploded,C1_before,C1_after,A1_before,A1_after,A2_before,A2_after,B2_before,B2_after,A3_before,A3_after,S3_before,S3_after,C3_before,C3_after
15720,7,170,-1,,,,,,,,,False,False,False,2.5059218406677246,2.5059218406677246,5.543618679046631,5.543618679046631,359.8227233886719,359.8227233886719,449.4442443847656,449.4442443847656,2516.02490234375,2516.02490234375,2622.071044921875,2622.071044921875,2808.935302734375,2808.935302734375
15720,7,170,0,3,23,A1,pct_button,50,,,-7.283214330673218,False,False,False,2.5059218406677246,1.8495769500732422,5.543618679046631,1.7920302152633667,359.8227233886719,359.8227233886719,449.4442443847656,449.4442443847656,2516.02490234375,2516.02490234375,2622.071044921875,2622.071044921875,2808.935302734375,2808.935302734375
15728,7,170,1,2,22,A1,pct_button,30,,,-3.9748668670654297,False,False,False,1.8495769500732422,1.4081417322158813,1.7920302152633667,0.5792917013168335,359.8227233886719,359.8227233886719,449.4442443847656,449.4442443847656,2516.02490234375,2516.02490234375,2622.071044921875,2622.071044921875,2808.935302734375,2808.935302734375
15736,7,170,2,3,23,A1,pct_button,50,,,2.7568784654140472,True,True,False,1.4081417322158813,8.653870582580566,0.5792917013168335,35.6009635925293,359.8227233886719,407.57574462890625,449.4442443847656,175.82749938964844,2516.02490234375,1164.3148193359375,2622.071044921875,1316.6566162109375,2808.935302734375,1691.347900390625
