t,env_id,episode_id,step_in_ep,action_sub_idx,base_action_idx,target,type,pct,step,dir,reward,done,gate_ok,deviation_exploded,C1_before,C1_after,A1_before,A1_after
22576,4,220,-1,,,,,,,,,False,False,False,11.035079002380371,11.035079002380371,3.834747791290283,3.834747791290283
22576,4,220,0,12,40,C1,pct_button,100,,,19.771883697509764,False,False,False,11.035079002380371,-1.4656317234039307,3.834747791290283,3.563544988632202
22584,4,220,1,5,33,C1,pct_button,1,,,0.09287353992462123,False,False,False,-1.4656317234039307,-1.4370017051696777,3.563544988632202,3.5910184383392334
22592,4,220,2,2,22,A1,pct_button,30,,,4.8764428567886355,False,False,False,-1.4370017051696777,-1.5506176948547363,3.5910184383392334,1.0602900981903076
22600,4,220,3,1,21,A1,pct_button,20,,,-1.9296882247924805,False,False,False,-1.5506176948547363,-1.5871005058288574,1.0602900981903076,2.0197196006774902
22608,4,220,4,4,24,A1,pct_button,100,,,9.757685012221337,True,True,False,-1.5871005058288574,-18.741558074951172,2.0197196006774902,40.770591735839844
