t,env_id,episode_id,step_in_ep,action_sub_idx,base_action_idx,target,type,pct,step,dir,reward,done,gate_ok,deviation_exploded,C1_before,C1_after,A1_before,A1_after
25632,1,50,-1,,,,,,,,,False,False,False,-0.12493037432432175,-0.12493037432432175,10.89594841003418,10.89594841003418
25632,1,50,0,6,34,C1,pct_button,5,,,-1.1877306336164486,False,False,False,-0.12493037432432175,-0.5886380076408386,10.89594841003418,11.138376235961914
25640,1,50,1,2,22,A1,pct_button,30,,,0.2245402848720539,False,False,False,-0.5886380076408386,-0.5886380076408386,11.138376235961914,11.138376235961914
25648,1,50,2,3,23,A1,pct_button,50,,,3.5283154582977314,False,False,False,-0.5886380076408386,-6.898073673248291,11.138376235961914,3.160367250442505
25656,1,50,3,11,39,C1,pct_button,50,,,20.920732043385506,True,True,False,-6.898073673248291,-18.099571228027344,3.160367250442505,36.04835510253906
