t,env_id,episode_id,step_in_ep,action_sub_idx,base_action_idx,target,type,pct,step,dir,reward,done,gate_ok,deviation_exploded,C1_before,C1_after,A1_before,A1_after
39744,5,380,-1,,,,,,,,,False,False,False,-6.599859237670898,-6.599859237670898,12.373448371887207,12.373448371887207
39744,5,380,0,2,22,A1,pct_button,30,,,15.910541338920593,False,False,False,-6.599859237670898,-7.692797660827637,12.373448371887207,3.4314820766448975
39752,5,380,1,7,35,C1,pct_button,10,,,1.7663873386383047,False,False,False,-7.692797660827637,-7.022615432739258,3.4314820766448975,3.3168654441833496
39760,5,380,2,3,23,A1,pct_button,50,,,4.303171775341033,False,False,False,-7.022615432739258,-7.56770658493042,3.3168654441833496,0.6978439092636108
39768,5,380,3,8,36,C1,pct_button,15,,,1.8138571858406072,False,False,False,-7.56770658493042,-6.621910572052002,0.6978439092636108,0.8059903383255005
39776,5,380,4,0,20,A1,pct_button,10,,,1.090812814235688,False,False,False,-6.621910572052002,-6.512684345245361,0.8059903383255005,0.43427979946136475
39784,5,380,5,12,40,C1,pct_button,100,,,17.801595145761965,True,True,False,-6.512684345245361,0.18401700258255005,0.43427979946136475,42.167320251464844
