t,env_id,episode_id,step_in_ep,action_sub_idx,base_action_idx,target,type,pct,step,dir,reward,done,gate_ok,deviation_exploded,C1_before,C1_after,A1_before,A1_after,A2_before,A2_after,B2_before,B2_after,A3_before,A3_after,S3_before,S3_after,C3_before,C3_after
8288,0,70,-1,,,,,,,,,False,False,False,-1.387729525566101,-1.387729525566101,5.837436199188232,5.837436199188232,393.63714599609375,393.63714599609375,393.0121154785156,393.0121154785156,1872.9603271484375,1872.9603271484375,1769.1016845703125,1769.1016845703125,-1240.2733154296875,-1240.2733154296875
8288,0,70,0,12,40,C1,pct_button,100,,,-11.672667741775513,False,False,False,-1.387729525566101,-1.0540529489517212,5.837436199188232,4.782280921936035,393.63714599609375,393.63714599609375,393.0121154785156,393.0121154785156,1872.9603271484375,1872.9603271484375,1769.1016845703125,1769.1016845703125,-1240.2733154296875,-1240.2733154296875
8296,0,70,1,12,40,C1,pct_button,100,,,-10.993512153625488,False,False,False,-1.0540529489517212,0.6491069793701172,4.782280921936035,4.847649097442627,393.63714599609375,393.63714599609375,393.0121154785156,393.0121154785156,1872.9603271484375,1872.9603271484375,1769.1016845703125,1769.1016845703125,-1240.2733154296875,-1240.2733154296875
8304,0,70,2,9,37,C1,pct_button,20,,,-10.85260796546936,False,False,False,0.6491069793701172,0.8317419290542603,4.847649097442627,4.59456205368042,393.63714599609375,393.63714599609375,393.0121154785156,393.0121154785156,1872.9603271484375,1872.9603271484375,1769.1016845703125,1769.1016845703125,-1240.2733154296875,-1240.2733154296875
8312,0,70,3,0,20,A1,pct_button,10,,,0.6382369995117188,True,True,False,0.8317419290542603,-18.65671157836914,4.59456205368042,8.39684772491455,393.63714599609375,176.8268585205078,393.0121154785156,266.5609130859375,1872.9603271484375,1368.2998046875,1769.1016845703125,2157.627685546875,-1240.2733154296875,2401.586669921875
