t,env_id,episode_id,step_in_ep,action_sub_idx,base_action_idx,target,type,pct,step,dir,reward,done,gate_ok,deviation_exploded,C1_before,C1_after,A1_before,A1_after,A2_before,A2_after,B2_before,B2_after,A3_before,A3_after,S3_before,S3_after,C3_before,C3_after
17696,2,170,-1,,,,,,,,,False,False,False,3.344529390335083,3.344529390335083,2.599970579147339,2.599970579147339,456.6167907714844,456.6167907714844,447.0540466308594,447.0540466308594,2734.8857421875,2734.8857421875,2604.6669921875,2604.6669921875,-2074.11572265625,-2074.11572265625
17696,2,170,0,10,38,C1,pct_button,30,,,3.0923621344566357,False,False,False,3.344529390335083,1.9479788541793823,2.599970579147339,2.4897170066833496,456.6167907714844,456.6167907714844,447.0540466308594,447.0540466308594,2734.8857421875,2734.8857421875,2604.6669921875,2604.6669921875,-2074.11572265625,-2074.11572265625
17704,2,170,1,9,37,C1,pct_button,20,,,1.9905956816673276,False,False,False,1.9479788541793823,1.2503787279129028,2.4897170066833496,2.221740484237671,456.6167907714844,456.6167907714844,447.0540466308594,447.0540466308594,2734.8857421875,2734.8857421875,2604.6669921875,2604.6669921875,-2074.11572265625,-2074.11572265625
17712,2,170,2,7,35,C1,pct_button,10,,,0.1976523232460019,False,False,False,1.2503787279129028,1.2501479387283325,2.221740484237671,2.1521682739257812,456.6167907714844,456.6167907714844,447.0540466308594,447.0540466308594,2734.8857421875,2734.8857421875,2604.6669921875,2604.6669921875,-2074.11572265625,-2074.11572265625
17720,2,170,3,4,24,A1,pct_button,100,,,3.4097201931476597,False,False,False,1.2501479387283325,1.3519611358642578,2.1521682739257812,0.3575904965400696,456.6167907714844,456.6167907714844,447.0540466308594,447.0540466308594,2734.8857421875,2734.8857421875,2604.6669921875,2604.6669921875,-2074.11572265625,-2074.11572265625
17728,2,170,4,10,38,C1,pct_button,30,,,6.258228113055229,True,True,False,1.3519611358642578,14.318134307861328,0.3575904965400696,2.508493423461914,456.6167907714844,486.2557067871094,447.0540466308594,262.34735107421875,2734.8857421875,1914.113525390625,2604.6669921875,1710.597412109375,-2074.11572265625,2922.787109375
