t,env_id,episode_id,step_in_ep,action_sub_idx,base_action_idx,target,type,pct,step,dir,reward,done,gate_ok,deviation_exploded,C1_before,C1_after,A1_before,A1_after,A2_before,A2_after,B2_before,B2_after,A3_before,A3_after,S3_before,S3_after,C3_before,C3_after
28512,1,340,-1,,,,,,,,,False,False,False,8.364049911499023,8.364049911499023,36.21375274658203,36.21375274658203,485.9727783203125,485.9727783203125,441.2220153808594,441.2220153808594,2186.7763671875,2186.7763671875,2219.18505859375,2219.18505859375,-1969.915283203125,-1969.915283203125
28512,1,340,0,3,23,A1,pct_button,50,,,-31.75755023956299,False,False,False,8.364049911499023,4.172317028045654,36.21375274658203,11.70645809173584,485.9727783203125,485.9727783203125,441.2220153808594,441.2220153808594,2186.7763671875,2186.7763671875,2219.18505859375,2219.18505859375,-1969.915283203125,-1969.915283203125
28520,1,340,1,1,21,A1,pct_button,20,,,-15.306456089019775,False,False,False,4.172317028045654,3.8689985275268555,11.70645809173584,3.7842295169830322,485.9727783203125,485.9727783203125,441.2220153808594,441.2220153808594,2186.7763671875,2186.7763671875,2219.18505859375,2219.18505859375,-1969.915283203125,-1969.915283203125
28528,1,340,2,10,38,C1,pct_button,30,,,-12.758988857269287,False,False,False,3.8689985275268555,2.8962748050689697,3.7842295169830322,3.483219623565674,485.9727783203125,485.9727783203125,441.2220153808594,441.2220153808594,2186.7763671875,2186.7763671875,2219.18505859375,2219.18505859375,-1969.915283203125,-1969.915283203125
28536,1,340,3,12,40,C1,pct_button,100,,,-1.889808177947998,True,True,False,2.8962748050689697,12.948461532592773,3.483219623565674,47.9747200012207,485.9727783203125,405.0835876464844,441.2220153808594,380.2306213378906,2186.7763671875,2572.593017578125,2219.18505859375,1185.892578125,-1969.915283203125,-1903.5565185546875
