t,env_id,episode_id,step_in_ep,action_sub_idx,base_action_idx,target,type,pct,step,dir,reward,done,gate_ok,deviation_exploded,C1_before,C1_after,A1_before,A1_after,A2_before,A2_after,B2_before,B2_after,A3_before,A3_after,S3_before,S3_after,C3_before,C3_after
47376,7,660,-1,,,,,,,,,False,False,False,-3.574632167816162,-3.574632167816162,18.80801773071289,18.80801773071289,386.21759033203125,386.21759033203125,102.46403503417969,102.46403503417969,1323.7628173828125,1323.7628173828125,1821.0399169921875,1821.0399169921875,-2502.4697265625,-2502.4697265625
47376,7,660,0,4,24,A1,pct_button,100,,,-27.95701313018799,False,False,False,-3.574632167816162,-7.898626327514648,18.80801773071289,6.079880237579346,386.21759033203125,386.21759033203125,102.46403503417969,102.46403503417969,1323.7628173828125,1323.7628173828125,1821.0399169921875,1821.0399169921875,-2502.4697265625,-2502.4697265625
47384,7,660,1,12,40,C1,pct_button,100,,,-16.268162727355957,False,False,False,-7.898626327514648,-1.6214723587036133,6.079880237579346,6.512609004974365,386.21759033203125,386.21759033203125,102.46403503417969,102.46403503417969,1323.7628173828125,1323.7628173828125,1821.0399169921875,1821.0399169921875,-2502.4697265625,-2502.4697265625
47392,7,660,2,1,21,A1,pct_button,20,,,-8.535172462463379,False,False,False,-1.6214723587036133,-2.162320137023926,6.512609004974365,2.1052660942077637,386.21759033203125,386.21759033203125,102.46403503417969,102.46403503417969,1323.7628173828125,1323.7628173828125,1821.0399169921875,1821.0399169921875,-2502.4697265625,-2502.4697265625
47400,7,660,3,12,40,C1,pct_button,100,,,2.253230482339859,True,True,False,-2.162320137023926,2.464998245239258,2.1052660942077637,36.12544631958008,386.21759033203125,422.2216796875,102.46403503417969,138.00132751464844,1323.7628173828125,1538.0213623046875,1821.0399169921875,1836.364013671875,-2502.4697265625,1080.7354736328125
