t,env_id,episode_id,step_in_ep,action_sub_idx,base_action_idx,target,type,pct,step,dir,reward,done,gate_ok,deviation_exploded,C1_before,C1_after,A1_before,A1_after,A2_before,A2_after,B2_before,B2_after,A3_before,A3_after,S3_before,S3_after,C3_before,C3_after
9240,7,90,-1,,,,,,,,,False,False,False,5.586161136627197,5.586161136627197,16.948240280151367,16.948240280151367,258.8245849609375,258.8245849609375,379.0619201660156,379.0619201660156,2059.56201171875,2059.56201171875,2821.2333984375,2821.2333984375,2084.564453125,2084.564453125
9240,7,90,0,12,40,C1,pct_button,100,,,9.446693129539488,False,False,False,5.586161136627197,1.654050588607788,16.948240280151367,16.331863403320312,258.8245849609375,258.8245849609375,379.0619201660156,379.0619201660156,2059.56201171875,2059.56201171875,2821.2333984375,2821.2333984375,2084.564453125,2084.564453125
9248,7,90,1,9,37,C1,pct_button,20,,,0.3497182798385603,False,False,False,1.654050588607788,1.654050588607788,16.331863403320312,16.331863403320312,258.8245849609375,258.8245849609375,379.0619201660156,379.0619201660156,2059.56201171875,2059.56201171875,2821.2333984375,2821.2333984375,2084.564453125,2084.564453125
9256,7,90,2,6,34,C1,pct_button,5,,,0.68527515888214,False,False,False,1.654050588607788,1.52413010597229,16.331863403320312,16.29231071472168,258.8245849609375,258.8245849609375,379.0619201660156,379.0619201660156,2059.56201171875,2059.56201171875,2821.2333984375,2821.2333984375,2084.564453125,2084.564453125
9264,7,90,3,0,20,A1,pct_button,10,,,18.7575666475296,False,False,False,1.52413010597229,1.2314403057098389,16.29231071472168,7.28639554977417,258.8245849609375,258.8245849609375,379.0619201660156,379.0619201660156,2059.56201171875,2059.56201171875,2821.2333984375,2821.2333984375,2084.564453125,2084.564453125
9272,7,90,4,1,21,A1,pct_button,20,,,20.326080629229544,True,True,False,1.2314403057098389,-17.61232566833496,7.28639554977417,33.936279296875,258.8245849609375,403.6333312988281,379.0619201660156,408.6946105957031,2059.56201171875,2759.382080078125,2821.2333984375,2236.01220703125,2084.564453125,-1789.3565673828125
