t,env_id,episode_id,step_in_ep,action_sub_idx,base_action_idx,target,type,pct,step,dir,reward,done,gate_ok,deviation_exploded,C1_before,C1_after,A1_before,A1_after,A2_before,A2_after,B2_before,B2_after,A3_before,A3_after,S3_before,S3_after,C3_before,C3_after
33672,6,430,-1,,,,,,,,,False,False,False,2.466458559036255,2.466458559036255,43.58934783935547,43.58934783935547,208.23133850097656,208.23133850097656,166.71217346191406,166.71217346191406,1955.539794921875,1955.539794921875,2202.677734375,2202.677734375,-2314.77978515625,-2314.77978515625
33672,6,430,0,1,21,A1,pct_button,20,,,-31.218774795532227,False,False,False,2.466458559036255,1.5186948776245117,43.58934783935547,14.090692520141602,208.23133850097656,208.23133850097656,166.71217346191406,166.71217346191406,1955.539794921875,1955.539794921875,2202.677734375,2202.677734375,-2314.77978515625,-2314.77978515625
33680,6,430,1,6,34,C1,pct_button,5,,,-30.947969913482666,False,False,False,1.5186948776245117,1.4471848011016846,14.090692520141602,14.026800155639648,208.23133850097656,208.23133850097656,166.71217346191406,166.71217346191406,1955.539794921875,1955.539794921875,2202.677734375,2202.677734375,-2314.77978515625,-2314.77978515625
33688,6,430,2,1,21,A1,pct_button,20,,,-10.879236340522766,False,False,False,1.4471848011016846,0.9053149819374084,14.026800155639648,4.534303188323975,208.23133850097656,208.23133850097656,166.71217346191406,166.71217346191406,1955.539794921875,1955.539794921875,2202.677734375,2202.677734375,-2314.77978515625,-2314.77978515625
33696,6,430,3,12,40,C1,pct_button,100,,,-7.349424839019775,False,False,False,0.9053149819374084,0.7820091247558594,4.534303188323975,2.8927032947540283,208.23133850097656,208.23133850097656,166.71217346191406,166.71217346191406,1955.539794921875,1955.539794921875,2202.677734375,2202.677734375,-2314.77978515625,-2314.77978515625
33704,6,430,4,12,40,C1,pct_button,100,,,-0.9200934171676636,True,True,False,0.7820091247558594,-14.035616874694824,2.8927032947540283,8.404529571533203,208.23133850097656,386.0065612792969,166.71217346191406,180.05740356445312,1955.539794921875,1955.2529296875,2202.677734375,1387.54296875,-2314.77978515625,-1521.44091796875
