t,env_id,episode_id,step_in_ep,action_sub_idx,base_action_idx,target,type,pct,step,dir,reward,done,gate_ok,deviation_exploded,C1_before,C1_after,A1_before,A1_after
25088,6,240,-1,,,,,,,,,False,False,False,3.5631182193756104,3.5631182193756104,7.4455952644348145,7.4455952644348145
25088,6,240,0,1,21,A1,pct_button,20,,,11.869789900779724,False,False,False,3.5631182193756104,3.1173009872436523,7.4455952644348145,2.0027177333831787
25096,6,240,1,10,38,C1,pct_button,30,,,0.09240037441253592,False,False,False,3.1173009872436523,3.1173009872436523,2.0027177333831787,2.0027177333831787
25104,6,240,2,0,20,A1,pct_button,10,,,4.29676417067647,False,False,False,3.1173009872436523,2.9460389614105225,2.0027177333831787,0.05056370049715042
25112,6,240,3,8,36,C1,pct_button,15,,,0.5746708673238758,False,False,False,2.9460389614105225,2.3883073329925537,0.05056370049715042,0.3432757258415222
25120,6,240,4,3,23,A1,pct_button,50,,,1.4519373410940168,False,False,False,2.3883073329925537,1.8984274864196777,0.3432757258415222,0.12239512801170349
25128,6,240,5,4,24,A1,pct_button,100,,,6.184544206857681,True,True,False,1.8984274864196777,-16.241947174072266,0.12239512801170349,42.45263671875
