t,env_id,episode_id,step_in_ep,action_sub_idx,base_action_idx,target,type,pct,step,dir,reward,done,gate_ok,deviation_exploded,C1_before,C1_after,A1_before,A1_after,A2_before,A2_after,B2_before,B2_after,A3_before,A3_after,S3_before,S3_after,C3_before,C3_after
39248,1,520,-1,,,,,,,,,False,False,False,-1.244210958480835,-1.244210958480835,16.374183654785156,16.374183654785156,335.1700439453125,335.1700439453125,497.19744873046875,497.19744873046875,1317.725830078125,1317.725830078125,2096.5712890625,2096.5712890625,1275.1533203125,1275.1533203125
39248,1,520,0,1,21,A1,pct_button,20,,,-15.235555171966553,False,False,False,-1.244210958480835,-2.3246586322784424,16.374183654785156,5.293118953704834,335.1700439453125,335.1700439453125,497.19744873046875,497.19744873046875,1317.725830078125,1317.725830078125,2096.5712890625,2096.5712890625,1275.1533203125,1275.1533203125
39256,1,520,1,12,40,C1,pct_button,100,,,-12.992483541369438,False,False,False,-2.3246586322784424,0.08059903234243393,5.293118953704834,6.415642738342285,335.1700439453125,335.1700439453125,497.19744873046875,497.19744873046875,1317.725830078125,1317.725830078125,2096.5712890625,2096.5712890625,1275.1533203125,1275.1533203125
39264,1,520,2,7,35,C1,pct_button,10,,,-12.998026996850967,False,False,False,0.08059903234243393,0.20483453571796417,6.415642738342285,6.2941789627075195,335.1700439453125,335.1700439453125,497.19744873046875,497.19744873046875,1317.725830078125,1317.725830078125,2096.5712890625,2096.5712890625,1275.1533203125,1275.1533203125
39272,1,520,3,12,40,C1,pct_button,100,,,-12.364471066743135,False,False,False,0.20483453571796417,-0.02393370307981968,6.2941789627075195,6.158301830291748,335.1700439453125,335.1700439453125,497.19744873046875,497.19744873046875,1317.725830078125,1317.725830078125,2096.5712890625,2096.5712890625,1275.1533203125,1275.1533203125
39280,1,520,4,3,23,A1,pct_button,50,,,0.36552929878234863,True,True,False,-0.02393370307981968,4.931309223175049,6.158301830291748,35.71934127807617,335.1700439453125,272.3968811035156,497.19744873046875,351.7195129394531,1317.725830078125,1859.875244140625,2096.5712890625,2644.855224609375,1275.1533203125,-881.4337768554688
