t,env_id,episode_id,step_in_ep,action_sub_idx,base_action_idx,target,type,pct,step,dir,reward,done,gate_ok,deviation_exploded,C1_before,C1_after,A1_before,A1_after,A2_before,A2_after,B2_before,B2_after,A3_before,A3_after,S3_before,S3_after,C3_before,C3_after
7024,2,60,-1,,,,,,,,,False,False,False,11.564274787902832,11.564274787902832,28.17920684814453,28.17920684814453,359.4540100097656,359.4540100097656,442.583740234375,442.583740234375,1774.5511474609375,1774.5511474609375,1454.8961181640625,1454.8961181640625,2488.324462890625,2488.324462890625
7024,2,60,0,12,40,C1,pct_button,100,,,-63.869717597961426,False,False,False,11.564274787902832,2.97575044631958,28.17920684814453,28.959108352661133,359.4540100097656,359.4540100097656,442.583740234375,442.583740234375,1774.5511474609375,1774.5511474609375,1454.8961181640625,1454.8961181640625,2488.324462890625,2488.324462890625
7032,2,60,1,0,20,A1,pct_button,10,,,-23.29969596862793,False,False,False,2.97575044631958,2.2885265350341797,28.959108352661133,9.361321449279785,359.4540100097656,359.4540100097656,442.583740234375,442.583740234375,1774.5511474609375,1774.5511474609375,1454.8961181640625,1454.8961181640625,2488.324462890625,2488.324462890625
7040,2,60,2,3,23,A1,pct_button,50,,,-7.661675930023193,False,False,False,2.2885265350341797,0.8046972751617432,9.361321449279785,3.0261406898498535,359.4540100097656,359.4540100097656,442.583740234375,442.583740234375,1774.5511474609375,1774.5511474609375,1454.8961181640625,1454.8961181640625,2488.324462890625,2488.324462890625
7048,2,60,3,2,22,A1,pct_button,30,,,1.2195707559585571,True,True,False,0.8046972751617432,-19.086212158203125,3.0261406898498535,40.450836181640625,359.4540100097656,358.6355895996094,442.583740234375,135.70852661132812,1774.5511474609375,1067.0743408203125,1454.8961181640625,2873.607666015625,2488.324462890625,-2770.044677734375
