t,env_id,episode_id,step_in_ep,action_sub_idx,base_action_idx,target,type,pct,step,dir,reward,done,gate_ok,deviation_exploded,C1_before,C1_after,A1_before,A1_after,A2_before,A2_after,B2_before,B2_after,A3_before,A3_after,S3_before,S3_after,C3_before,C3_after
43320,7,550,-1,,,,,,,,,False,True,False,1.560917854309082,1.560917854309082,7.08555793762207,7.08555793762207,163.27487182617188,163.27487182617188,333.85125732421875,333.85125732421875,2100.444091796875,2100.444091796875,2845.94921875,2845.94921875,-2899.070556640625,-2899.070556640625
43320,7,550,0,2,22,A1,pct_button,30,,,-1.2006821632385254,True,True,False,1.560917854309082,-3.552551031112671,7.08555793762207,44.798580169677734,163.27487182617188,462.6886901855469,333.85125732421875,284.85308837890625,2100.444091796875,1391.88623046875,2845.94921875,1443.2327880859375,-2899.070556640625,2680.536376953125
