t,env_id,episode_id,step_in_ep,action_sub_idx,base_action_idx,target,type,pct,step,dir,reward,done,gate_ok,deviation_exploded,C1_before,C1_after,A1_before,A1_after,A2_before,A2_after,B2_before,B2_after,A3_before,A3_after,S3_before,S3_after,C3_before,C3_after
21688,3,250,-1,,,,,,,,,False,False,False,10.972745895385742,10.972745895385742,13.413060188293457,13.413060188293457,434.1117858886719,434.1117858886719,451.3310546875,451.3310546875,2109.1259765625,2109.1259765625,1088.7083740234375,1088.7083740234375,1260.588623046875,1260.588623046875
21688,3,250,0,4,24,A1,pct_button,100,,,-48.7716121673584,False,False,False,10.972745895385742,10.972745895385742,13.413060188293457,13.413060188293457,434.1117858886719,434.1117858886719,451.3310546875,451.3310546875,2109.1259765625,2109.1259765625,1088.7083740234375,1088.7083740234375,1260.588623046875,1260.588623046875
21696,3,250,1,7,35,C1,pct_button,10,,,-46.80713081359863,False,False,False,10.972745895385742,9.988862991333008,13.413060188293457,13.414702415466309,434.1117858886719,434.1117858886719,451.3310546875,451.3310546875,2109.1259765625,2109.1259765625,1088.7083740234375,1088.7083740234375,1260.588623046875,1260.588623046875
21704,3,250,2,2,22,A1,pct_button,30,,,-26.945244789123535,False,False,False,9.988862991333008,9.136185646057129,13.414702415466309,4.336436748504639,434.1117858886719,434.1117858886719,451.3310546875,451.3310546875,2109.1259765625,2109.1259765625,1088.7083740234375,1088.7083740234375,1260.588623046875,1260.588623046875
21712,3,250,3,1,21,A1,pct_button,20,,,-26.945244789123535,False,False,False,9.136185646057129,9.136185646057129,4.336436748504639,4.336436748504639,434.1117858886719,434.1117858886719,451.3310546875,451.3310546875,2109.1259765625,2109.1259765625,1088.7083740234375,1088.7083740234375,1260.588623046875,1260.588623046875
21720,3,250,4,12,40,C1,pct_button,100,,,0.046290457248687744,True,True,False,9.136185646057129,7.5517578125,4.336436748504639,31.868717193603516,434.1117858886719,199.83363342285156,451.3310546875,269.2950439453125,2109.1259765625,1608.0921630859375,1088.7083740234375,1661.9853515625,1260.588623046875,-820.8411254882812
