t,env_id,episode_id,step_in_ep,action_sub_idx,base_action_idx,target,type,pct,step,dir,reward,done,gate_ok,deviation_exploded,C1_before,C1_after,A1_before,A1_after,A2_before,A2_after,B2_before,B2_after,A3_before,A3_after,S3_before,S3_after,C3_before,C3_after
32664,3,410,-1,,,,,,,,,False,False,False,4.445755958557129,4.445755958557129,28.39052963256836,28.39052963256836,497.9989929199219,497.9989929199219,261.85009765625,261.85009765625,1826.37353515625,1826.37353515625,1512.2850341796875,1512.2850341796875,-2291.7451171875,-2291.7451171875
32664,3,410,0,3,23,A1,pct_button,50,,,-21.361117839813232,False,False,False,4.445755958557129,1.5030362606048584,28.39052963256836,9.177522659301758,497.9989929199219,497.9989929199219,261.85009765625,261.85009765625,1826.37353515625,1826.37353515625,1512.2850341796875,1512.2850341796875,-2291.7451171875,-2291.7451171875
32672,3,410,1,12,40,C1,pct_button,100,,,-23.545486211776733,False,False,False,1.5030362606048584,1.617587924003601,9.177522659301758,10.155155181884766,497.9989929199219,497.9989929199219,261.85009765625,261.85009765625,1826.37353515625,1826.37353515625,1512.2850341796875,1512.2850341796875,-2291.7451171875,-2291.7451171875
32680,3,410,2,2,22,A1,pct_button,30,,,-8.346103429794312,False,False,False,1.617587924003601,0.8902961015701294,10.155155181884766,3.2827556133270264,497.9989929199219,497.9989929199219,261.85009765625,261.85009765625,1826.37353515625,1826.37353515625,1512.2850341796875,1512.2850341796875,-2291.7451171875,-2291.7451171875
32688,3,410,3,11,39,C1,pct_button,50,,,-6.451882988214493,False,False,False,0.8902961015701294,0.056956127285957336,3.2827556133270264,3.168985366821289,497.9989929199219,497.9989929199219,261.85009765625,261.85009765625,1826.37353515625,1826.37353515625,1512.2850341796875,1512.2850341796875,-2291.7451171875,-2291.7451171875
32696,3,410,4,1,21,A1,pct_button,20,,,2.5739404559135437,True,True,False,0.056956127285957336,6.4857258796691895,3.168985366821289,35.34342575073242,497.9989929199219,288.6912536621094,261.85009765625,258.8033447265625,1826.37353515625,1023.1737060546875,1512.2850341796875,1783.5133056640625,-2291.7451171875,1623.017333984375
