t,env_id,episode_id,step_in_ep,action_sub_idx,base_action_idx,target,type,pct,step,dir,reward,done,gate_ok,deviation_exploded,C1_before,C1_after,A1_before,A1_after,A2_before,A2_after,B2_before,B2_after,A3_before,A3_after,S3_before,S3_after,C3_before,C3_after
2256,5,20,-1,,,,,,,,,False,False,False,1.5587471723556519,1.5587471723556519,28.49458885192871,28.49458885192871,377.0318908691406,377.0318908691406,274.161376953125,274.161376953125,2402.030517578125,2402.030517578125,2742.603515625,2742.603515625,845.8768310546875,845.8768310546875
2256,5,20,0,2,22,A1,pct_button,30,,,39.5624436378479,False,False,False,1.5587471723556519,-1.3021550178527832,28.49458885192871,9.0686674118042,377.0318908691406,377.0318908691406,274.161376953125,274.161376953125,2402.030517578125,2402.030517578125,2742.603515625,2742.603515625,845.8768310546875,845.8768310546875
2264,5,20,1,3,23,A1,pct_button,50,,,0.19741644859313978,False,False,False,-1.3021550178527832,-1.3021550178527832,9.0686674118042,9.0686674118042,377.0318908691406,377.0318908691406,274.161376953125,274.161376953125,2402.030517578125,2402.030517578125,2742.603515625,2742.603515625,845.8768310546875,845.8768310546875
2272,5,20,2,3,23,A1,pct_button,50,,,9.579675478935242,False,False,False,-1.3021550178527832,-2.1641621589660645,9.0686674118042,3.4681456089019775,377.0318908691406,377.0318908691406,274.161376953125,274.161376953125,2402.030517578125,2402.030517578125,2742.603515625,2742.603515625,845.8768310546875,845.8768310546875
2280,5,20,3,3,23,A1,pct_button,50,,,5.828610462546349,False,False,False,-2.1641621589660645,-2.43546986579895,3.4681456089019775,0.3049367368221283,377.0318908691406,377.0318908691406,274.161376953125,274.161376953125,2402.030517578125,2402.030517578125,2742.603515625,2742.603515625,845.8768310546875,845.8768310546875
2288,5,20,4,3,23,A1,pct_button,50,,,-1.8271821165084836,False,False,False,-2.43546986579895,-2.295203447341919,0.3049367368221283,1.3906527757644653,377.0318908691406,377.0318908691406,274.161376953125,274.161376953125,2402.030517578125,2402.030517578125,2742.603515625,2742.603515625,845.8768310546875,845.8768310546875
2296,5,20,5,11,39,C1,pct_button,50,,,7.709808778762818,True,True,False,-2.295203447341919,-13.537236213684082,1.3906527757644653,8.491658210754395,377.0318908691406,101.32323455810547,274.161376953125,441.6512145996094,2402.030517578125,1418.6749267578125,2742.603515625,2536.35595703125,845.8768310546875,867.6475219726562
