t,env_id,episode_id,step_in_ep,action_sub_idx,base_action_idx,target,type,pct,step,dir,reward,done,gate_ok,deviation_exploded,C1_before,C1_after,A1_before,A1_after
44416,4,100,-1,,,,,,,,,False,False,False,-0.9730892777442932,-0.9730892777442932,3.703238010406494,3.703238010406494
44416,4,100,0,11,39,C1,pct_button,50,,,-4.968154592514038,False,False,False,-0.9730892777442932,3.2520751953125,3.703238010406494,3.9756062030792236
44424,4,100,1,5,33,C1,pct_button,1,,,0.07904872417449994,False,False,False,3.2520751953125,3.205950975418091,3.9756062030792236,4.049763202667236
44432,4,100,2,3,23,A1,pct_button,50,,,0.3686117792129513,False,False,False,3.205950975418091,1.017009973526001,4.049763202667236,6.120776176452637
44440,4,100,3,1,21,A1,pct_button,20,,,12.31629088640213,True,True,False,1.017009973526001,7.136815547943115,6.120776176452637,16.914216995239258
