t,env_id,episode_id,step_in_ep,action_sub_idx,base_action_idx,target,type,pct,step,dir,reward,done,gate_ok,deviation_exploded,C1_before,C1_after,A1_before,A1_after,A2_before,A2_after,B2_before,B2_after,A3_before,A3_after,S3_before,S3_after,C3_before,C3_after
25880,5,320,-1,,,,,,,,,False,False,False,8.694794654846191,8.694794654846191,33.52790069580078,33.52790069580078,409.34576416015625,409.34576416015625,392.99542236328125,392.99542236328125,2149.93701171875,2149.93701171875,1787.8887939453125,1787.8887939453125,1804.59765625,1804.59765625
25880,5,320,0,12,40,C1,pct_button,100,,,-66.47155022621155,False,False,False,8.694794654846191,0.5903245210647583,33.52790069580078,32.645450592041016,409.34576416015625,409.34576416015625,392.99542236328125,392.99542236328125,2149.93701171875,2149.93701171875,1787.8887939453125,1787.8887939453125,1804.59765625,1804.59765625
25888,5,320,1,0,20,A1,pct_button,10,,,-21.18789342790842,False,False,False,0.5903245210647583,-0.04097868874669075,32.645450592041016,10.55296802520752,409.34576416015625,409.34576416015625,392.99542236328125,392.99542236328125,2149.93701171875,2149.93701171875,1787.8887939453125,1787.8887939453125,1804.59765625,1804.59765625
25896,5,320,2,2,22,A1,pct_button,30,,,-7.799217581748962,False,False,False,-0.04097868874669075,-0.48825639486312866,10.55296802520752,3.4113523960113525,409.34576416015625,409.34576416015625,392.99542236328125,392.99542236328125,2149.93701171875,2149.93701171875,1787.8887939453125,1787.8887939453125,1804.59765625,1804.59765625
25904,5,320,3,0,20,A1,pct_button,10,,,2.0353575944900513,True,True,False,-0.48825639486312866,17.117355346679688,3.4113523960113525,2.89797306060791,409.34576416015625,402.83905029296875,392.99542236328125,357.4407653808594,2149.93701171875,2689.89794921875,1787.8887939453125,1430.48876953125,1804.59765625,-2479.123046875
