t,env_id,episode_id,step_in_ep,action_sub_idx,base_action_idx,target,type,pct,step,dir,reward,done,gate_ok,deviation_exploded,C1_before,C1_after,A1_before,A1_after,A2_before,A2_after,B2_before,B2_after,A3_before,A3_after,S3_before,S3_after,C3_before,C3_after
49912,5,370,-1,,,,,,,,,False,False,False,4.368791580200195,4.368791580200195,15.924960136413574,15.924960136413574,448.03302001953125,448.03302001953125,439.13092041015625,439.13092041015625,1069.79296875,1069.79296875,1317.842529296875,1317.842529296875,-2694.616455078125,-2694.616455078125
49912,5,370,0,7,35,C1,pct_button,10,,,1.3256938171386687,False,False,False,4.368791580200195,3.7436447143554688,15.924960136413574,16.080501556396484,448.03302001953125,448.03302001953125,439.13092041015625,439.13092041015625,1069.79296875,1069.79296875,1317.842529296875,1317.842529296875,-2694.616455078125,-2694.616455078125
49920,5,370,1,12,40,C1,pct_button,100,,,0.3864829254150359,False,False,False,3.7436447143554688,3.7436447143554688,16.080501556396484,16.080501556396484,448.03302001953125,448.03302001953125,439.13092041015625,439.13092041015625,1069.79296875,1069.79296875,1317.842529296875,1317.842529296875,-2694.616455078125,-2694.616455078125
49928,5,370,2,9,37,C1,pct_button,20,,,1.9321168565750122,False,False,False,3.7436447143554688,3.195513963699341,16.080501556396484,15.84800910949707,448.03302001953125,448.03302001953125,439.13092041015625,439.13092041015625,1069.79296875,1069.79296875,1317.842529296875,1317.842529296875,-2694.616455078125,-2694.616455078125
49936,5,370,3,3,23,A1,pct_button,50,,,31.901055729240177,False,False,False,3.195513963699341,0.11191865056753159,15.84800910949707,3.0072684288024902,448.03302001953125,448.03302001953125,439.13092041015625,439.13092041015625,1069.79296875,1069.79296875,1317.842529296875,1317.842529296875,-2694.616455078125,-2694.616455078125
49944,5,370,4,0,20,A1,pct_button,10,,,7.794433142691851,True,True,False,0.11191865056753159,13.847044944763184,3.0072684288024902,36.47732162475586,448.03302001953125,329.7386474609375,439.13092041015625,395.12347412109375,1069.79296875,1802.7066650390625,1317.842529296875,2531.101318359375,-2694.616455078125,-1925.7406005859375
