t,env_id,episode_id,step_in_ep,action_sub_idx,base_action_idx,target,type,pct,step,dir,reward,done,gate_ok,deviation_exploded,C1_before,C1_after,A1_before,A1_after,A2_before,A2_after,B2_before,B2_after,A3_before,A3_after,S3_before,S3_after,C3_before,C3_after
27800,5,350,-1,,,,,,,,,False,False,False,15.144003868103027,15.144003868103027,5.658258438110352,5.658258438110352,485.28619384765625,485.28619384765625,168.30020141601562,168.30020141601562,1345.6754150390625,1345.6754150390625,2098.12353515625,2098.12353515625,2548.602294921875,2548.602294921875
27800,5,350,0,10,38,C1,pct_button,30,,,-33.17471885681152,False,False,False,15.144003868103027,10.793438911437988,5.658258438110352,5.793920516967773,485.28619384765625,485.28619384765625,168.30020141601562,168.30020141601562,1345.6754150390625,1345.6754150390625,2098.12353515625,2098.12353515625,2548.602294921875,2548.602294921875
27808,5,350,1,0,20,A1,pct_button,10,,,-25.373801946640015,False,False,False,10.793438911437988,10.813958168029785,5.793920516967773,1.8729428052902222,485.28619384765625,485.28619384765625,168.30020141601562,168.30020141601562,1345.6754150390625,1345.6754150390625,2098.12353515625,2098.12353515625,2548.602294921875,2548.602294921875
27816,5,350,2,12,40,C1,pct_button,100,,,-6.351619005203247,False,False,False,10.813958168029785,1.5603954792022705,1.8729428052902222,1.615414023399353,485.28619384765625,485.28619384765625,168.30020141601562,168.30020141601562,1345.6754150390625,1345.6754150390625,2098.12353515625,2098.12353515625,2548.602294921875,2548.602294921875
27824,5,350,3,12,40,C1,pct_button,100,,,-8.541996717453003,False,False,False,1.5603954792022705,-0.1817716360092163,1.615414023399353,4.089226722717285,485.28619384765625,485.28619384765625,168.30020141601562,168.30020141601562,1345.6754150390625,1345.6754150390625,2098.12353515625,2098.12353515625,2548.602294921875,2548.602294921875
27832,5,350,4,2,22,A1,pct_button,30,,,1.6760700941085815,True,True,False,-0.1817716360092163,-3.062469720840454,4.089226722717285,42.42304611206055,485.28619384765625,133.76034545898438,168.30020141601562,354.2633972167969,1345.6754150390625,1817.065185546875,2098.12353515625,1860.6531982421875,2548.602294921875,805.0380859375
