t,env_id,episode_id,step_in_ep,action_sub_idx,base_action_idx,target,type,pct,step,dir,reward,done,gate_ok,deviation_exploded,C1_before,C1_after,A1_before,A1_after
24584,2,240,-1,,,,,,,,,False,False,False,-16.450395584106445,-16.450395584106445,33.58393859863281,33.58393859863281
24584,2,240,0,8,36,C1,pct_button,15,,,6.666488666534425,False,False,False,-16.450395584106445,-13.63823413848877,33.58393859863281,33.52953338623047
24592,2,240,1,7,35,C1,pct_button,10,,,3.5961537551879896,False,False,False,-13.63823413848877,-12.140954971313477,33.52953338623047,33.68196487426758
24600,2,240,2,2,22,A1,pct_button,30,,,44.26305717468262,False,False,False,-12.140954971313477,-14.009488105773926,33.68196487426758,9.916159629821777
24608,2,240,3,5,33,C1,pct_button,1,,,0.7663996887207014,False,False,False,-14.009488105773926,-13.86592960357666,9.916159629821777,9.909270286560059
24616,2,240,4,12,40,C1,pct_button,100,,,26.328717491626737,False,False,False,-13.86592960357666,1.4538146257400513,9.909270286560059,9.259156227111816
24624,2,240,5,0,20,A1,pct_button,10,,,15.052115280628206,False,False,False,1.4538146257400513,1.2632594108581543,9.259156227111816,1.9507943391799927
24632,2,240,6,9,37,C1,pct_button,20,,,6.246039261817932,True,True,False,1.2632594108581543,-6.815276145935059,1.9507943391799927,12.901373863220215
