t,env_id,episode_id,step_in_ep,action_sub_idx,base_action_idx,target,type,pct,step,dir,reward,done,gate_ok,deviation_exploded,C1_before,C1_after,A1_before,A1_after
7184,5,70,-1,,,,,,,,,False,False,False,10.500466346740723,10.500466346740723,3.440419912338257,3.440419912338257
7184,5,70,0,12,40,C1,pct_button,100,,,20.83573707640171,False,False,False,10.500466346740723,0.3336745798587799,3.440419912338257,3.219878673553467
7192,5,70,1,11,39,C1,pct_button,50,,,0.506391932666302,False,False,False,0.3336745798587799,0.03032819926738739,3.219878673553467,3.2983155250549316
7200,5,70,2,6,34,C1,pct_button,5,,,0.05657287448644666,False,False,False,0.03032819926738739,0.03032819926738739,3.2983155250549316,3.2983155250549316
7208,5,70,3,4,24,A1,pct_button,100,,,-0.8433173668384548,False,False,False,0.03032819926738739,-1.3798282146453857,3.2983155250549316,2.4033055305480957
7216,5,70,4,6,34,C1,pct_button,5,,,0.17564667701721226,False,False,False,-1.3798282146453857,-1.2959012985229492,2.4033055305480957,2.431684970855713
7224,5,70,5,0,20,A1,pct_button,10,,,2.3646644020080565,False,False,False,-1.2959012985229492,-1.4052510261535645,2.431684970855713,1.1606621742248535
7232,5,70,6,6,34,C1,pct_button,5,,,0.12099899053573605,False,False,False,-1.4052510261535645,-1.3923813104629517,1.1606621742248535,1.133289098739624
7240,5,70,7,8,36,C1,pct_button,15,,,5.471048166751862,True,True,False,-1.3923813104629517,5.429275035858154,1.133289098739624,42.96492385864258
