t,env_id,episode_id,step_in_ep,action_sub_idx,base_action_idx,target,type,pct,step,dir,reward,done,gate_ok,deviation_exploded,C1_before,C1_after,A1_before,A1_after,A2_before,A2_after,B2_before,B2_after,A3_before,A3_after,S3_before,S3_after,C3_before,C3_after
21224,0,230,-1,,,,,,,,,False,False,False,4.9554338455200195,4.9554338455200195,33.970237731933594,33.970237731933594,373.94891357421875,373.94891357421875,451.719970703125,451.719970703125,1294.5848388671875,1294.5848388671875,1928.33935546875,1928.33935546875,2896.95458984375,2896.95458984375
21224,0,230,0,1,21,A1,pct_button,20,,,-25.19266104698181,False,False,False,4.9554338455200195,1.615111231803894,33.970237731933594,10.981219291687012,373.94891357421875,373.94891357421875,451.719970703125,451.719970703125,1294.5848388671875,1294.5848388671875,1928.33935546875,1928.33935546875,2896.95458984375,2896.95458984375
21232,0,230,1,4,24,A1,pct_button,100,,,-8.77082872390747,False,False,False,1.615111231803894,-0.835625410079956,10.981219291687012,3.5497889518737793,373.94891357421875,373.94891357421875,451.719970703125,451.719970703125,1294.5848388671875,1294.5848388671875,1928.33935546875,1928.33935546875,2896.95458984375,2896.95458984375
21240,0,230,2,1,21,A1,pct_button,20,,,1.0787259340286255,True,True,False,-0.835625410079956,2.3542675971984863,3.5497889518737793,26.23941993713379,373.94891357421875,376.8926086425781,451.719970703125,436.80633544921875,1294.5848388671875,2508.21923828125,1928.33935546875,1615.56103515625,2896.95458984375,-1156.7301025390625
