t,env_id,episode_id,step_in_ep,action_sub_idx,base_action_idx,target,type,pct,step,dir,reward,done,gate_ok,deviation_exploded,C1_before,C1_after,A1_before,A1_after,A2_before,A2_after,B2_before,B2_after,A3_before,A3_after,S3_before,S3_after,C3_before,C3_after
47344,3,370,-1,,,,,,,,,False,False,False,0.2899424731731415,0.2899424731731415,22.898258209228516,22.898258209228516,352.320068359375,352.320068359375,232.86492919921875,232.86492919921875,1762.9725341796875,1762.9725341796875,1951.81787109375,1951.81787109375,2262.03857421875,2262.03857421875
47344,3,370,0,0,20,A1,pct_button,10,,,30.58234399437904,False,False,False,0.2899424731731415,-0.4692079424858093,22.898258209228516,7.502538204193115,352.320068359375,352.320068359375,232.86492919921875,232.86492919921875,1762.9725341796875,1762.9725341796875,1951.81787109375,1951.81787109375,2262.03857421875,2262.03857421875
47352,3,370,1,6,34,C1,pct_button,5,,,0.4918960440158846,False,False,False,-0.4692079424858093,-0.2777722477912903,7.502538204193115,7.5210137367248535,352.320068359375,352.320068359375,232.86492919921875,232.86492919921875,1762.9725341796875,1762.9725341796875,1951.81787109375,1951.81787109375,2262.03857421875,2262.03857421875
47360,3,370,2,2,22,A1,pct_button,30,,,5.193544312715531,False,False,False,-0.2777722477912903,-0.8427520394325256,7.5210137367248535,4.40675687789917,352.320068359375,352.320068359375,232.86492919921875,232.86492919921875,1762.9725341796875,1762.9725341796875,1951.81787109375,1951.81787109375,2262.03857421875,2262.03857421875
47368,3,370,3,2,22,A1,pct_button,30,,,9.476667392253876,True,True,False,-0.8427520394325256,-1.5860189199447632,4.40675687789917,19.18128776550293,352.320068359375,352.8596496582031,232.86492919921875,173.6396942138672,1762.9725341796875,2101.83984375,1951.81787109375,2665.320556640625,2262.03857421875,-1478.9842529296875
