t,env_id,episode_id,step_in_ep,action_sub_idx,base_action_idx,target,type,pct,step,dir,reward,done,gate_ok,deviation_exploded,C1_before,C1_after,A1_before,A1_after,A2_before,A2_after,B2_before,B2_after,A3_before,A3_after,S3_before,S3_after,C3_before,C3_after
10712,5,100,-1,,,,,,,,,False,False,False,-9.537613868713379,-9.537613868713379,36.18742370605469,36.18742370605469,196.91351318359375,196.91351318359375,413.2539978027344,413.2539978027344,1544.82275390625,1544.82275390625,1589.9765625,1589.9765625,-2927.228759765625,-2927.228759765625
10712,5,100,0,1,21,A1,pct_button,20,,,-47.45626449584961,False,False,False,-9.537613868713379,-12.03018569946289,36.18742370605469,11.697946548461914,196.91351318359375,196.91351318359375,413.2539978027344,413.2539978027344,1544.82275390625,1544.82275390625,1589.9765625,1589.9765625,-2927.228759765625,-2927.228759765625
10720,5,100,1,3,23,A1,pct_button,50,,,-35.026989459991455,False,False,False,-12.03018569946289,-13.732016563415527,11.697946548461914,3.7814781665802,196.91351318359375,196.91351318359375,413.2539978027344,413.2539978027344,1544.82275390625,1544.82275390625,1589.9765625,1589.9765625,-2927.228759765625,-2927.228759765625
10728,5,100,2,12,40,C1,pct_button,100,,,-35.026989459991455,False,False,False,-13.732016563415527,-13.732016563415527,3.7814781665802,3.7814781665802,196.91351318359375,196.91351318359375,413.2539978027344,413.2539978027344,1544.82275390625,1544.82275390625,1589.9765625,1589.9765625,-2927.228759765625,-2927.228759765625
10736,5,100,3,8,36,C1,pct_button,15,,,-31.275504112243652,False,False,False,-13.732016563415527,-11.773174285888672,3.7814781665802,3.8645777702331543,196.91351318359375,196.91351318359375,413.2539978027344,413.2539978027344,1544.82275390625,1544.82275390625,1589.9765625,1589.9765625,-2927.228759765625,-2927.228759765625
10744,5,100,4,12,40,C1,pct_button,100,,,-13.944765567779541,False,False,False,-11.773174285888672,0.8066833019256592,3.8645777702331543,6.165699481964111,196.91351318359375,196.91351318359375,413.2539978027344,413.2539978027344,1544.82275390625,1544.82275390625,1589.9765625,1589.9765625,-2927.228759765625,-2927.228759765625
10752,5,100,5,2,22,A1,pct_button,30,,,-0.009946465492248535,True,True,False,0.8066833019256592,-11.30098819732666,6.165699481964111,12.119855880737305,196.91351318359375,115.91033172607422,413.2539978027344,458.69635009765625,1544.82275390625,1150.3045654296875,1589.9765625,2541.226806640625,-2927.228759765625,2060.3134765625
