t,env_id,episode_id,step_in_ep,action_sub_idx,base_action_idx,target,type,pct,step,dir,reward,done,gate_ok,deviation_exploded,C1_before,C1_after,A1_before,A1_after
7912,2,70,-1,,,,,,,,,False,False,False,5.603119850158691,5.603119850158691,37.71969985961914,37.71969985961914
7912,2,70,0,2,22,A1,pct_button,30,,,56.04312823295594,False,False,False,5.603119850158691,2.9464774131774902,37.71969985961914,12.50428581237793
7920,2,70,1,9,37,C1,pct_button,20,,,2.1993272209167483,False,False,False,2.9464774131774902,2.1246156692504883,12.50428581237793,12.36639404296875
7928,2,70,2,3,23,A1,pct_button,50,,,0.27982019424438476,False,False,False,2.1246156692504883,2.1246156692504883,12.36639404296875,12.36639404296875
7936,2,70,3,0,20,A1,pct_button,10,,,19.44655289888382,False,False,False,2.1246156692504883,1.8158358335494995,12.36639404296875,2.9950058460235596
7944,2,70,4,10,38,C1,pct_button,30,,,1.6462280917167662,False,False,False,1.8158358335494995,0.9978204965591431,2.9950058460235596,3.025136709213257
7952,2,70,5,1,21,A1,pct_button,20,,,9.886711317300797,True,True,False,0.9978204965591431,1.7630228996276855,3.025136709213257,11.70667839050293
