t,env_id,episode_id,step_in_ep,action_sub_idx,base_action_idx,target,type,pct,step,dir,reward,done,gate_ok,deviation_exploded,C1_before,C1_after,A1_before,A1_after,A2_before,A2_after,B2_before,B2_after,A3_before,A3_after,S3_before,S3_after,C3_before,C3_after
11704,0,100,-1,,,,,,,,,False,False,False,-6.667563438415527,-6.667563438415527,8.159218788146973,8.159218788146973,413.96533203125,413.96533203125,177.66079711914062,177.66079711914062,1490.786376953125,1490.786376953125,2410.30859375,2410.30859375,-1191.83447265625,-1191.83447265625
11704,0,100,0,1,21,A1,pct_button,20,,,10.732189569473269,False,False,False,-6.667563438415527,-6.955086708068848,8.159218788146973,2.5961127281188965,413.96533203125,413.96533203125,177.66079711914062,177.66079711914062,1490.786376953125,1490.786376953125,2410.30859375,2410.30859375,-1191.83447265625,-1191.83447265625
11712,0,100,1,2,22,A1,pct_button,30,,,0.18102398872375658,False,False,False,-6.955086708068848,-6.955086708068848,2.5961127281188965,2.5961127281188965,413.96533203125,413.96533203125,177.66079711914062,177.66079711914062,1490.786376953125,1490.786376953125,2410.30859375,2410.30859375,-1191.83447265625,-1191.83447265625
11720,0,100,2,0,20,A1,pct_button,10,,,3.7622758841514585,False,False,False,-6.955086708068848,-7.072627067565918,2.5961127281188965,0.6698592901229858,413.96533203125,413.96533203125,177.66079711914062,177.66079711914062,1490.786376953125,1490.786376953125,2410.30859375,2410.30859375,-1191.83447265625,-1191.83447265625
11728,0,100,3,5,33,C1,pct_button,1,,,0.31069846749305774,False,False,False,-7.072627067565918,-6.996755123138428,0.6698592901229858,0.6619692444801331,413.96533203125,413.96533203125,177.66079711914062,177.66079711914062,1490.786376953125,1490.786376953125,2410.30859375,2410.30859375,-1191.83447265625,-1191.83447265625
11736,0,100,4,10,38,C1,pct_button,30,,,3.250811334848404,False,False,False,-6.996755123138428,-5.121126174926758,0.6619692444801331,0.9680846333503723,413.96533203125,413.96533203125,177.66079711914062,177.66079711914062,1490.786376953125,1490.786376953125,2410.30859375,2410.30859375,-1191.83447265625,-1191.83447265625
11744,0,100,5,12,40,C1,pct_button,100,,,16.427833681385962,True,True,False,-5.121126174926758,15.222803115844727,0.9680846333503723,1.413819670677185,413.96533203125,157.39138793945312,177.66079711914062,329.2047119140625,1490.786376953125,2803.01904296875,2410.30859375,2278.314453125,-1191.83447265625,1102.431396484375
