t,env_id,episode_id,step_in_ep,action_sub_idx,base_action_idx,target,type,pct,step,dir,reward,done,gate_ok,deviation_exploded,C1_before,C1_after,A1_before,A1_after,A2_before,A2_after,B2_before,B2_after,A3_before,A3_after,S3_before,S3_after,C3_before,C3_after
6480,6,60,-1,,,,,,,,,False,True,False,0.6269423961639404,0.6269423961639404,0.2067093551158905,0.2067093551158905,481.7451171875,481.7451171875,174.92262268066406,174.92262268066406,2067.972412109375,2067.972412109375,2522.60205078125,2522.60205078125,2055.24609375,2055.24609375
6480,6,60,0,12,40,C1,pct_button,100,,,2.670482575893402,True,True,False,0.6269423961639404,6.466891765594482,0.2067093551158905,15.440862655639648,481.7451171875,267.3385314941406,174.92262268066406,312.2189636230469,2067.972412109375,2853.95361328125,2522.60205078125,1839.300048828125,2055.24609375,-1768.362060546875
