t,env_id,episode_id,step_in_ep,action_sub_idx,base_action_idx,target,type,pct,step,dir,reward,done,gate_ok,deviation_exploded,C1_before,C1_after,A1_before,A1_after,A2_before,A2_after,B2_before,B2_after,A3_before,A3_after,S3_before,S3_after,C3_before,C3_after
19968,1,220,-1,,,,,,,,,False,False,False,19.857145309448242,19.857145309448242,7.399919509887695,7.399919509887695,497.47454833984375,497.47454833984375,305.4440612792969,305.4440612792969,2302.327392578125,2302.327392578125,2392.261962890625,2392.261962890625,2832.548583984375,2832.548583984375
19968,1,220,0,12,40,C1,pct_button,100,,,-17.56277847290039,False,False,False,19.857145309448242,-2.057704448699951,7.399919509887695,6.723684787750244,497.47454833984375,497.47454833984375,305.4440612792969,305.4440612792969,2302.327392578125,2302.327392578125,2392.261962890625,2392.261962890625,2832.548583984375,2832.548583984375
19976,1,220,1,12,40,C1,pct_button,100,,,-18.0246262550354,False,False,False,-2.057704448699951,-1.0100290775299072,6.723684787750244,8.002284049987793,497.47454833984375,497.47454833984375,305.4440612792969,305.4440612792969,2302.327392578125,2302.327392578125,2392.261962890625,2392.261962890625,2832.548583984375,2832.548583984375
19984,1,220,2,0,20,A1,pct_button,10,,,-7.759807109832764,False,False,False,-1.0100290775299072,-1.2930850982666016,8.002284049987793,2.5868184566497803,497.47454833984375,497.47454833984375,305.4440612792969,305.4440612792969,2302.327392578125,2302.327392578125,2392.261962890625,2392.261962890625,2832.548583984375,2832.548583984375
19992,1,220,3,9,37,C1,pct_button,20,,,-7.243909597396851,False,False,False,-1.2930850982666016,-1.105207085609436,2.5868184566497803,2.5167477130889893,497.47454833984375,497.47454833984375,305.4440612792969,305.4440612792969,2302.327392578125,2302.327392578125,2392.261962890625,2392.261962890625,2832.548583984375,2832.548583984375
20000,1,220,4,2,22,A1,pct_button,30,,,1.5175648927688599,True,True,False,-1.105207085609436,-16.632671356201172,2.5167477130889893,11.833651542663574,497.47454833984375,317.485595703125,305.4440612792969,468.8125,2302.327392578125,2817.684814453125,2392.261962890625,2416.9521484375,2832.548583984375,1021.2877807617188
