t,env_id,episode_id,step_in_ep,action_sub_idx,base_action_idx,target,type,pct,step,dir,reward,done,gate_ok,deviation_exploded,C1_before,C1_after,A1_before,A1_after,A2_before,A2_after,B2_before,B2_after,A3_before,A3_after,S3_before,S3_after,C3_before,C3_after
51152,5,380,-1,,,,,,,,,False,False,False,3.4123473167419434,3.4123473167419434,24.45676040649414,24.45676040649414,238.7128448486328,238.7128448486328,255.0903778076172,255.0903778076172,1340.6630859375,1340.6630859375,2491.947021484375,2491.947021484375,2002.3245849609375,2002.3245849609375
51152,5,380,0,1,21,A1,pct_button,20,,,36.45527835845947,False,False,False,3.4123473167419434,1.231755256652832,24.45676040649414,8.50205135345459,238.7128448486328,238.7128448486328,255.0903778076172,255.0903778076172,1340.6630859375,1340.6630859375,2491.947021484375,2491.947021484375,2002.3245849609375,2002.3245849609375
51160,5,380,1,3,23,A1,pct_button,50,,,12.984257395267486,False,False,False,1.231755256652832,-0.5977424383163452,8.50205135345459,2.6716291904449463,238.7128448486328,238.7128448486328,255.0903778076172,255.0903778076172,1340.6630859375,1340.6630859375,2491.947021484375,2491.947021484375,2002.3245849609375,2002.3245849609375
51168,5,380,2,2,22,A1,pct_button,30,,,5.803578457832336,True,True,False,-0.5977424383163452,-9.181962013244629,2.6716291904449463,32.08403778076172,238.7128448486328,327.2372741699219,255.0903778076172,259.4831237792969,1340.6630859375,1400.06982421875,2491.947021484375,1995.7371826171875,2002.3245849609375,1157.703369140625
