t,env_id,episode_id,step_in_ep,action_sub_idx,base_action_idx,target,type,pct,step,dir,reward,done,gate_ok,deviation_exploded,C1_before,C1_after,A1_before,A1_after
42496,3,410,-1,,,,,,,,,False,False,False,-8.68486213684082,-8.68486213684082,21.145753860473633,21.145753860473633
42496,3,410,0,0,20,A1,pct_button,10,,,31.740985441207883,False,False,False,-8.68486213684082,-8.982322692871094,21.145753860473633,5.1137614250183105
42504,3,410,1,9,37,C1,pct_button,20,,,3.688513860702516,False,False,False,-8.982322692871094,-7.5887041091918945,5.1137614250183105,4.7818284034729
42512,3,410,2,6,34,C1,pct_button,5,,,0.5625801277160656,False,False,False,-7.5887041091918945,-7.330740928649902,4.7818284034729,4.8755645751953125
42520,3,410,3,0,20,A1,pct_button,10,,,8.15065392613411,False,False,False,-7.330740928649902,-7.6115593910217285,4.8755645751953125,0.5964997410774231
42528,3,410,4,3,23,A1,pct_button,50,,,0.1541611826419833,False,False,False,-7.6115593910217285,-7.6115593910217285,0.5964997410774231,0.5964997410774231
42536,3,410,5,0,20,A1,pct_button,10,,,0.8321631619334224,False,False,False,-7.6115593910217285,-7.695808410644531,0.5964997410774231,0.169825479388237
42544,3,410,6,12,40,C1,pct_button,100,,,17.980302101373674,True,True,False,-7.695808410644531,16.915908813476562,0.169825479388237,45.04457473754883
