t,env_id,episode_id,step_in_ep,action_sub_idx,base_action_idx,target,type,pct,step,dir,reward,done,gate_ok,deviation_exploded,C1_before,C1_after,A1_before,A1_after
30688,5,290,-1,,,,,,,,,False,False,False,0.7361670732498169,0.7361670732498169,24.030790328979492,24.030790328979492
30688,5,290,0,0,20,A1,pct_button,10,,,30.581127726137638,False,False,False,0.7361670732498169,-0.11921586096286774,24.030790328979492,9.447848320007324
30696,5,290,1,3,23,A1,pct_button,50,,,17.20001435160637,True,True,False,-0.11921586096286774,-10.261801719665527,9.447848320007324,1.9140427112579346
