t,env_id,episode_id,step_in_ep,action_sub_idx,base_action_idx,target,type,pct,step,dir,reward,done,gate_ok,deviation_exploded,C1_before,C1_after,A1_before,A1_after
35784,7,90,-1,,,,,,,,,False,False,False,-9.719322204589844,-9.719322204589844,1.4897505044937134,1.4897505044937134
35784,7,90,0,0,20,A1,pct_button,10,,,1.8338742446899425,False,False,False,-9.719322204589844,-7.929020881652832,1.4897505044937134,2.4620251655578613
35792,7,90,1,8,36,C1,pct_button,15,,,2.3745178222656254,False,False,False,-7.929020881652832,-5.170201301574707,2.4620251655578613,4.121502876281738
35800,7,90,2,9,37,C1,pct_button,20,,,10.195463159084321,False,False,False,-5.170201301574707,-2.787893772125244,4.121502876281738,1.4433916807174683
35808,7,90,3,3,23,A1,pct_button,50,,,9.867131642103196,True,True,False,-2.787893772125244,0.4061843156814575,1.4433916807174683,44.64322280883789
