t,env_id,episode_id,step_in_ep,action_sub_idx,base_action_idx,target,type,pct,step,dir,reward,done,gate_ok,deviation_exploded,C1_before,C1_after,A1_before,A1_after
47560,1,460,-1,,,,,,,,,False,False,False,5.104312419891357,5.104312419891357,41.633460998535156,41.633460998535156
47560,1,460,0,1,21,A1,pct_button,20,,,61.59876715660095,False,False,False,5.104312419891357,3.2215352058410645,41.633460998535156,12.872797966003418
47568,1,460,1,2,22,A1,pct_button,30,,,16.64576738834381,False,False,False,3.2215352058410645,2.512037515640259,12.872797966003418,5.332860946655273
47576,1,460,2,1,21,A1,pct_button,20,,,5.74072331905365,False,False,False,2.512037515640259,2.2345871925354004,5.332860946655273,2.785146951675415
47584,1,460,3,3,23,A1,pct_button,50,,,3.913532028198243,False,False,False,2.2345871925354004,1.201361894607544,2.785146951675415,1.8874948024749756
47592,1,460,4,12,40,C1,pct_button,100,,,4.448526568412781,True,True,False,1.201361894607544,7.736959457397461,1.8874948024749756,4.677367687225342
