t,env_id,episode_id,step_in_ep,action_sub_idx,base_action_idx,target,type,pct,step,dir,reward,done,gate_ok,deviation_exploded,C1_before,C1_after,A1_before,A1_after,A2_before,A2_after,B2_before,B2_after,A3_before,A3_after,S3_before,S3_after,C3_before,C3_after
46128,4,340,-1,,,,,,,,,False,False,False,-10.61446475982666,-10.61446475982666,13.930865287780762,13.930865287780762,216.5775909423828,216.5775909423828,399.8572082519531,399.8572082519531,2778.35791015625,2778.35791015625,1119.0511474609375,1119.0511474609375,-1756.160400390625,-1756.160400390625
46128,4,340,0,4,24,A1,pct_button,100,,,14.97134502410889,False,False,False,-10.61446475982666,-13.080007553100586,13.930865287780762,4.146919250488281,216.5775909423828,216.5775909423828,399.8572082519531,399.8572082519531,2778.35791015625,2778.35791015625,1119.0511474609375,1119.0511474609375,-1756.160400390625,-1756.160400390625
46136,4,340,1,12,40,C1,pct_button,100,,,33.899592175483704,True,True,False,-13.080007553100586,-8.653423309326172,4.146919250488281,13.017624855041504,216.5775909423828,235.52029418945312,399.8572082519531,435.16986083984375,2778.35791015625,2023.251220703125,1119.0511474609375,2621.571533203125,-1756.160400390625,-2223.32568359375
