t,env_id,episode_id,step_in_ep,action_sub_idx,base_action_idx,target,type,pct,step,dir,reward,done,gate_ok,deviation_exploded,C1_before,C1_after,A1_before,A1_after
41336,4,420,-1,,,,,,,,,False,False,False,6.623007774353027,6.623007774353027,19.121421813964844,19.121421813964844
41336,4,420,0,1,21,A1,pct_button,20,,,31.987640314102173,False,False,False,6.623007774353027,5.237309455871582,19.121421813964844,4.606740474700928
41344,4,420,1,7,35,C1,pct_button,10,,,1.1718562984466538,False,False,False,5.237309455871582,4.793318748474121,4.606740474700928,4.553268909454346
41352,4,420,2,12,40,C1,pct_button,100,,,7.028663958013057,False,False,False,4.793318748474121,-0.06626974046230316,4.553268909454346,5.819847106933594
41360,4,420,3,10,38,C1,pct_button,30,,,-2.392628730535506,False,False,False,-0.06626974046230316,-0.5043920278549194,5.819847106933594,6.644528388977051
41368,4,420,4,4,24,A1,pct_button,100,,,4.578576922416687,False,False,False,-0.5043920278549194,-0.5793979167938232,6.644528388977051,4.324270725250244
41376,4,420,5,9,37,C1,pct_button,20,,,0.9156749832630167,False,False,False,-0.5793979167938232,-0.3522194027900696,4.324270725250244,4.1334686279296875
41384,4,420,6,0,20,A1,pct_button,10,,,0.07971376061439607,False,False,False,-0.3522194027900696,-0.3522194027900696,4.1334686279296875,4.1334686279296875
41392,4,420,7,0,20,A1,pct_button,10,,,10.520347714424133,True,True,False,-0.3522194027900696,-5.621330261230469,4.1334686279296875,19.570066452026367
