t,env_id,episode_id,step_in_ep,action_sub_idx,base_action_idx,target,type,pct,step,dir,reward,done,gate_ok,deviation_exploded,C1_before,C1_after,A1_before,A1_after,A2_before,A2_after,B2_before,B2_after,A3_before,A3_after,S3_before,S3_after,C3_before,C3_after
17904,4,190,-1,,,,,,,,,False,False,False,5.6633100509643555,5.6633100509643555,47.71826934814453,47.71826934814453,313.68023681640625,313.68023681640625,389.8785400390625,389.8785400390625,2351.28466796875,2351.28466796875,2814.521484375,2814.521484375,1579.3843994140625,1579.3843994140625
17904,4,190,0,1,21,A1,pct_button,20,,,-38.400232791900635,False,False,False,5.6633100509643555,3.7747089862823486,47.71826934814453,15.425407409667969,313.68023681640625,313.68023681640625,389.8785400390625,389.8785400390625,2351.28466796875,2351.28466796875,2814.521484375,2814.521484375,1579.3843994140625,1579.3843994140625
17912,4,190,1,3,23,A1,pct_button,50,,,-15.366339206695557,False,False,False,3.7747089862823486,2.6967523097991943,15.425407409667969,4.986417293548584,313.68023681640625,313.68023681640625,389.8785400390625,389.8785400390625,2351.28466796875,2351.28466796875,2814.521484375,2814.521484375,1579.3843994140625,1579.3843994140625
17920,4,190,2,12,40,C1,pct_button,100,,,-15.366339206695557,False,False,False,2.6967523097991943,2.6967523097991943,4.986417293548584,4.986417293548584,313.68023681640625,313.68023681640625,389.8785400390625,389.8785400390625,2351.28466796875,2351.28466796875,2814.521484375,2814.521484375,1579.3843994140625,1579.3843994140625
17928,4,190,3,12,40,C1,pct_button,100,,,-11.305763483047485,False,False,False,2.6967523097991943,0.8780003786087036,4.986417293548584,4.774881362915039,313.68023681640625,313.68023681640625,389.8785400390625,389.8785400390625,2351.28466796875,2351.28466796875,2814.521484375,2814.521484375,1579.3843994140625,1579.3843994140625
17936,4,190,4,4,24,A1,pct_button,100,,,0.19802677631378174,True,True,False,0.8780003786087036,-9.942756652832031,4.774881362915039,30.230852127075195,313.68023681640625,148.62757873535156,389.8785400390625,184.27423095703125,2351.28466796875,1630.8004150390625,2814.521484375,1197.2825927734375,1579.3843994140625,2254.8447265625
