t,env_id,episode_id,step_in_ep,action_sub_idx,base_action_idx,target,type,pct,step,dir,reward,done,gate_ok,deviation_exploded,C1_before,C1_after,A1_before,A1_after,A2_before,A2_after,B2_before,B2_after,A3_before,A3_after,S3_before,S3_after,C3_before,C3_after
16312,2,140,-1,,,,,,,,,False,False,False,-8.585816383361816,-8.585816383361816,4.120681285858154,4.120681285858154,203.28224182128906,203.28224182128906,100.70756530761719,100.70756530761719,2973.863525390625,2973.863525390625,2327.444091796875,2327.444091796875,2221.503173828125,2221.503173828125
16312,2,140,0,10,38,C1,pct_button,30,,,3.790872440338136,False,False,False,-8.585816383361816,-6.920348167419434,4.120681285858154,3.9948654174804688,203.28224182128906,203.28224182128906,100.70756530761719,100.70756530761719,2973.863525390625,2973.863525390625,2327.444091796875,2327.444091796875,2221.503173828125,2221.503173828125
16320,2,140,1,2,22,A1,pct_button,30,,,3.9892448043823254,False,False,False,-6.920348167419434,-7.009541034698486,3.9948654174804688,1.9961066246032715,203.28224182128906,203.28224182128906,100.70756530761719,100.70756530761719,2973.863525390625,2973.863525390625,2327.444091796875,2327.444091796875,2221.503173828125,2221.503173828125
16328,2,140,2,0,20,A1,pct_button,10,,,0.102160067558289,False,False,False,-7.009541034698486,-7.079308032989502,1.9961066246032715,1.9606592655181885,203.28224182128906,203.28224182128906,100.70756530761719,100.70756530761719,2973.863525390625,2973.863525390625,2327.444091796875,2327.444091796875,2221.503173828125,2221.503173828125
16336,2,140,3,12,40,C1,pct_button,100,,,13.66183626845479,False,False,False,-7.079308032989502,-2.1630940437316895,1.9606592655181885,0.06321824342012405,203.28224182128906,203.28224182128906,100.70756530761719,100.70756530761719,2973.863525390625,2973.863525390625,2327.444091796875,2327.444091796875,2221.503173828125,2221.503173828125
16344,2,140,4,12,40,C1,pct_button,100,,,7.411331999301911,True,True,False,-2.1630940437316895,2.23091983795166,0.06321824342012405,9.79053783416748,203.28224182128906,241.1028594970703,100.70756530761719,305.905517578125,2973.863525390625,2734.03466796875,2327.444091796875,1586.316650390625,2221.503173828125,-2489.812255859375
