t,env_id,episode_id,step_in_ep,action_sub_idx,base_action_idx,target,type,pct,step,dir,reward,done,gate_ok,deviation_exploded,C1_before,C1_after,A1_before,A1_after
24936,5,240,-1,,,,,,,,,False,False,False,-2.1540379524230957,-2.1540379524230957,27.371614456176758,27.371614456176758
24936,5,240,0,1,21,A1,pct_button,20,,,38.203362455368044,False,False,False,-2.1540379524230957,-3.1369309425354004,27.371614456176758,7.387282371520996
24944,5,240,1,2,22,A1,pct_button,30,,,9.365913605690002,False,False,False,-3.1369309425354004,-3.783107280731201,7.387282371520996,2.1121013164520264
24952,5,240,2,11,39,C1,pct_button,50,,,3.5181541061401376,False,False,False,-3.783107280731201,-2.132568359375,2.1121013164520264,2.0402917861938477
24960,5,240,3,4,24,A1,pct_button,100,,,4.290435695052147,False,False,False,-2.132568359375,-1.6323355436325073,2.0402917861938477,0.4107374846935272
24968,5,240,4,10,38,C1,pct_button,30,,,6.013380232453346,True,True,False,-1.6323355436325073,-16.546560287475586,0.4107374846935272,16.056133270263672
