t,env_id,episode_id,step_in_ep,action_sub_idx,base_action_idx,target,type,pct,step,dir,reward,done,gate_ok,deviation_exploded,C1_before,C1_after,A1_before,A1_after,A2_before,A2_after,B2_before,B2_after,A3_before,A3_after,S3_before,S3_after,C3_before,C3_after
22000,6,260,-1,,,,,,,,,False,False,False,15.673446655273438,15.673446655273438,47.36323165893555,47.36323165893555,445.9290771484375,445.9290771484375,292.8518371582031,292.8518371582031,2670.272216796875,2670.272216796875,2404.467041015625,2404.467041015625,-1031.87646484375,-1031.87646484375
22000,6,260,0,1,21,A1,pct_button,20,,,-59.950456619262695,False,False,False,15.673446655273438,14.664589881896973,47.36323165893555,15.310638427734375,445.9290771484375,445.9290771484375,292.8518371582031,292.8518371582031,2670.272216796875,2670.272216796875,2404.467041015625,2404.467041015625,-1031.87646484375,-1031.87646484375
22008,6,260,1,11,39,C1,pct_button,50,,,-38.14614200592041,False,False,False,14.664589881896973,4.114399433135986,15.310638427734375,14.958671569824219,445.9290771484375,445.9290771484375,292.8518371582031,292.8518371582031,2670.272216796875,2670.272216796875,2404.467041015625,2404.467041015625,-1031.87646484375,-1031.87646484375
22016,6,260,2,0,20,A1,pct_button,10,,,-17.5551118850708,False,False,False,4.114399433135986,3.9420156478881836,14.958671569824219,4.835540294647217,445.9290771484375,445.9290771484375,292.8518371582031,292.8518371582031,2670.272216796875,2670.272216796875,2404.467041015625,2404.467041015625,-1031.87646484375,-1031.87646484375
22024,6,260,3,12,40,C1,pct_button,100,,,-8.008458852767944,False,False,False,3.9420156478881836,1.577793002128601,4.835540294647217,2.426436424255371,445.9290771484375,445.9290771484375,292.8518371582031,292.8518371582031,2670.272216796875,2670.272216796875,2404.467041015625,2404.467041015625,-1031.87646484375,-1031.87646484375
22032,6,260,4,3,23,A1,pct_button,50,,,1.8191958665847778,True,True,False,1.577793002128601,2.163994312286377,2.426436424255371,21.600351333618164,445.9290771484375,376.24078369140625,292.8518371582031,188.56504821777344,2670.272216796875,1595.8433837890625,2404.467041015625,2486.156982421875,-1031.87646484375,-1938.4080810546875
