t,env_id,episode_id,step_in_ep,action_sub_idx,base_action_idx,target,type,pct,step,dir,reward,done,gate_ok,deviation_exploded,C1_before,C1_after,A1_before,A1_after,A2_before,A2_after,B2_before,B2_after,A3_before,A3_after,S3_before,S3_after,C3_before,C3_after
7536,7,70,-1,,,,,,,,,False,False,False,5.5314717292785645,5.5314717292785645,20.94979476928711,20.94979476928711,397.7417297363281,397.7417297363281,476.6304626464844,476.6304626464844,1062.620849609375,1062.620849609375,1167.5562744140625,1167.5562744140625,-1902.5419921875,-1902.5419921875
7536,7,70,0,12,40,C1,pct_button,100,,,-42.875484585762024,False,False,False,5.5314717292785645,-0.8632088303565979,20.94979476928711,20.574533462524414,397.7417297363281,397.7417297363281,476.6304626464844,476.6304626464844,1062.620849609375,1062.620849609375,1167.5562744140625,1167.5562744140625,-1902.5419921875,-1902.5419921875
7544,7,70,1,0,20,A1,pct_button,10,,,-15.910885572433472,False,False,False,-0.8632088303565979,-1.3045190572738647,20.574533462524414,6.650923728942871,397.7417297363281,397.7417297363281,476.6304626464844,476.6304626464844,1062.620849609375,1062.620849609375,1167.5562744140625,1167.5562744140625,-1902.5419921875,-1902.5419921875
7552,7,70,2,10,38,C1,pct_button,30,,,-15.127625942230225,False,False,False,-1.3045190572738647,-1.184579610824585,6.650923728942871,6.379233360290527,397.7417297363281,397.7417297363281,476.6304626464844,476.6304626464844,1062.620849609375,1062.620849609375,1167.5562744140625,1167.5562744140625,-1902.5419921875,-1902.5419921875
7560,7,70,3,8,36,C1,pct_button,15,,,-14.203046083450317,False,False,False,-1.184579610824585,-0.7471786737442017,6.379233360290527,6.354344367980957,397.7417297363281,397.7417297363281,476.6304626464844,476.6304626464844,1062.620849609375,1062.620849609375,1167.5562744140625,1167.5562744140625,-1902.5419921875,-1902.5419921875
7568,7,70,4,1,21,A1,pct_button,20,,,-1.4508888721466064,True,True,False,-0.7471786737442017,-18.38823890686035,6.354344367980957,0.1056501716375351,397.7417297363281,491.3764343261719,476.6304626464844,493.8887634277344,1062.620849609375,1215.8287353515625,1167.5562744140625,1935.1767578125,-1902.5419921875,-1629.603759765625
