t,env_id,episode_id,step_in_ep,action_sub_idx,base_action_idx,target,type,pct,step,dir,reward,done,gate_ok,deviation_exploded,C1_before,C1_after,A1_before,A1_after,A2_before,A2_after,B2_before,B2_after,A3_before,A3_after,S3_before,S3_after,C3_before,C3_after
16104,5,170,-1,,,,,,,,,False,False,False,-0.7134789228439331,-0.7134789228439331,19.08123779296875,19.08123779296875,311.5904846191406,311.5904846191406,347.9844665527344,347.9844665527344,2678.802734375,2678.802734375,1864.8807373046875,1864.8807373046875,-2930.261474609375,-2930.261474609375
16104,5,170,0,12,40,C1,pct_button,100,,,-37.27327561378479,False,False,False,-0.7134789228439331,0.5235930681228638,19.08123779296875,18.11304473876953,311.5904846191406,311.5904846191406,347.9844665527344,347.9844665527344,2678.802734375,2678.802734375,1864.8807373046875,1864.8807373046875,-2930.261474609375,-2930.261474609375
16112,5,170,1,3,23,A1,pct_button,50,,,-17.728995323181152,False,False,False,0.5235930681228638,-3.009274959564209,18.11304473876953,5.855222702026367,311.5904846191406,311.5904846191406,347.9844665527344,347.9844665527344,2678.802734375,2678.802734375,1864.8807373046875,1864.8807373046875,-2930.261474609375,-2930.261474609375
16120,5,170,2,12,40,C1,pct_button,100,,,-11.776877403259277,False,False,False,-3.009274959564209,0.7658648490905762,5.855222702026367,5.1225738525390625,311.5904846191406,311.5904846191406,347.9844665527344,347.9844665527344,2678.802734375,2678.802734375,1864.8807373046875,1864.8807373046875,-2930.261474609375,-2930.261474609375
16128,5,170,3,3,23,A1,pct_button,50,,,0.5895305871963501,True,True,False,0.7658648490905762,-2.0251312255859375,5.1225738525390625,1.5476374626159668,311.5904846191406,273.5487976074219,347.9844665527344,496.8315124511719,2678.802734375,1888.34326171875,1864.8807373046875,2556.78515625,-2930.261474609375,1779.91162109375
