t,env_id,episode_id,step_in_ep,action_sub_idx,base_action_idx,target,type,pct,step,dir,reward,done,gate_ok,deviation_exploded,C1_before,C1_after,A1_before,A1_after
40200,3,310,-1,,,,,,,,,False,False,False,9.385273933410645,9.385273933410645,48.34269332885742,48.34269332885742
40200,3,310,0,6,34,C1,pct_button,5,,,2.3360949516296383,False,False,False,9.385273933410645,8.724406242370605,48.34269332885742,48.40177536010742
40208,3,310,1,2,22,A1,pct_button,30,,,25.527503356933597,False,False,False,8.724406242370605,6.294548034667969,48.40177536010742,38.51093673706055
40216,3,310,2,2,22,A1,pct_button,30,,,21.317556457519533,False,False,False,6.294548034667969,4.078975677490234,38.51093673706055,30.407596588134766
40224,3,310,3,4,24,A1,pct_button,100,,,50.486803575754166,False,False,False,4.078975677490234,-0.5624194741249084,30.407596588134766,8.769065856933594
40232,3,310,4,1,21,A1,pct_button,20,,,1.8818999528884903,False,False,False,-0.5624194741249084,-0.9983243942260742,8.769065856933594,7.4719133377075195
40240,3,310,5,4,24,A1,pct_button,100,,,8.400509719848634,False,False,False,-0.9983243942260742,-2.615082263946533,7.4719133377075195,1.692981243133545
40248,3,310,6,1,21,A1,pct_button,20,,,-0.09137971878051786,False,False,False,-2.615082263946533,-2.790104866027832,1.692981243133545,1.6025753021240234
40256,3,310,7,12,40,C1,pct_button,100,,,8.027535526752473,True,True,False,-2.790104866027832,-9.690581321716309,1.6025753021240234,20.32286262512207
