t,env_id,episode_id,step_in_ep,action_sub_idx,base_action_idx,target,type,pct,step,dir,reward,done,gate_ok,deviation_exploded,C1_before,C1_after,A1_before,A1_after,A2_before,A2_after,B2_before,B2_after,A3_before,A3_after,S3_before,S3_after,C3_before,C3_after
23112,7,280,-1,,,,,,,,,False,False,False,-16.62605094909668,-16.62605094909668,6.009513854980469,6.009513854980469,188.28929138183594,188.28929138183594,112.95491027832031,112.95491027832031,2462.250244140625,2462.250244140625,1914.831298828125,1914.831298828125,2790.41015625,2790.41015625
23112,7,280,0,11,39,C1,pct_button,50,,,-45.2711296081543,False,False,False,-16.62605094909668,-16.62605094909668,6.009513854980469,6.009513854980469,188.28929138183594,188.28929138183594,112.95491027832031,112.95491027832031,2462.250244140625,2462.250244140625,1914.831298828125,1914.831298828125,2790.41015625,2790.41015625
23120,7,280,1,11,39,C1,pct_button,50,,,-30.316529273986816,False,False,False,-16.62605094909668,-9.45571231842041,6.009513854980469,5.702552318572998,188.28929138183594,188.28929138183594,112.95491027832031,112.95491027832031,2462.250244140625,2462.250244140625,1914.831298828125,1914.831298828125,2790.41015625,2790.41015625
23128,7,280,2,0,20,A1,pct_button,10,,,-22.71712565422058,False,False,False,-9.45571231842041,-9.515155792236328,5.702552318572998,1.8434070348739624,188.28929138183594,188.28929138183594,112.95491027832031,112.95491027832031,2462.250244140625,2462.250244140625,1914.831298828125,1914.831298828125,2790.41015625,2790.41015625
23136,7,280,3,10,38,C1,pct_button,30,,,-16.47475266456604,False,False,False,-9.515155792236328,-6.799333572387695,1.8434070348739624,1.4380427598953247,188.28929138183594,188.28929138183594,112.95491027832031,112.95491027832031,2462.250244140625,2462.250244140625,1914.831298828125,1914.831298828125,2790.41015625,2790.41015625
23144,7,280,4,12,40,C1,pct_button,100,,,-0.08947628736495972,True,True,False,-6.799333572387695,-17.363487243652344,1.4380427598953247,7.392800331115723,188.28929138183594,246.0985107421875,112.95491027832031,403.0273742675781,2462.250244140625,1788.5518798828125,1914.831298828125,1503.519287109375,2790.41015625,1694.27197265625
