t,env_id,episode_id,step_in_ep,action_sub_idx,base_action_idx,target,type,pct,step,dir,reward,done,gate_ok,deviation_exploded,C1_before,C1_after,A1_before,A1_after,A2_before,A2_after,B2_before,B2_after,A3_before,A3_after,S3_before,S3_after,C3_before,C3_after
23960,5,280,-1,,,,,,,,,False,False,False,19.600074768066406,19.600074768066406,9.889331817626953,9.889331817626953,468.589111328125,468.589111328125,141.12673950195312,141.12673950195312,1870.9656982421875,1870.9656982421875,1456.5654296875,1456.5654296875,-1893.2183837890625,-1893.2183837890625
23960,5,280,0,12,40,C1,pct_button,100,,,-28.369627475738525,False,False,False,19.600074768066406,2.445274591445923,9.889331817626953,11.73953914642334,468.589111328125,468.589111328125,141.12673950195312,141.12673950195312,1870.9656982421875,1870.9656982421875,1456.5654296875,1456.5654296875,-1893.2183837890625,-1893.2183837890625
23968,5,280,1,7,35,C1,pct_button,10,,,-27.33169412612915,False,False,False,2.445274591445923,2.209608316421509,11.73953914642334,11.456238746643066,468.589111328125,468.589111328125,141.12673950195312,141.12673950195312,1870.9656982421875,1870.9656982421875,1456.5654296875,1456.5654296875,-1893.2183837890625,-1893.2183837890625
23976,5,280,2,1,21,A1,pct_button,20,,,-10.650371551513672,False,False,False,2.209608316421509,1.6218421459197998,11.456238746643066,3.703343629837036,468.589111328125,468.589111328125,141.12673950195312,141.12673950195312,1870.9656982421875,1870.9656982421875,1456.5654296875,1456.5654296875,-1893.2183837890625,-1893.2183837890625
23984,5,280,3,3,23,A1,pct_button,50,,,-4.838906764984131,False,False,False,1.6218421459197998,1.2223105430603027,3.703343629837036,1.1971428394317627,468.589111328125,468.589111328125,141.12673950195312,141.12673950195312,1870.9656982421875,1870.9656982421875,1456.5654296875,1456.5654296875,-1893.2183837890625,-1893.2183837890625
23992,5,280,4,12,40,C1,pct_button,100,,,4.067982017993927,True,True,False,1.2223105430603027,-5.555630207061768,1.1971428394317627,20.507535934448242,468.589111328125,232.02357482910156,141.12673950195312,410.33306884765625,1870.9656982421875,1577.923583984375,1456.5654296875,1148.929931640625,-1893.2183837890625,-853.7453002929688
