t,env_id,episode_id,step_in_ep,action_sub_idx,base_action_idx,target,type,pct,step,dir,reward,done,gate_ok,deviation_exploded,C1_before,C1_after,A1_before,A1_after,A2_before,A2_after,B2_before,B2_after,A3_before,A3_after,S3_before,S3_after,C3_before,C3_after
10376,5,100,-1,,,,,,,,,False,False,False,-15.644164085388184,-15.644164085388184,8.080100059509277,8.080100059509277,224.1251678466797,224.1251678466797,480.2815856933594,480.2815856933594,2539.454833984375,2539.454833984375,2626.13427734375,2626.13427734375,-2818.85107421875,-2818.85107421875
10376,5,100,0,12,40,C1,pct_button,100,,,-15.802946209907532,False,False,False,-15.644164085388184,-0.7439156174659729,8.080100059509277,7.157557487487793,224.1251678466797,224.1251678466797,480.2815856933594,480.2815856933594,2539.454833984375,2539.454833984375,2626.13427734375,2626.13427734375,-2818.85107421875,-2818.85107421875
10384,5,100,1,1,21,A1,pct_button,20,,,-1.2479381561279297,True,True,False,-0.7439156174659729,17.37013816833496,7.157557487487793,7.429088115692139,224.1251678466797,120.7699203491211,480.2815856933594,122.53976440429688,2539.454833984375,1171.28369140625,2626.13427734375,2162.634765625,-2818.85107421875,-1682.90576171875
