t,env_id,episode_id,step_in_ep,action_sub_idx,base_action_idx,target,type,pct,step,dir,reward,done,gate_ok,deviation_exploded,C1_before,C1_after,A1_before,A1_after,A2_before,A2_after,B2_before,B2_after,A3_before,A3_after,S3_before,S3_after,C3_before,C3_after
14184,0,130,-1,,,,,,,,,False,False,False,-0.19627004861831665,-0.19627004861831665,11.443916320800781,11.443916320800781,417.5708312988281,417.5708312988281,363.06622314453125,363.06622314453125,1204.0025634765625,1204.0025634765625,1592.37353515625,1592.37353515625,-1904.2626953125,-1904.2626953125
14184,0,130,0,0,20,A1,pct_button,10,,,15.141239539384841,False,False,False,-0.19627004861831665,-0.40626245737075806,11.443916320800781,3.6993603706359863,417.5708312988281,417.5708312988281,363.06622314453125,363.06622314453125,1204.0025634765625,1204.0025634765625,1592.37353515625,1592.37353515625,-1904.2626953125,-1904.2626953125
14192,0,130,1,3,23,A1,pct_button,50,,,10.059640626907349,True,True,False,-0.40626245737075806,16.37040901184082,3.6993603706359863,23.825716018676758,417.5708312988281,228.2626953125,363.06622314453125,138.36009216308594,1204.0025634765625,1665.5380859375,1592.37353515625,2317.398681640625,-1904.2626953125,1659.7896728515625
