t,env_id,episode_id,step_in_ep,action_sub_idx,base_action_idx,target,type,pct,step,dir,reward,done,gate_ok,deviation_exploded,C1_before,C1_after,A1_before,A1_after
46704,6,470,-1,,,,,,,,,False,False,False,19.001148223876953,19.001148223876953,5.445997714996338,5.445997714996338
46704,6,470,0,11,39,C1,pct_button,50,,,24.958853483200073,False,False,False,19.001148223876953,6.290263652801514,5.445997714996338,5.793291091918945
46712,6,470,1,10,38,C1,pct_button,30,,,3.6354503822326674,False,False,False,6.290263652801514,4.501408100128174,5.793291091918945,5.86306619644165
46720,6,470,2,9,37,C1,pct_button,20,,,1.4702451562881487,False,False,False,4.501408100128174,3.7360928058624268,5.86306619644165,5.985474586486816
46728,6,470,3,2,22,A1,pct_button,30,,,10.035980095863342,False,False,False,3.7360928058624268,3.1625118255615234,5.985474586486816,1.5835258960723877
46736,6,470,4,12,40,C1,pct_button,100,,,10.130236576199533,True,True,False,3.1625118255615234,-16.488544464111328,1.5835258960723877,38.51847457885742
