t,env_id,episode_id,step_in_ep,action_sub_idx,base_action_idx,target,type,pct,step,dir,reward,done,gate_ok,deviation_exploded,C1_before,C1_after,A1_before,A1_after
21696,2,210,-1,,,,,,,,,False,False,False,12.840483665466309,12.840483665466309,1.1539210081100464,1.1539210081100464
21696,2,210,0,3,23,A1,pct_button,50,,,0.2698880934715271,False,False,False,12.840483665466309,12.840483665466309,1.1539210081100464,1.1539210081100464
21704,2,210,1,9,37,C1,pct_button,20,,,0.2698880934715271,False,False,False,12.840483665466309,12.840483665466309,1.1539210081100464,1.1539210081100464
21712,2,210,2,4,24,A1,pct_button,100,,,0.74112285256386,False,False,False,12.840483665466309,13.078441619873047,1.1539210081100464,0.6779657006263733
21720,2,210,3,5,33,C1,pct_button,1,,,0.5141830229759223,False,False,False,13.078441619873047,12.96065902709961,0.6779657006263733,0.669963002204895
21728,2,210,4,4,24,A1,pct_button,100,,,2.797264844849705,False,False,False,12.96065902709961,12.342384338378906,0.669963002204895,0.00811021402478218
21736,2,210,5,1,21,A1,pct_button,20,,,-2.69555779069662,False,False,False,12.342384338378906,12.623260498046875,0.00811021402478218,1.2083288431167603
21744,2,210,6,12,40,C1,pct_button,100,,,19.748213129043577,False,False,False,12.623260498046875,2.7333812713623047,1.2083288431167603,1.2590255737304688
21752,2,210,7,4,24,A1,pct_button,100,,,7.798805860877037,True,True,False,2.7333812713623047,-13.836767196655273,1.2590255737304688,25.06336212158203
