t,env_id,episode_id,step_in_ep,action_sub_idx,base_action_idx,target,type,pct,step,dir,reward,done,gate_ok,deviation_exploded,C1_before,C1_after,A1_before,A1_after,A2_before,A2_after,B2_before,B2_after,A3_before,A3_after,S3_before,S3_after,C3_before,C3_after
45072,5,620,-1,,,,,,,,,False,False,False,0.4313918948173523,0.4313918948173523,8.878700256347656,8.878700256347656,350.1809387207031,350.1809387207031,258.32763671875,258.32763671875,2394.283203125,2394.283203125,2716.687744140625,2716.687744140625,-951.5147705078125,-951.5147705078125
45072,5,620,0,11,39,C1,pct_button,50,,,-18.620184302330017,False,False,False,0.4313918948173523,0.4313918948173523,8.878700256347656,8.878700256347656,350.1809387207031,350.1809387207031,258.32763671875,258.32763671875,2394.283203125,2394.283203125,2716.687744140625,2716.687744140625,-951.5147705078125,-951.5147705078125
45080,5,620,1,1,21,A1,pct_button,20,,,-6.2416746616363525,False,False,False,0.4313918948173523,-0.2507086992263794,8.878700256347656,2.870128631591797,350.1809387207031,350.1809387207031,258.32763671875,258.32763671875,2394.283203125,2394.283203125,2716.687744140625,2716.687744140625,-951.5147705078125,-951.5147705078125
45088,5,620,2,0,20,A1,pct_button,10,,,2.4713878631591797,True,True,False,-0.2507086992263794,4.625967025756836,2.870128631591797,27.839632034301758,350.1809387207031,257.49609375,258.32763671875,457.86102294921875,2394.283203125,1526.6993408203125,2716.687744140625,1755.2811279296875,-951.5147705078125,879.54638671875
