t,env_id,episode_id,step_in_ep,action_sub_idx,base_action_idx,target,type,pct,step,dir,reward,done,gate_ok,deviation_exploded,C1_before,C1_after,A1_before,A1_after,A2_before,A2_after,B2_before,B2_after,A3_before,A3_after,S3_before,S3_after,C3_before,C3_after
10976,6,100,-1,,,,,,,,,False,False,False,19.59164810180664,19.59164810180664,0.2699214816093445,0.2699214816093445,245.6957244873047,245.6957244873047,237.74339294433594,237.74339294433594,1230.0799560546875,1230.0799560546875,1336.237548828125,1336.237548828125,2102.939208984375,2102.939208984375
10976,6,100,0,6,34,C1,pct_button,5,,,2.4292618203163183,False,False,False,19.59164810180664,18.66693687438965,0.2699214816093445,0.16330420970916748,245.6957244873047,245.6957244873047,237.74339294433594,237.74339294433594,1230.0799560546875,1230.0799560546875,1336.237548828125,1336.237548828125,2102.939208984375,2102.939208984375
10984,6,100,1,2,22,A1,pct_button,30,,,-0.4362252151966095,False,False,False,18.66693687438965,18.316495895385742,0.16330420970916748,0.9192149043083191,245.6957244873047,245.6957244873047,237.74339294433594,237.74339294433594,1230.0799560546875,1230.0799560546875,1336.237548828125,1336.237548828125,2102.939208984375,2102.939208984375
10992,6,100,2,2,22,A1,pct_button,30,,,1.2648860657215104,False,False,False,18.316495895385742,18.278345108032227,0.9192149043083191,0.5077839493751526,245.6957244873047,245.6957244873047,237.74339294433594,237.74339294433594,1230.0799560546875,1230.0799560546875,1336.237548828125,1336.237548828125,2102.939208984375,2102.939208984375
11000,6,100,3,9,37,C1,pct_button,20,,,7.177116124629974,False,False,False,18.278345108032227,14.528642654418945,0.5077839493751526,0.817388653755188,245.6957244873047,245.6957244873047,237.74339294433594,237.74339294433594,1230.0799560546875,1230.0799560546875,1336.237548828125,1336.237548828125,2102.939208984375,2102.939208984375
11008,6,100,4,12,40,C1,pct_button,100,,,35.56590233914554,True,True,False,14.528642654418945,-8.582439422607422,0.817388653755188,9.941904067993164,245.6957244873047,326.7180480957031,237.74339294433594,453.47552490234375,1230.0799560546875,2469.956298828125,1336.237548828125,1176.5655517578125,2102.939208984375,-2667.628173828125
