t,env_id,episode_id,step_in_ep,action_sub_idx,base_action_idx,target,type,pct,step,dir,reward,done,gate_ok,deviation_exploded,C1_before,C1_after,A1_before,A1_after
41752,7,310,-1,,,,,,,,,False,False,False,5.75765323638916,5.75765323638916,26.268089294433594,26.268089294433594
41752,7,310,0,4,24,A1,pct_button,100,,,49.26732881307602,False,False,False,5.75765323638916,0.9176133871078491,26.268089294433594,6.544081687927246
41760,7,310,1,3,23,A1,pct_button,50,,,6.916131224930287,False,False,False,0.9176133871078491,0.14649923145771027,6.544081687927246,3.8925204277038574
41768,7,310,2,7,35,C1,pct_button,10,,,-0.08570745915174548,False,False,False,0.14649923145771027,0.1983344703912735,3.8925204277038574,3.9197194576263428
41776,7,310,3,4,24,A1,pct_button,100,,,11.964016007930041,True,True,False,0.1983344703912735,7.954740524291992,3.9197194576263428,31.874095916748047
