t,env_id,episode_id,step_in_ep,action_sub_idx,base_action_idx,target,type,pct,step,dir,reward,done,gate_ok,deviation_exploded,C1_before,C1_after,A1_before,A1_after,A2_before,A2_after,B2_before,B2_after,A3_before,A3_after,S3_before,S3_after,C3_before,C3_after
45224,7,380,-1,,,,,,,,,False,False,False,3.38535213470459,3.38535213470459,40.255409240722656,40.255409240722656,496.9678039550781,496.9678039550781,442.943603515625,442.943603515625,2102.509521484375,2102.509521484375,1888.7398681640625,1888.7398681640625,1075.22509765625,1075.22509765625
45224,7,380,0,12,40,C1,pct_button,100,,,0.8628152275085392,False,False,False,3.38535213470459,3.38535213470459,40.255409240722656,40.255409240722656,496.9678039550781,496.9678039550781,442.943603515625,442.943603515625,2102.509521484375,2102.509521484375,1888.7398681640625,1888.7398681640625,1075.22509765625,1075.22509765625
45232,7,380,1,1,21,A1,pct_button,20,,,58.67832118391991,False,False,False,3.38535213470459,-0.27818530797958374,40.255409240722656,14.162825584411621,496.9678039550781,496.9678039550781,442.943603515625,442.943603515625,2102.509521484375,2102.509521484375,1888.7398681640625,1888.7398681640625,1075.22509765625,1075.22509765625
45240,7,380,2,0,20,A1,pct_button,10,,,16.054659932851788,False,False,False,-0.27818530797958374,-0.7365352511405945,14.162825584411621,5.736879825592041,496.9678039550781,496.9678039550781,442.943603515625,442.943603515625,2102.509521484375,2102.509521484375,1888.7398681640625,1888.7398681640625,1075.22509765625,1075.22509765625
45248,7,380,3,3,23,A1,pct_button,50,,,10.90794944524765,True,True,False,-0.7365352511405945,8.587634086608887,5.736879825592041,38.38923263549805,496.9678039550781,139.38450622558594,442.943603515625,212.95980834960938,2102.509521484375,2049.9560546875,1888.7398681640625,2302.854736328125,1075.22509765625,2823.142578125
