t,env_id,episode_id,step_in_ep,action_sub_idx,base_action_idx,target,type,pct,step,dir,reward,done,gate_ok,deviation_exploded,C1_before,C1_after,A1_before,A1_after,A2_before,A2_after,B2_before,B2_after,A3_before,A3_after,S3_before,S3_after,C3_before,C3_after
33896,3,430,-1,,,,,,,,,False,False,False,-19.139877319335938,-19.139877319335938,14.481335639953613,14.481335639953613,213.44137573242188,213.44137573242188,254.66021728515625,254.66021728515625,2413.3330078125,2413.3330078125,1151.9969482421875,1151.9969482421875,-2615.673828125,-2615.673828125
33896,3,430,0,2,22,A1,pct_button,30,,,-49.175435066223145,False,False,False,-19.139877319335938,-19.90648078918457,14.481335639953613,4.681236743927002,213.44137573242188,213.44137573242188,254.66021728515625,254.66021728515625,2413.3330078125,2413.3330078125,1151.9969482421875,1151.9969482421875,-2615.673828125,-2615.673828125
33904,3,430,1,2,22,A1,pct_button,30,,,-43.42216205596924,False,False,False,-19.90648078918457,-20.197824478149414,4.681236743927002,1.513256549835205,213.44137573242188,213.44137573242188,254.66021728515625,254.66021728515625,2413.3330078125,2413.3330078125,1151.9969482421875,1151.9969482421875,-2615.673828125,-2615.673828125
33912,3,430,2,12,40,C1,pct_button,100,,,-18.876102924346924,False,False,False,-20.197824478149414,-6.9615864753723145,1.513256549835205,2.4764649868011475,213.44137573242188,213.44137573242188,254.66021728515625,254.66021728515625,2413.3330078125,2413.3330078125,1151.9969482421875,1151.9969482421875,-2615.673828125,-2615.673828125
33920,3,430,3,12,40,C1,pct_button,100,,,-9.4862060546875,False,False,False,-6.9615864753723145,-2.142181873321533,2.4764649868011475,2.600921154022217,213.44137573242188,213.44137573242188,254.66021728515625,254.66021728515625,2413.3330078125,2413.3330078125,1151.9969482421875,1151.9969482421875,-2615.673828125,-2615.673828125
33928,3,430,4,11,39,C1,pct_button,50,,,-0.40484392642974854,True,True,False,-2.142181873321533,-3.6914148330688477,2.600921154022217,45.06552505493164,213.44137573242188,340.41705322265625,254.66021728515625,172.54005432128906,2413.3330078125,1210.904296875,1151.9969482421875,2526.454345703125,-2615.673828125,2135.4365234375
