t,env_id,episode_id,step_in_ep,action_sub_idx,base_action_idx,target,type,pct,step,dir,reward,done,gate_ok,deviation_exploded,C1_before,C1_after,A1_before,A1_after,A2_before,A2_after,B2_before,B2_after,A3_before,A3_after,S3_before,S3_after,C3_before,C3_after
30992,3,390,-1,,,,,,,,,False,False,False,-4.396027088165283,-4.396027088165283,3.7864022254943848,3.7864022254943848,453.5320129394531,453.5320129394531,160.54852294921875,160.54852294921875,1601.535400390625,1601.535400390625,1962.984130859375,1962.984130859375,-2562.446533203125,-2562.446533203125
30992,3,390,0,12,40,C1,pct_button,100,,,-8.406926393508911,False,False,False,-4.396027088165283,-0.5747276544570923,3.7864022254943848,3.6287355422973633,453.5320129394531,453.5320129394531,160.54852294921875,160.54852294921875,1601.535400390625,1601.535400390625,1962.984130859375,1962.984130859375,-2562.446533203125,-2562.446533203125
31000,3,390,1,0,20,A1,pct_button,10,,,1.6806641221046448,True,True,False,-0.5747276544570923,8.186410903930664,3.6287355422973633,0.5835024118423462,453.5320129394531,374.484375,160.54852294921875,310.99371337890625,1601.535400390625,2522.222900390625,1962.984130859375,2022.1676025390625,-2562.446533203125,-1788.03271484375
