t,env_id,episode_id,step_in_ep,action_sub_idx,base_action_idx,target,type,pct,step,dir,reward,done,gate_ok,deviation_exploded,C1_before,C1_after,A1_before,A1_after,A2_before,A2_after,B2_before,B2_after,A3_before,A3_after,S3_before,S3_after,C3_before,C3_after
50480,5,710,-1,,,,,,,,,False,False,False,1.8006412982940674,1.8006412982940674,6.258475303649902,6.258475303649902,240.6180877685547,240.6180877685547,228.79379272460938,228.79379272460938,2646.732421875,2646.732421875,1235.4566650390625,1235.4566650390625,-1829.3101806640625,-1829.3101806640625
50480,5,710,0,2,22,A1,pct_button,30,,,-6.870197296142578,False,False,False,1.8006412982940674,1.4119839668273926,6.258475303649902,2.0231146812438965,240.6180877685547,240.6180877685547,228.79379272460938,228.79379272460938,2646.732421875,2646.732421875,1235.4566650390625,1235.4566650390625,-1829.3101806640625,-1829.3101806640625
50488,5,710,1,12,40,C1,pct_button,100,,,-5.597811937332153,False,False,False,1.4119839668273926,0.2176429033279419,2.0231146812438965,2.5812630653381348,240.6180877685547,240.6180877685547,228.79379272460938,228.79379272460938,2646.732421875,2646.732421875,1235.4566650390625,1235.4566650390625,-1829.3101806640625,-1829.3101806640625
50496,5,710,2,12,40,C1,pct_button,100,,,1.5050023794174194,True,True,False,0.2176429033279419,3.789565324783325,2.5812630653381348,3.1082167625427246,240.6180877685547,130.29177856445312,228.79379272460938,470.8273010253906,2646.732421875,1158.0667724609375,1235.4566650390625,1017.0289306640625,-1829.3101806640625,-1719.0169677734375
