t,env_id,episode_id,step_in_ep,action_sub_idx,base_action_idx,target,type,pct,step,dir,reward,done,gate_ok,deviation_exploded,C1_before,C1_after,A1_before,A1_after,A2_before,A2_after,B2_before,B2_after,A3_before,A3_after,S3_before,S3_after,C3_before,C3_after
49192,6,390,-1,,,,,,,,,False,False,False,11.550039291381836,11.550039291381836,15.577391624450684,15.577391624450684,440.2440185546875,440.2440185546875,210.8690643310547,210.8690643310547,2024.861328125,2024.861328125,1089.158447265625,1089.158447265625,1730.6324462890625,1730.6324462890625
49192,6,390,0,5,33,C1,pct_button,1,,,0.5325486183166512,False,False,False,11.550039291381836,11.550039291381836,15.577391624450684,15.577391624450684,440.2440185546875,440.2440185546875,210.8690643310547,210.8690643310547,2024.861328125,2024.861328125,1089.158447265625,1089.158447265625,1730.6324462890625,1730.6324462890625
49200,6,390,1,0,20,A1,pct_button,10,,,18.5821751499176,False,False,False,11.550039291381836,11.243318557739258,15.577391624450684,6.768139362335205,440.2440185546875,440.2440185546875,210.8690643310547,210.8690643310547,2024.861328125,2024.861328125,1089.158447265625,1089.158447265625,1730.6324462890625,1730.6324462890625
49208,6,390,2,2,22,A1,pct_button,30,,,12.573467540740966,False,False,False,11.243318557739258,10.431408882141113,6.768139362335205,1.4066963195800781,440.2440185546875,440.2440185546875,210.8690643310547,210.8690643310547,2024.861328125,2024.861328125,1089.158447265625,1089.158447265625,1730.6324462890625,1730.6324462890625
49216,6,390,3,6,34,C1,pct_button,5,,,1.1877572536468521,False,False,False,10.431408882141113,9.93708610534668,1.4066963195800781,1.41566801071167,440.2440185546875,440.2440185546875,210.8690643310547,210.8690643310547,2024.861328125,2024.861328125,1089.158447265625,1089.158447265625,1730.6324462890625,1730.6324462890625
49224,6,390,4,12,40,C1,pct_button,100,,,25.728640625178812,True,True,False,9.93708610534668,13.193827629089355,1.41566801071167,4.948091983795166,440.2440185546875,219.8979949951172,210.8690643310547,301.5965270996094,2024.861328125,1500.919677734375,1089.158447265625,1601.6712646484375,1730.6324462890625,-1599.0416259765625
