t,env_id,episode_id,step_in_ep,action_sub_idx,base_action_idx,target,type,pct,step,dir,reward,done,gate_ok,deviation_exploded,C1_before,C1_after,A1_before,A1_after,A2_before,A2_after,B2_before,B2_after,A3_before,A3_after,S3_before,S3_after,C3_before,C3_after
48032,7,670,-1,,,,,,,,,False,False,False,13.18635368347168,13.18635368347168,12.371891975402832,12.371891975402832,484.8660888671875,484.8660888671875,462.0138244628906,462.0138244628906,2029.5269775390625,2029.5269775390625,2280.039306640625,2280.039306640625,1749.529541015625,1749.529541015625
48032,7,670,0,0,20,A1,pct_button,10,,,-34.229121685028076,False,False,False,13.18635368347168,13.115222930908203,12.371891975402832,3.999337911605835,484.8660888671875,484.8660888671875,462.0138244628906,462.0138244628906,2029.5269775390625,2029.5269775390625,2280.039306640625,2280.039306640625,1749.529541015625,1749.529541015625
48040,7,670,1,12,40,C1,pct_button,100,,,-19.50817108154297,False,False,False,13.115222930908203,-6.5409255027771,3.999337911605835,3.2131600379943848,484.8660888671875,484.8660888671875,462.0138244628906,462.0138244628906,2029.5269775390625,2029.5269775390625,2280.039306640625,2280.039306640625,1749.529541015625,1749.529541015625
48048,7,670,2,11,39,C1,pct_button,50,,,-10.317142009735107,False,False,False,-6.5409255027771,-1.7494637966156006,3.2131600379943848,3.409107208251953,484.8660888671875,484.8660888671875,462.0138244628906,462.0138244628906,2029.5269775390625,2029.5269775390625,2280.039306640625,2280.039306640625,1749.529541015625,1749.529541015625
48056,7,670,3,12,40,C1,pct_button,100,,,-9.66522067785263,False,False,False,-1.7494637966156006,-0.16656991839408875,3.409107208251953,4.666040420532227,484.8660888671875,484.8660888671875,462.0138244628906,462.0138244628906,2029.5269775390625,2029.5269775390625,2280.039306640625,2280.039306640625,1749.529541015625,1749.529541015625
48064,7,670,4,0,20,A1,pct_button,10,,,1.0960105061531067,True,True,False,-0.16656991839408875,4.276946067810059,4.666040420532227,36.00615310668945,484.8660888671875,212.10897827148438,462.0138244628906,158.06414794921875,2029.5269775390625,1898.7523193359375,2280.039306640625,2909.720947265625,1749.529541015625,-1564.4886474609375
