t,env_id,episode_id,step_in_ep,action_sub_idx,base_action_idx,target,type,pct,step,dir,reward,done,gate_ok,deviation_exploded,C1_before,C1_after,A1_before,A1_after
12832,1,120,-1,,,,,,,,,False,False,False,11.240344047546387,11.240344047546387,12.124232292175293,12.124232292175293
12832,1,120,0,10,38,C1,pct_button,30,,,3.7075304412841827,False,False,False,11.240344047546387,9.032057762145996,12.124232292175293,12.690983772277832
12840,1,120,1,9,37,C1,pct_button,20,,,2.49858473777771,False,False,False,9.032057762145996,7.914151668548584,12.690983772277832,12.7613525390625
12848,1,120,2,1,21,A1,pct_button,20,,,22.24313567638397,False,False,False,7.914151668548584,7.116358280181885,12.7613525390625,2.529031991958618
12856,1,120,3,12,40,C1,pct_button,100,,,12.35987813591957,False,False,False,7.116358280181885,0.820094883441925,2.529031991958618,2.6753103733062744
12864,1,120,4,10,38,C1,pct_button,30,,,1.0108177116513255,False,False,False,0.820094883441925,0.17157025635242462,2.6753103733062744,2.8435776233673096
12872,1,120,5,1,21,A1,pct_button,20,,,9.92753016114235,True,True,False,0.17157025635242462,10.16750717163086,2.8435776233673096,13.06791877746582
