t,env_id,episode_id,step_in_ep,action_sub_idx,base_action_idx,target,type,pct,step,dir,reward,done,gate_ok,deviation_exploded,C1_before,C1_after,A1_before,A1_after,A2_before,A2_after,B2_before,B2_after,A3_before,A3_after,S3_before,S3_after,C3_before,C3_after
13712,1,130,-1,,,,,,,,,False,False,False,0.5995884537696838,0.5995884537696838,15.594576835632324,15.594576835632324,320.7643737792969,320.7643737792969,385.22479248046875,385.22479248046875,2008.146484375,2008.146484375,2306.604736328125,2306.604736328125,-2976.352294921875,-2976.352294921875
13712,1,130,0,1,21,A1,pct_button,20,,,22.139310544133185,False,False,False,0.5995884537696838,-0.13011935353279114,15.594576835632324,5.041102886199951,320.7643737792969,320.7643737792969,385.22479248046875,385.22479248046875,2008.146484375,2008.146484375,2306.604736328125,2306.604736328125,-2976.352294921875,-2976.352294921875
13720,1,130,1,3,23,A1,pct_button,50,,,11.104733798503876,True,True,False,-0.13011935353279114,9.226547241210938,5.041102886199951,33.71510314941406,320.7643737792969,397.9394226074219,385.22479248046875,170.01910400390625,2008.146484375,2628.39501953125,2306.604736328125,1960.7642822265625,-2976.352294921875,-2819.488037109375
