t,env_id,episode_id,step_in_ep,action_sub_idx,base_action_idx,target,type,pct,step,dir,reward,done,gate_ok,deviation_exploded,C1_before,C1_after,A1_before,A1_after,A2_before,A2_after,B2_before,B2_after,A3_before,A3_after,S3_before,S3_after,C3_before,C3_after
35872,5,280,-1,,,,,,,,,False,False,False,2.660209894180298,2.660209894180298,26.051115036010742,26.051115036010742,410.8155822753906,410.8155822753906,463.03955078125,463.03955078125,2084.58056640625,2084.58056640625,2505.62353515625,2505.62353515625,-2096.091796875,-2096.091796875
35872,5,280,0,0,20,A1,pct_button,10,,,0.5642264986038208,False,False,False,2.660209894180298,2.660209894180298,26.051115036010742,26.051115036010742,410.8155822753906,410.8155822753906,463.03955078125,463.03955078125,2084.58056640625,2084.58056640625,2505.62353515625,2505.62353515625,-2096.091796875,-2096.091796875
35880,5,280,1,3,23,A1,pct_button,50,,,38.61496519088745,False,False,False,2.660209894180298,-1.0724964141845703,26.051115036010742,8.421283721923828,410.8155822753906,410.8155822753906,463.03955078125,463.03955078125,2084.58056640625,2084.58056640625,2505.62353515625,2505.62353515625,-2096.091796875,-2096.091796875
35888,5,280,2,0,20,A1,pct_button,10,,,11.198041570186616,False,False,False,-1.0724964141845703,-1.206785798072815,8.421283721923828,2.722264051437378,410.8155822753906,410.8155822753906,463.03955078125,463.03955078125,2084.58056640625,2084.58056640625,2505.62353515625,2505.62353515625,-2096.091796875,-2096.091796875
35896,5,280,3,0,20,A1,pct_button,10,,,3.441430455446244,False,False,False,-1.206785798072815,-1.345591425895691,2.722264051437378,0.8799991011619568,410.8155822753906,410.8155822753906,463.03955078125,463.03955078125,2084.58056640625,2084.58056640625,2505.62353515625,2505.62353515625,-2096.091796875,-2096.091796875
35904,5,280,4,0,20,A1,pct_button,10,,,1.4911744064092638,False,False,False,-1.345591425895691,-1.2054338455200195,0.8799991011619568,0.28446850180625916,410.8155822753906,410.8155822753906,463.03955078125,463.03955078125,2084.58056640625,2084.58056640625,2505.62353515625,2505.62353515625,-2096.091796875,-2096.091796875
35912,5,280,5,7,35,C1,pct_button,10,,,5.272228982448578,True,True,False,-1.2054338455200195,-14.174052238464355,0.28446850180625916,37.58193588256836,410.8155822753906,312.76348876953125,463.03955078125,400.1895751953125,2084.58056640625,2336.5439453125,2505.62353515625,1990.8302001953125,-2096.091796875,-1368.8577880859375
