t,env_id,episode_id,step_in_ep,action_sub_idx,base_action_idx,target,type,pct,step,dir,reward,done,gate_ok,deviation_exploded,C1_before,C1_after,A1_before,A1_after,A2_before,A2_after,B2_before,B2_after,A3_before,A3_after,S3_before,S3_after,C3_before,C3_after
24560,6,200,-1,,,,,,,,,False,False,False,-8.240735054016113,-8.240735054016113,22.766538619995117,22.766538619995117,472.6773376464844,472.6773376464844,339.00250244140625,339.00250244140625,2961.8974609375,2961.8974609375,1793.3836669921875,1793.3836669921875,-1719.2769775390625,-1719.2769775390625
24560,6,200,0,0,20,A1,pct_button,10,,,29.525064868927,False,False,False,-8.240735054016113,-9.044267654418945,22.766538619995117,7.359511375427246,472.6773376464844,472.6773376464844,339.00250244140625,339.00250244140625,2961.8974609375,2961.8974609375,1793.3836669921875,1793.3836669921875,-1719.2769775390625,-1719.2769775390625
24568,6,200,1,4,24,A1,pct_button,100,,,6.003884477615356,False,False,False,-9.044267654418945,-11.153122901916504,7.359511375427246,2.379035472869873,472.6773376464844,472.6773376464844,339.00250244140625,339.00250244140625,2961.8974609375,2961.8974609375,1793.3836669921875,1793.3836669921875,-1719.2769775390625,-1719.2769775390625
24576,6,200,2,11,39,C1,pct_button,50,,,9.461148633956908,False,False,False,-11.153122901916504,-5.654999732971191,2.379035472869873,3.230438709259033,472.6773376464844,472.6773376464844,339.00250244140625,339.00250244140625,2961.8974609375,2961.8974609375,1793.3836669921875,1793.3836669921875,-1719.2769775390625,-1719.2769775390625
24584,6,200,3,8,36,C1,pct_button,15,,,0.7046171474456793,False,False,False,-5.654999732971191,-5.253479480743408,3.230438709259033,3.360793113708496,472.6773376464844,472.6773376464844,339.00250244140625,339.00250244140625,2961.8974609375,2961.8974609375,1793.3836669921875,1793.3836669921875,-1719.2769775390625,-1719.2769775390625
24592,6,200,4,12,40,C1,pct_button,100,,,19.54727099567652,True,True,False,-5.253479480743408,14.750150680541992,3.360793113708496,24.538454055786133,472.6773376464844,481.490966796875,339.00250244140625,318.7039794921875,2961.8974609375,1159.7789306640625,1793.3836669921875,1297.9080810546875,-1719.2769775390625,2915.736328125
