t,env_id,episode_id,step_in_ep,action_sub_idx,base_action_idx,target,type,pct,step,dir,reward,done,gate_ok,deviation_exploded,C1_before,C1_after,A1_before,A1_after,A2_before,A2_after,B2_before,B2_after,A3_before,A3_after,S3_before,S3_after,C3_before,C3_after
8552,6,80,-1,,,,,,,,,False,False,False,-10.633359909057617,-10.633359909057617,30.752784729003906,30.752784729003906,422.9280700683594,422.9280700683594,255.7126007080078,255.7126007080078,1581.9241943359375,1581.9241943359375,2322.962890625,2322.962890625,2302.801513671875,2302.801513671875
8552,6,80,0,1,21,A1,pct_button,20,,,41.215394515991214,False,False,False,-10.633359909057617,-11.05800724029541,30.752784729003906,9.925272941589355,422.9280700683594,422.9280700683594,255.7126007080078,255.7126007080078,1581.9241943359375,1581.9241943359375,2322.962890625,2322.962890625,2302.801513671875,2302.801513671875
8560,6,80,1,6,34,C1,pct_button,5,,,1.5275716972351085,False,False,False,-11.05800724029541,-10.548295974731445,9.925272941589355,9.87038516998291,422.9280700683594,422.9280700683594,255.7126007080078,255.7126007080078,1581.9241943359375,1581.9241943359375,2322.962890625,2322.962890625,2302.801513671875,2302.801513671875
8568,6,80,2,2,22,A1,pct_button,30,,,14.246265058517457,False,False,False,-10.548295974731445,-10.961933135986328,9.87038516998291,2.4628634452819824,422.9280700683594,422.9280700683594,255.7126007080078,255.7126007080078,1581.9241943359375,1581.9241943359375,2322.962890625,2322.962890625,2302.801513671875,2302.801513671875
8576,6,80,3,12,40,C1,pct_button,100,,,28.04461162239313,True,True,False,-10.961933135986328,-0.24554741382598877,2.4628634452819824,1.9275364875793457,422.9280700683594,287.5315246582031,255.7126007080078,217.55361938476562,1581.9241943359375,2254.15966796875,2322.962890625,2356.766357421875,2302.801513671875,-2172.315185546875
