t,env_id,episode_id,step_in_ep,action_sub_idx,base_action_idx,target,type,pct,step,dir,reward,done,gate_ok,deviation_exploded,C1_before,C1_after,A1_before,A1_after,A2_before,A2_after,B2_before,B2_after,A3_before,A3_after,S3_before,S3_after,C3_before,C3_after
37928,4,500,-1,,,,,,,,,False,False,False,13.320062637329102,13.320062637329102,27.57065773010254,27.57065773010254,480.1171875,480.1171875,137.10887145996094,137.10887145996094,1019.9063720703125,1019.9063720703125,1716.756103515625,1716.756103515625,2900.75,2900.75
37928,4,500,0,12,40,C1,pct_button,100,,,-62.23867750167847,False,False,False,13.320062637329102,3.945272207260132,27.57065773010254,27.1740665435791,480.1171875,480.1171875,137.10887145996094,137.10887145996094,1019.9063720703125,1019.9063720703125,1716.756103515625,1716.756103515625,2900.75,2900.75
37936,4,500,1,2,22,A1,pct_button,30,,,-22.286478996276855,False,False,False,3.945272207260132,2.3589510917663574,27.1740665435791,8.78428840637207,480.1171875,480.1171875,137.10887145996094,137.10887145996094,1019.9063720703125,1019.9063720703125,1716.756103515625,1716.756103515625,2900.75,2900.75
37944,4,500,2,1,21,A1,pct_button,20,,,-22.286478996276855,False,False,False,2.3589510917663574,2.3589510917663574,8.78428840637207,8.78428840637207,480.1171875,480.1171875,137.10887145996094,137.10887145996094,1019.9063720703125,1019.9063720703125,1716.756103515625,1716.756103515625,2900.75,2900.75
37952,4,500,3,12,40,C1,pct_button,100,,,-20.18264651298523,False,False,False,2.3589510917663574,1.7807544469833374,8.78428840637207,8.310568809509277,480.1171875,480.1171875,137.10887145996094,137.10887145996094,1019.9063720703125,1019.9063720703125,1716.756103515625,1716.756103515625,2900.75,2900.75
37960,4,500,4,4,24,A1,pct_button,100,,,-7.252923965454102,False,False,False,1.7807544469833374,0.9399876594543457,8.310568809509277,2.686474323272705,480.1171875,480.1171875,137.10887145996094,137.10887145996094,1019.9063720703125,1019.9063720703125,1716.756103515625,1716.756103515625,2900.75,2900.75
37968,4,500,5,0,20,A1,pct_button,10,,,1.7519117593765259,True,True,False,0.9399876594543457,-6.191347599029541,2.686474323272705,28.324281692504883,480.1171875,334.1512756347656,137.10887145996094,116.56439208984375,1019.9063720703125,2870.578369140625,1716.756103515625,1903.9429931640625,2900.75,-2348.093994140625
