t,env_id,episode_id,step_in_ep,action_sub_idx,base_action_idx,target,type,pct,step,dir,reward,done,gate_ok,deviation_exploded,C1_before,C1_after,A1_before,A1_after,A2_before,A2_after,B2_before,B2_after,A3_before,A3_after,S3_before,S3_after,C3_before,C3_after
31624,5,410,-1,,,,,,,,,False,False,False,12.57088565826416,12.57088565826416,14.033098220825195,14.033098220825195,193.69003295898438,193.69003295898438,372.6863098144531,372.6863098144531,1315.4443359375,1315.4443359375,1508.1690673828125,1508.1690673828125,1863.41162109375,1863.41162109375
31624,5,410,0,0,20,A1,pct_button,10,,,-33.75131702423096,False,False,False,12.57088565826416,12.339319229125977,14.033098220825195,4.536339282989502,193.69003295898438,193.69003295898438,372.6863098144531,372.6863098144531,1315.4443359375,1315.4443359375,1508.1690673828125,1508.1690673828125,1863.41162109375,1863.41162109375
31632,5,410,1,12,40,C1,pct_button,100,,,-10.520248174667358,False,False,False,12.339319229125977,1.7707856893539429,4.536339282989502,3.4893383979797363,193.69003295898438,193.69003295898438,372.6863098144531,372.6863098144531,1315.4443359375,1315.4443359375,1508.1690673828125,1508.1690673828125,1863.41162109375,1863.41162109375
31640,5,410,2,12,40,C1,pct_button,100,,,-7.954732179641724,False,False,False,1.7707856893539429,-1.8346151113510132,3.4893383979797363,2.1427509784698486,193.69003295898438,193.69003295898438,372.6863098144531,372.6863098144531,1315.4443359375,1315.4443359375,1508.1690673828125,1508.1690673828125,1863.41162109375,1863.41162109375
31648,5,410,3,1,21,A1,pct_button,20,,,-4.867503643035889,False,False,False,-1.8346151113510132,-1.7410861253738403,2.1427509784698486,0.692665696144104,193.69003295898438,193.69003295898438,372.6863098144531,372.6863098144531,1315.4443359375,1315.4443359375,1508.1690673828125,1508.1690673828125,1863.41162109375,1863.41162109375
31656,5,410,4,12,40,C1,pct_button,100,,,1.0385631322860718,True,True,False,-1.7410861253738403,-6.367244243621826,0.692665696144104,6.542385101318359,193.69003295898438,174.27040100097656,372.6863098144531,313.4638366699219,1315.4443359375,2673.729736328125,1508.1690673828125,2141.35595703125,1863.41162109375,2571.463134765625
