t,env_id,episode_id,step_in_ep,action_sub_idx,base_action_idx,target,type,pct,step,dir,reward,done,gate_ok,deviation_exploded,C1_before,C1_after,A1_before,A1_after
32224,4,330,-1,,,,,,,,,False,False,False,0.7301782369613647,0.7301782369613647,27.41909408569336,27.41909408569336
32224,4,330,0,1,21,A1,pct_button,20,,,39.45409622311592,False,False,False,0.7301782369613647,-0.4082048535346985,27.41909408569336,8.09404182434082
32232,4,330,1,7,35,C1,pct_button,10,,,0.16004493355750937,False,False,False,-0.4082048535346985,-0.4082048535346985,8.09404182434082,8.09404182434082
32240,4,330,2,0,20,A1,pct_button,10,,,9.466632281541825,False,False,False,-0.4082048535346985,-0.8032379746437073,8.09404182434082,2.9987120628356934
32248,4,330,3,4,24,A1,pct_button,100,,,-0.20111286878585788,False,False,False,-0.8032379746437073,-2.8108010292053223,2.9987120628356934,1.126074194908142
32256,4,330,4,12,40,C1,pct_button,100,,,3.7108784842491156,False,False,False,-2.8108010292053223,-1.2424362897872925,1.126074194908142,0.8549737930297852
32264,4,330,5,9,37,C1,pct_button,20,,,5.581265026330948,True,True,False,-1.2424362897872925,6.576549530029297,0.8549737930297852,48.64479064941406
