t,env_id,episode_id,step_in_ep,action_sub_idx,base_action_idx,target,type,pct,step,dir,reward,done,gate_ok,deviation_exploded,C1_before,C1_after,A1_before,A1_after,A2_before,A2_after,B2_before,B2_after,A3_before,A3_after,S3_before,S3_after,C3_before,C3_after
47232,2,640,-1,,,,,,,,,False,False,False,-4.99381685256958,-4.99381685256958,5.281670570373535,5.281670570373535,177.8118438720703,177.8118438720703,368.2716369628906,368.2716369628906,1029.42236328125,1029.42236328125,2380.9677734375,2380.9677734375,1037.0731201171875,1037.0731201171875
47232,2,640,0,12,40,C1,pct_button,100,,,-20.55097484588623,False,False,False,-4.99381685256958,-4.99381685256958,5.281670570373535,5.281670570373535,177.8118438720703,177.8118438720703,368.2716369628906,368.2716369628906,1029.42236328125,1029.42236328125,2380.9677734375,2380.9677734375,1037.0731201171875,1037.0731201171875
47240,2,640,1,8,36,C1,pct_button,15,,,-18.71462917327881,False,False,False,-4.99381685256958,-4.117586612701416,5.281670570373535,5.239727973937988,177.8118438720703,177.8118438720703,368.2716369628906,368.2716369628906,1029.42236328125,1029.42236328125,2380.9677734375,2380.9677734375,1037.0731201171875,1037.0731201171875
47248,2,640,2,2,22,A1,pct_button,30,,,-13.054903268814087,False,False,False,-4.117586612701416,-4.833657264709473,5.239727973937988,1.6937943696975708,177.8118438720703,177.8118438720703,368.2716369628906,368.2716369628906,1029.42236328125,1029.42236328125,2380.9677734375,2380.9677734375,1037.0731201171875,1037.0731201171875
47256,2,640,3,12,40,C1,pct_button,100,,,3.026478409767151,True,True,False,-4.833657264709473,-3.9995851516723633,1.6937943696975708,31.281723022460938,177.8118438720703,296.6158752441406,368.2716369628906,253.56466674804688,1029.42236328125,2355.037353515625,2380.9677734375,2116.90869140625,1037.0731201171875,-2515.75146484375
