t,env_id,episode_id,step_in_ep,action_sub_idx,base_action_idx,target,type,pct,step,dir,reward,done,gate_ok,deviation_exploded,C1_before,C1_after,A1_before,A1_after,A2_before,A2_after,B2_before,B2_after,A3_before,A3_after,S3_before,S3_after,C3_before,C3_after
43656,7,370,-1,,,,,,,,,False,False,False,-3.9293084144592285,-3.9293084144592285,42.46640396118164,42.46640396118164,282.93914794921875,282.93914794921875,107.03559875488281,107.03559875488281,1101.5255126953125,1101.5255126953125,2268.109375,2268.109375,2316.10986328125,2316.10986328125
43656,7,370,0,2,22,A1,pct_button,30,,,63.2762041091919,False,False,False,-3.9293084144592285,-7.9459662437438965,42.46640396118164,6.955660343170166,282.93914794921875,282.93914794921875,107.03559875488281,107.03559875488281,1101.5255126953125,1101.5255126953125,2268.109375,2268.109375,2316.10986328125,2316.10986328125
43664,7,370,1,5,33,C1,pct_button,1,,,0.430510444641113,False,False,False,-7.9459662437438965,-7.875975131988525,6.955660343170166,6.95369291305542,282.93914794921875,282.93914794921875,107.03559875488281,107.03559875488281,1101.5255126953125,1101.5255126953125,2268.109375,2268.109375,2316.10986328125,2316.10986328125
43672,7,370,2,1,21,A1,pct_button,20,,,0.2865933609008786,False,False,False,-7.875975131988525,-7.875975131988525,6.95369291305542,6.95369291305542,282.93914794921875,282.93914794921875,107.03559875488281,107.03559875488281,1101.5255126953125,1101.5255126953125,2268.109375,2268.109375,2316.10986328125,2316.10986328125
43680,7,370,3,6,34,C1,pct_button,5,,,0.6696866226196307,False,False,False,-7.875975131988525,-7.689429759979248,6.95369291305542,6.946756839752197,282.93914794921875,282.93914794921875,107.03559875488281,107.03559875488281,1101.5255126953125,1101.5255126953125,2268.109375,2268.109375,2316.10986328125,2316.10986328125
43688,7,370,4,2,22,A1,pct_button,30,,,10.552714724540712,False,False,False,-7.689429759979248,-8.092188835144043,6.946756839752197,1.3571336269378662,282.93914794921875,282.93914794921875,107.03559875488281,107.03559875488281,1101.5255126953125,1101.5255126953125,2268.109375,2268.109375,2316.10986328125,2316.10986328125
43696,7,370,5,12,40,C1,pct_button,100,,,22.380855862498283,True,True,False,-8.092188835144043,-13.595197677612305,1.3571336269378662,38.60259246826172,282.93914794921875,315.8056640625,107.03559875488281,449.39630126953125,1101.5255126953125,1084.3719482421875,2268.109375,1599.686279296875,2316.10986328125,1627.099853515625
