t,env_id,episode_id,step_in_ep,action_sub_idx,base_action_idx,target,type,pct,step,dir,reward,done,gate_ok,deviation_exploded,C1_before,C1_after,A1_before,A1_after,A2_before,A2_after,B2_before,B2_after,A3_before,A3_after,S3_before,S3_after,C3_before,C3_after
4792,7,40,-1,,,,,,,,,False,False,False,2.4537384510040283,2.4537384510040283,2.4290194511413574,2.4290194511413574,234.66026306152344,234.66026306152344,436.8894958496094,436.8894958496094,2340.9033203125,2340.9033203125,2398.4033203125,2398.4033203125,-1497.5345458984375,-1497.5345458984375
4792,7,40,0,12,40,C1,pct_button,100,,,3.904945311844349,False,False,False,2.4537384510040283,-0.20608337223529816,2.4290194511413574,2.7487502098083496,234.66026306152344,234.66026306152344,436.8894958496094,436.8894958496094,2340.9033203125,2340.9033203125,2398.4033203125,2398.4033203125,-1497.5345458984375,-1497.5345458984375
4800,7,40,1,7,35,C1,pct_button,10,,,0.5042094407975675,False,False,False,-0.20608337223529816,0.037469588220119476,2.7487502098083496,2.687509059906006,234.66026306152344,234.66026306152344,436.8894958496094,436.8894958496094,2340.9033203125,2340.9033203125,2398.4033203125,2398.4033203125,-1497.5345458984375,-1497.5345458984375
4808,7,40,2,3,23,A1,pct_button,50,,,7.449453637599945,True,True,False,0.037469588220119476,-0.3992082178592682,2.687509059906006,28.489587783813477,234.66026306152344,275.5111083984375,436.8894958496094,275.32098388671875,2340.9033203125,2258.58544921875,2398.4033203125,2867.693359375,-1497.5345458984375,-2605.678466796875
