t,env_id,episode_id,step_in_ep,action_sub_idx,base_action_idx,target,type,pct,step,dir,reward,done,gate_ok,deviation_exploded,C1_before,C1_after,A1_before,A1_after,A2_before,A2_after,B2_before,B2_after,A3_before,A3_after,S3_before,S3_after,C3_before,C3_after
46296,5,610,-1,,,,,,,,,False,False,False,9.202191352844238,9.202191352844238,13.306634902954102,13.306634902954102,416.20233154296875,416.20233154296875,347.39569091796875,347.39569091796875,2014.09130859375,2014.09130859375,1481.4791259765625,1481.4791259765625,-2754.8447265625,-2754.8447265625
46296,5,610,0,4,24,A1,pct_button,100,,,-18.37849235534668,False,False,False,9.202191352844238,4.8877434730529785,13.306634902954102,4.301502704620361,416.20233154296875,416.20233154296875,347.39569091796875,347.39569091796875,2014.09130859375,2014.09130859375,1481.4791259765625,1481.4791259765625,-2754.8447265625,-2754.8447265625
46304,5,610,1,1,21,A1,pct_button,20,,,-11.705883741378784,False,False,False,4.8877434730529785,4.462438106536865,4.301502704620361,1.3905037641525269,416.20233154296875,416.20233154296875,347.39569091796875,347.39569091796875,2014.09130859375,2014.09130859375,1481.4791259765625,1481.4791259765625,-2754.8447265625,-2754.8447265625
46312,5,610,2,2,22,A1,pct_button,30,,,-9.76829981803894,False,False,False,4.462438106536865,4.434655666351318,1.3905037641525269,0.44949424266815186,416.20233154296875,416.20233154296875,347.39569091796875,347.39569091796875,2014.09130859375,2014.09130859375,1481.4791259765625,1481.4791259765625,-2754.8447265625,-2754.8447265625
46320,5,610,3,12,40,C1,pct_button,100,,,4.009223570115864,True,True,False,4.434655666351318,13.04640007019043,0.44949424266815186,40.22090530395508,416.20233154296875,263.1876220703125,347.39569091796875,137.7279510498047,2014.09130859375,1898.8660888671875,1481.4791259765625,2834.164306640625,-2754.8447265625,-2374.6357421875
