t,env_id,episode_id,step_in_ep,action_sub_idx,base_action_idx,target,type,pct,step,dir,reward,done,gate_ok,deviation_exploded,C1_before,C1_after,A1_before,A1_after
15640,1,120,-1,,,,,,,,,False,False,False,9.402308464050293,9.402308464050293,16.854089736938477,16.854089736938477
15640,1,120,0,3,23,A1,pct_button,50,,,28.576288299560545,False,False,False,9.402308464050293,6.573890209197998,16.854089736938477,5.510204792022705
15648,1,120,1,4,24,A1,pct_button,100,,,10.990747249126434,False,False,False,6.573890209197998,6.075064182281494,5.510204792022705,0.5751594305038452
15656,1,120,2,2,22,A1,pct_button,30,,,0.7774790521711112,False,False,False,6.075064182281494,6.2779998779296875,0.5751594305038452,0.041681017726659775
15664,1,120,3,12,40,C1,pct_button,100,,,7.873518254458904,False,False,False,6.2779998779296875,1.5664658546447754,0.041681017726659775,0.8354753255844116
15672,1,120,4,11,39,C1,pct_button,50,,,5.7815562498569495,True,True,False,1.5664658546447754,-1.9617587327957153,0.8354753255844116,49.460391998291016
