t,env_id,episode_id,step_in_ep,action_sub_idx,base_action_idx,target,type,pct,step,dir,reward,done,gate_ok,deviation_exploded,C1_before,C1_after,A1_before,A1_after
13944,1,130,-1,,,,,,,,,False,False,False,-2.071089029312134,-2.071089029312134,45.35613250732422,45.35613250732422
13944,1,130,0,1,21,A1,pct_button,20,,,57.23750332832336,False,False,False,-2.071089029312134,-3.5039114952087402,45.35613250732422,15.489492416381836
13952,1,130,1,0,20,A1,pct_button,10,,,19.08140727519989,False,False,False,-3.5039114952087402,-3.812566041946411,15.489492416381836,5.730565547943115
13960,1,130,2,12,40,C1,pct_button,100,,,8.210114661753178,False,False,False,-3.812566041946411,-0.04582609236240387,5.730565547943115,5.442127704620361
13968,1,130,3,11,39,C1,pct_button,50,,,-1.0307921177148816,False,False,False,-0.04582609236240387,0.17420557141304016,5.442127704620361,5.8847336769104
13976,1,130,4,1,21,A1,pct_button,20,,,16.353365349173544,True,True,False,0.17420557141304016,3.029247999191284,5.8847336769104,37.03624725341797
