t,env_id,episode_id,step_in_ep,action_sub_idx,base_action_idx,target,type,pct,step,dir,reward,done,gate_ok,deviation_exploded,C1_before,C1_after,A1_before,A1_after,A2_before,A2_after,B2_before,B2_after,A3_before,A3_after,S3_before,S3_after,C3_before,C3_after
34616,0,440,-1,,,,,,,,,False,False,False,9.64668083190918,9.64668083190918,0.5622174739837646,0.5622174739837646,198.3329620361328,198.3329620361328,209.90089416503906,209.90089416503906,2758.964599609375,2758.964599609375,1339.265869140625,1339.265869140625,1921.71533203125,1921.71533203125
34616,0,440,0,2,22,A1,pct_button,30,,,-19.42299982905388,False,False,False,9.64668083190918,9.529757499694824,0.5622174739837646,0.18174241483211517,198.3329620361328,198.3329620361328,209.90089416503906,209.90089416503906,2758.964599609375,2758.964599609375,1339.265869140625,1339.265869140625,1921.71533203125,1921.71533203125
34624,0,440,1,0,20,A1,pct_button,10,,,-18.989808842539787,False,False,False,9.529757499694824,9.43615436553955,0.18174241483211517,0.058750055730342865,198.3329620361328,198.3329620361328,209.90089416503906,209.90089416503906,2758.964599609375,2758.964599609375,1339.265869140625,1339.265869140625,1921.71533203125,1921.71533203125
34632,0,440,2,2,22,A1,pct_button,30,,,-18.49616637453437,False,False,False,9.43615436553955,9.22909164428711,0.058750055730342865,0.018991542980074883,198.3329620361328,198.3329620361328,209.90089416503906,209.90089416503906,2758.964599609375,2758.964599609375,1339.265869140625,1339.265869140625,1921.71533203125,1921.71533203125
34640,0,440,3,12,40,C1,pct_button,100,,,-9.928965330123901,False,False,False,9.22909164428711,-3.448716163635254,0.018991542980074883,1.5157665014266968,198.3329620361328,198.3329620361328,209.90089416503906,209.90089416503906,2758.964599609375,2758.964599609375,1339.265869140625,1339.265869140625,1921.71533203125,1921.71533203125
34648,0,440,4,12,40,C1,pct_button,100,,,1.8735942542552948,True,True,False,-3.448716163635254,-3.744630813598633,1.5157665014266968,32.54529571533203,198.3329620361328,157.88218688964844,209.90089416503906,482.5158996582031,2758.964599609375,2351.077392578125,1339.265869140625,1877.90869140625,1921.71533203125,1418.050537109375
