t,env_id,episode_id,step_in_ep,action_sub_idx,base_action_idx,target,type,pct,step,dir,reward,done,gate_ok,deviation_exploded,C1_before,C1_after,A1_before,A1_after
27368,4,280,-1,,,,,,,,,False,False,False,-3.1591062545776367,-3.1591062545776367,16.445283889770508,16.445283889770508
27368,4,280,0,1,21,A1,pct_button,20,,,20.964698543548582,False,False,False,-3.1591062545776367,-4.102227210998535,16.445283889770508,5.106904983520508
27376,4,280,1,0,20,A1,pct_button,10,,,7.34975613117218,False,False,False,-4.102227210998535,-4.100615501403809,5.106904983520508,1.4844896793365479
27384,4,280,2,8,36,C1,pct_button,15,,,0.10170210361480671,False,False,False,-4.100615501403809,-4.100615501403809,1.4844896793365479,1.4844896793365479
27392,4,280,3,11,39,C1,pct_button,50,,,4.144330427646637,False,False,False,-4.100615501403809,-1.7731791734695435,1.4844896793365479,1.7701945304870605
27400,4,280,4,8,36,C1,pct_button,15,,,-0.10164503812789881,False,False,False,-1.7731791734695435,-1.7262861728668213,1.7701945304870605,1.8991645574569702
27408,4,280,5,0,20,A1,pct_button,10,,,1.5706248068809507,False,False,False,-1.7262861728668213,-1.7864433526992798,1.8991645574569702,1.0773327350616455
27416,4,280,6,10,38,C1,pct_button,30,,,7.019582688808441,True,True,False,-1.7864433526992798,-18.636974334716797,1.0773327350616455,24.184526443481445
