t,env_id,episode_id,step_in_ep,action_sub_idx,base_action_idx,target,type,pct,step,dir,reward,done,gate_ok,deviation_exploded,C1_before,C1_after,A1_before,A1_after
12128,3,110,-1,,,,,,,,,False,False,False,1.862430214881897,1.862430214881897,24.692190170288086,24.692190170288086
12128,3,110,0,1,21,A1,pct_button,20,,,35.85293209969998,False,False,False,1.862430214881897,0.24284109473228455,24.692190170288086,8.467415809631348
12136,3,110,1,2,22,A1,pct_button,30,,,8.61059788942337,False,False,False,0.24284109473228455,-0.40976500511169434,8.467415809631348,4.034636974334717
12144,3,110,2,9,37,C1,pct_button,20,,,0.3938713642954832,False,False,False,-0.40976500511169434,-0.1725894659757614,4.034636974334717,4.112730026245117
12152,3,110,3,11,39,C1,pct_button,50,,,0.34324320197105407,False,False,False,-0.1725894659757614,-0.4330422878265381,4.112730026245117,3.7171576023101807
12160,3,110,4,10,38,C1,pct_button,30,,,-0.8622472345829009,False,False,False,-0.4330422878265381,-0.5052070021629333,3.7171576023101807,4.117341995239258
12168,3,110,5,0,20,A1,pct_button,10,,,9.592260172367096,True,True,False,-0.5052070021629333,-11.159749984741211,4.117341995239258,27.512462615966797
