t,env_id,episode_id,step_in_ep,action_sub_idx,base_action_idx,target,type,pct,step,dir,reward,done,gate_ok,deviation_exploded,C1_before,C1_after,A1_before,A1_after,A2_before,A2_after,B2_before,B2_after,A3_before,A3_after,S3_before,S3_after,C3_before,C3_after
38872,0,510,-1,,,,,,,,,False,False,False,8.52933406829834,8.52933406829834,3.520874261856079,3.520874261856079,257.6712951660156,257.6712951660156,391.5400390625,391.5400390625,2666.687744140625,2666.687744140625,2424.95556640625,2424.95556640625,-1707.1500244140625,-1707.1500244140625
38872,0,510,0,3,23,A1,pct_button,50,,,-19.974700927734375,False,False,False,8.52933406829834,8.84919261932373,3.520874261856079,1.138157844543457,257.6712951660156,257.6712951660156,391.5400390625,391.5400390625,2666.687744140625,2666.687744140625,2424.95556640625,2424.95556640625,-1707.1500244140625,-1707.1500244140625
38880,0,510,1,1,21,A1,pct_button,20,,,-18.942342817783356,False,False,False,8.84919261932373,9.103250503540039,1.138157844543457,0.3679209053516388,257.6712951660156,257.6712951660156,391.5400390625,391.5400390625,2666.687744140625,2666.687744140625,2424.95556640625,2424.95556640625,-1707.1500244140625,-1707.1500244140625
38888,0,510,2,12,40,C1,pct_button,100,,,-5.133780270814896,False,False,False,9.103250503540039,-2.5328586101531982,0.3679209053516388,0.03403152525424957,257.6712951660156,257.6712951660156,391.5400390625,391.5400390625,2666.687744140625,2666.687744140625,2424.95556640625,2424.95556640625,-1707.1500244140625,-1707.1500244140625
38896,0,510,3,2,22,A1,pct_button,30,,,-3.932679496705532,False,False,False,-2.5328586101531982,-1.955338716506958,0.03403152525424957,0.01100103184580803,257.6712951660156,257.6712951660156,391.5400390625,391.5400390625,2666.687744140625,2666.687744140625,2424.95556640625,2424.95556640625,-1707.1500244140625,-1707.1500244140625
38904,0,510,4,12,40,C1,pct_button,100,,,3.982439398765564,True,True,False,-1.955338716506958,8.509284019470215,0.01100103184580803,14.603063583374023,257.6712951660156,382.9479675292969,391.5400390625,158.4416961669922,2666.687744140625,1445.3035888671875,2424.95556640625,2695.439453125,-1707.1500244140625,-1497.17138671875
