t,env_id,episode_id,step_in_ep,action_sub_idx,base_action_idx,target,type,pct,step,dir,reward,done,gate_ok,deviation_exploded,C1_before,C1_after,A1_before,A1_after
9784,6,80,-1,,,,,,,,,False,False,False,9.593634605407715,9.593634605407715,25.125516891479492,25.125516891479492
9784,6,80,0,2,22,A1,pct_button,30,,,36.510100555419925,False,False,False,9.593634605407715,8.173434257507324,25.125516891479492,8.451920509338379
9792,6,80,1,1,21,A1,pct_button,20,,,12.813979210853576,False,False,False,8.173434257507324,7.381618022918701,8.451920509338379,2.9349124431610107
9800,6,80,2,9,37,C1,pct_button,20,,,3.2600711965560922,False,False,False,7.381618022918701,5.8929972648620605,2.9349124431610107,2.8761894702911377
9808,6,80,3,1,21,A1,pct_button,20,,,4.43704425573349,False,False,False,5.8929972648620605,5.793924331665039,2.8761894702911377,0.817858099937439
9816,6,80,4,3,23,A1,pct_button,50,,,-0.34020529508590713,False,False,False,5.793924331665039,5.730255603790283,0.817858099937439,1.115082859992981
9824,6,80,5,9,37,C1,pct_button,20,,,0.12690676927566513,False,False,False,5.730255603790283,5.730255603790283,1.115082859992981,1.115082859992981
9832,6,80,6,8,36,C1,pct_button,15,,,2.418898446559906,False,False,False,5.730255603790283,4.648416042327881,1.115082859992981,1.0393508672714233
9840,6,80,7,12,40,C1,pct_button,100,,,12.697838133275509,True,True,False,4.648416042327881,9.433653831481934,1.0393508672714233,22.585596084594727
