t,env_id,episode_id,step_in_ep,action_sub_idx,base_action_idx,target,type,pct,step,dir,reward,done,gate_ok,deviation_exploded,C1_before,C1_after,A1_before,A1_after,A2_before,A2_after,B2_before,B2_after,A3_before,A3_after,S3_before,S3_after,C3_before,C3_after
21696,2,250,-1,,,,,,,,,False,False,False,8.62591552734375,8.62591552734375,26.56078338623047,26.56078338623047,482.01348876953125,482.01348876953125,216.7309112548828,216.7309112548828,2635.171875,2635.171875,2767.49169921875,2767.49169921875,1923.4140625,1923.4140625
21696,2,250,0,0,20,A1,pct_button,10,,,-33.418983459472656,False,False,False,8.62591552734375,8.123453140258789,26.56078338623047,8.586038589477539,482.01348876953125,482.01348876953125,216.7309112548828,216.7309112548828,2635.171875,2635.171875,2767.49169921875,2767.49169921875,1923.4140625,1923.4140625
21704,2,250,1,12,40,C1,pct_button,100,,,-18.703692197799683,False,False,False,8.123453140258789,1.2395843267440796,8.586038589477539,8.112261772155762,482.01348876953125,482.01348876953125,216.7309112548828,216.7309112548828,2635.171875,2635.171875,2767.49169921875,2767.49169921875,1923.4140625,1923.4140625
21712,2,250,2,11,39,C1,pct_button,50,,,-16.338874459266663,False,False,False,1.2395843267440796,0.2553485035896301,8.112261772155762,7.914088726043701,482.01348876953125,482.01348876953125,216.7309112548828,216.7309112548828,2635.171875,2635.171875,2767.49169921875,2767.49169921875,1923.4140625,1923.4140625
21720,2,250,3,0,20,A1,pct_button,10,,,-5.2244314551353455,False,False,False,0.2553485035896301,-0.0539073646068573,7.914088726043701,2.5583083629608154,482.01348876953125,482.01348876953125,216.7309112548828,216.7309112548828,2635.171875,2635.171875,2767.49169921875,2767.49169921875,1923.4140625,1923.4140625
21728,2,250,4,3,23,A1,pct_button,50,,,2.572688102722168,True,True,False,-0.0539073646068573,-16.936784744262695,2.5583083629608154,6.294550895690918,482.01348876953125,135.69064331054688,216.7309112548828,211.0277557373047,2635.171875,1002.93896484375,2767.49169921875,2407.65380859375,1923.4140625,-1916.9862060546875
