t,env_id,episode_id,step_in_ep,action_sub_idx,base_action_idx,target,type,pct,step,dir,reward,done,gate_ok,deviation_exploded,C1_before,C1_after,A1_before,A1_after,A2_before,A2_after,B2_before,B2_after,A3_before,A3_after,S3_before,S3_after,C3_before,C3_after
41880,3,550,-1,,,,,,,,,False,False,False,-9.304486274719238,-9.304486274719238,24.80232810974121,24.80232810974121,265.7253723144531,265.7253723144531,395.9250793457031,395.9250793457031,1788.9912109375,1788.9912109375,1375.8662109375,1375.8662109375,2289.75146484375,2289.75146484375
41880,3,550,0,3,23,A1,pct_button,50,,,-42.005313873291016,False,False,False,-9.304486274719238,-12.98505687713623,24.80232810974121,8.017600059509277,265.7253723144531,265.7253723144531,395.9250793457031,395.9250793457031,1788.9912109375,1788.9912109375,1375.8662109375,1375.8662109375,2289.75146484375,2289.75146484375
41888,3,550,1,1,21,A1,pct_button,20,,,-32.345674991607666,False,False,False,-12.98505687713623,-13.58106803894043,8.017600059509277,2.5917694568634033,265.7253723144531,265.7253723144531,395.9250793457031,395.9250793457031,1788.9912109375,1788.9912109375,1375.8662109375,1375.8662109375,2289.75146484375,2289.75146484375
41896,3,550,2,3,23,A1,pct_button,50,,,-30.453706979751587,False,False,False,-13.58106803894043,-14.3890380859375,2.5917694568634033,0.8378154039382935,265.7253723144531,265.7253723144531,395.9250793457031,395.9250793457031,1788.9912109375,1788.9912109375,1375.8662109375,1375.8662109375,2289.75146484375,2289.75146484375
41904,3,550,3,3,23,A1,pct_button,50,,,-28.039150536060333,False,False,False,-14.3890380859375,-13.748743057250977,0.8378154039382935,0.27083221077919006,265.7253723144531,265.7253723144531,395.9250793457031,395.9250793457031,1788.9912109375,1788.9912109375,1375.8662109375,1375.8662109375,2289.75146484375,2289.75146484375
41912,3,550,4,11,39,C1,pct_button,50,,,-10.186055362224579,False,False,False,-13.748743057250977,-4.623369216918945,0.27083221077919006,0.4696584641933441,265.7253723144531,265.7253723144531,395.9250793457031,395.9250793457031,1788.9912109375,1788.9912109375,1375.8662109375,1375.8662109375,2289.75146484375,2289.75146484375
41920,3,550,5,12,40,C1,pct_button,100,,,2.72161328792572,True,True,False,-4.623369216918945,-16.576528549194336,0.4696584641933441,7.151309490203857,265.7253723144531,259.6781311035156,395.9250793457031,144.5648193359375,1788.9912109375,1909.010009765625,1375.8662109375,2691.1318359375,2289.75146484375,-1996.2330322265625
