t,env_id,episode_id,step_in_ep,action_sub_idx,base_action_idx,target,type,pct,step,dir,reward,done,gate_ok,deviation_exploded,C1_before,C1_after,A1_before,A1_after,A2_before,A2_after,B2_before,B2_after,A3_before,A3_after,S3_before,S3_after,C3_before,C3_after
19072,2,210,-1,,,,,,,,,False,False,False,-12.570549964904785,-12.570549964904785,5.664974212646484,5.664974212646484,372.9815979003906,372.9815979003906,237.0160369873047,237.0160369873047,1399.5025634765625,1399.5025634765625,2817.864501953125,2817.864501953125,-2152.0205078125,-2152.0205078125
19072,2,210,0,1,21,A1,pct_button,20,,,-28.803100109100342,False,False,False,-12.570549964904785,-12.570290565490723,5.664974212646484,1.8312594890594482,372.9815979003906,372.9815979003906,237.0160369873047,237.0160369873047,1399.5025634765625,1399.5025634765625,2817.864501953125,2817.864501953125,-2152.0205078125,-2152.0205078125
19080,2,210,1,12,40,C1,pct_button,100,,,-9.551026821136475,False,False,False,-12.570290565490723,-2.6824638843536377,1.8312594890594482,2.0930495262145996,372.9815979003906,372.9815979003906,237.0160369873047,237.0160369873047,1399.5025634765625,1399.5025634765625,2817.864501953125,2817.864501953125,-2152.0205078125,-2152.0205078125
19088,2,210,2,10,38,C1,pct_button,30,,,-9.52893877029419,False,False,False,-2.6824638843536377,-2.1428496837615967,2.0930495262145996,2.621619701385498,372.9815979003906,372.9815979003906,237.0160369873047,237.0160369873047,1399.5025634765625,1399.5025634765625,2817.864501953125,2817.864501953125,-2152.0205078125,-2152.0205078125
19096,2,210,3,12,40,C1,pct_button,100,,,1.4226366877555847,True,True,False,-2.1428496837615967,15.059836387634277,2.621619701385498,22.727270126342773,372.9815979003906,313.1244201660156,237.0160369873047,428.0588073730469,1399.5025634765625,1975.96875,2817.864501953125,1452.1026611328125,-2152.0205078125,2121.99853515625
