t,env_id,episode_id,step_in_ep,action_sub_idx,base_action_idx,target,type,pct,step,dir,reward,done,gate_ok,deviation_exploded,C1_before,C1_after,A1_before,A1_after,A2_before,A2_after,B2_before,B2_after,A3_before,A3_after,S3_before,S3_after,C3_before,C3_after
13696,0,130,-1,,,,,,,,,False,False,False,3.2788095474243164,3.2788095474243164,45.5172233581543,45.5172233581543,324.5193786621094,324.5193786621094,209.80136108398438,209.80136108398438,2849.602783203125,2849.602783203125,2966.302978515625,2966.302978515625,-813.5280151367188,-813.5280151367188
13696,0,130,0,1,21,A1,pct_button,20,,,-33.74780988693237,False,False,False,3.2788095474243164,2.1600072383880615,45.5172233581543,14.713897705078125,324.5193786621094,324.5193786621094,209.80136108398438,209.80136108398438,2849.602783203125,2849.602783203125,2966.302978515625,2966.302978515625,-813.5280151367188,-813.5280151367188
13704,0,130,1,2,22,A1,pct_button,30,,,-12.73823070526123,False,False,False,2.1600072383880615,1.6127009391784668,14.713897705078125,4.756414413452148,324.5193786621094,324.5193786621094,209.80136108398438,209.80136108398438,2849.602783203125,2849.602783203125,2966.302978515625,2966.302978515625,-813.5280151367188,-813.5280151367188
13712,0,130,2,3,23,A1,pct_button,50,,,0.15118253231048584,True,True,False,1.6127009391784668,-16.924257278442383,4.756414413452148,12.979202270507812,324.5193786621094,143.88426208496094,209.80136108398438,472.8861999511719,2849.602783203125,2587.378173828125,2966.302978515625,1519.3153076171875,-813.5280151367188,2644.681640625
