t,env_id,episode_id,step_in_ep,action_sub_idx,base_action_idx,target,type,pct,step,dir,reward,done,gate_ok,deviation_exploded,C1_before,C1_after,A1_before,A1_after
1848,1,20,-1,,,,,,,,,False,False,False,-1.4452391862869263,-1.4452391862869263,8.657458305358887,8.657458305358887
1848,1,20,0,6,34,C1,pct_button,5,,,0.3775137257576,False,False,False,-1.4452391862869263,-1.3947349786758423,8.657458305358887,8.614295959472656
1856,1,20,1,4,24,A1,pct_button,100,,,3.908209252357482,False,False,False,-1.3947349786758423,-3.8421480655670166,8.614295959472656,4.289090633392334
1864,1,20,2,9,37,C1,pct_button,20,,,1.8944490766525275,False,False,False,-3.8421480655670166,-3.060406446456909,4.289090633392334,4.191123008728027
1872,1,20,3,6,34,C1,pct_button,5,,,0.7166113090515134,False,False,False,-3.060406446456909,-2.897840976715088,4.191123008728027,4.059960842132568
1880,1,20,4,12,40,C1,pct_button,100,,,0.12915603637695283,False,False,False,-2.897840976715088,-2.897840976715088,4.059960842132568,4.059960842132568
1888,1,20,5,12,40,C1,pct_button,100,,,7.86419556170702,False,False,False,-2.897840976715088,0.09185774624347687,4.059960842132568,2.9593584537506104
1896,1,20,6,8,36,C1,pct_button,15,,,-0.1393487586081028,False,False,False,0.09185774624347687,-0.10728462785482407,2.9593584537506104,3.0400795936584473
1904,1,20,7,0,20,A1,pct_button,10,,,10.34221325956285,True,True,False,-0.10728462785482407,6.01414155960083,3.0400795936584473,4.97422981262207
