t,env_id,episode_id,step_in_ep,action_sub_idx,base_action_idx,target,type,pct,step,dir,reward,done,gate_ok,deviation_exploded,C1_before,C1_after,A1_before,A1_after
30888,2,310,-1,,,,,,,,,False,False,False,-1.4046722650527954,-1.4046722650527954,22.535940170288086,22.535940170288086
30888,2,310,0,1,21,A1,pct_button,20,,,0.4688122487068165,False,False,False,-1.4046722650527954,-1.4046722650527954,22.535940170288086,22.535940170288086
30896,2,310,1,1,21,A1,pct_button,20,,,30.472852635383603,False,False,False,-1.4046722650527954,-2.2986528873443604,22.535940170288086,6.488403797149658
30904,2,310,2,0,20,A1,pct_button,10,,,8.508795490264893,False,False,False,-2.2986528873443604,-2.4850244522094727,6.488403797149658,2.0883684158325195
30912,2,310,3,11,39,C1,pct_button,50,,,2.1216065883636475,False,False,False,-2.4850244522094727,-0.9568300247192383,2.0883684158325195,2.5861897468566895
30920,2,310,4,1,21,A1,pct_button,20,,,9.594929792881011,True,True,False,-0.9568300247192383,-8.99077033996582,2.5861897468566895,48.13983154296875
