t,env_id,episode_id,step_in_ep,action_sub_idx,base_action_idx,target,type,pct,step,dir,reward,done,gate_ok,deviation_exploded,C1_before,C1_after,A1_before,A1_after,A2_before,A2_after,B2_before,B2_after,A3_before,A3_after,S3_before,S3_after,C3_before,C3_after
27520,5,330,-1,,,,,,,,,False,False,False,-9.593568801879883,-9.593568801879883,1.9684735536575317,1.9684735536575317,162.47926330566406,162.47926330566406,136.65013122558594,136.65013122558594,1470.8209228515625,1470.8209228515625,1350.2510986328125,1350.2510986328125,-1867.76904296875,-1867.76904296875
27520,5,330,0,12,40,C1,pct_button,100,,,-8.537551879882812,False,False,False,-9.593568801879883,-3.015097141265869,1.9684735536575317,1.253678798675537,162.47926330566406,162.47926330566406,136.65013122558594,136.65013122558594,1470.8209228515625,1470.8209228515625,1350.2510986328125,1350.2510986328125,-1867.76904296875,-1867.76904296875
27528,5,330,1,3,23,A1,pct_button,50,,,-6.5323845744133,False,False,False,-3.015097141265869,-2.8609280586242676,1.253678798675537,0.4052642285823822,162.47926330566406,162.47926330566406,136.65013122558594,136.65013122558594,1470.8209228515625,1470.8209228515625,1350.2510986328125,1350.2510986328125,-1867.76904296875,-1867.76904296875
27536,5,330,2,3,23,A1,pct_button,50,,,-7.302329897880554,False,False,False,-2.8609280586242676,-3.5201592445373535,0.4052642285823822,0.13100570440292358,162.47926330566406,162.47926330566406,136.65013122558594,136.65013122558594,1470.8209228515625,1470.8209228515625,1350.2510986328125,1350.2510986328125,-1867.76904296875,-1867.76904296875
27544,5,330,3,11,39,C1,pct_button,50,,,-4.23738169670105,False,False,False,-3.5201592445373535,-1.664445161819458,0.13100570440292358,0.4542456865310669,162.47926330566406,162.47926330566406,136.65013122558594,136.65013122558594,1470.8209228515625,1470.8209228515625,1350.2510986328125,1350.2510986328125,-1867.76904296875,-1867.76904296875
27552,5,330,4,11,39,C1,pct_button,50,,,1.5710163116455078,True,True,False,-1.664445161819458,-8.62806510925293,0.4542456865310669,20.419647216796875,162.47926330566406,219.4860076904297,136.65013122558594,357.72271728515625,1470.8209228515625,2141.90576171875,1350.2510986328125,2308.977783203125,-1867.76904296875,2232.8017578125
