t,env_id,episode_id,step_in_ep,action_sub_idx,base_action_idx,target,type,pct,step,dir,reward,done,gate_ok,deviation_exploded,C1_before,C1_after,A1_before,A1_after
24248,5,230,-1,,,,,,,,,False,False,False,12.321056365966797,12.321056365966797,1.9817482233047485,1.9817482233047485
24248,5,230,0,8,36,C1,pct_button,15,,,4.66328684091568,False,False,False,12.321056365966797,10.214056968688965,1.9817482233047485,1.8729745149612427
24256,5,230,1,1,21,A1,pct_button,20,,,1.148214735984803,False,False,False,10.214056968688965,9.850492477416992,1.8729745149612427,1.7736732959747314
24264,5,230,2,1,21,A1,pct_button,20,,,0.22248331546783517,False,False,False,9.850492477416992,9.850492477416992,1.7736732959747314,1.7736732959747314
24272,5,230,3,12,40,C1,pct_button,100,,,16.31976357758045,False,False,False,9.850492477416992,-0.3755050003528595,1.7736732959747314,3.1187212467193604
24280,5,230,4,6,34,C1,pct_button,5,,,-0.08919208347797379,False,False,False,-0.3755050003528595,-0.3528679311275482,3.1187212467193604,3.2166495323181152
24288,5,230,5,7,35,C1,pct_button,10,,,0.08070622384548166,False,False,False,-0.3528679311275482,-0.29477593302726746,3.2166495323181152,3.264986038208008
24296,5,230,6,12,40,C1,pct_button,100,,,7.477915662825108,True,True,False,-0.29477593302726746,-5.868660926818848,3.264986038208008,3.434016466140747
