t,env_id,episode_id,step_in_ep,action_sub_idx,base_action_idx,target,type,pct,step,dir,reward,done,gate_ok,deviation_exploded,C1_before,C1_after,A1_before,A1_after
19832,5,190,-1,,,,,,,,,False,False,False,13.47916316986084,13.47916316986084,46.188018798828125,46.188018798828125
19832,5,190,0,5,33,C1,pct_button,1,,,1.4191287803649908,False,False,False,13.47916316986084,13.364790916442871,46.188018798828125,46.18330764770508
19840,5,190,1,1,21,A1,pct_button,20,,,62.94100755691529,False,False,False,13.364790916442871,11.399855613708496,46.18330764770508,16.956300735473633
19848,5,190,2,4,24,A1,pct_button,100,,,33.20686571121216,False,False,False,11.399855613708496,5.330911636352539,16.956300735473633,6.535475730895996
19856,5,190,3,10,38,C1,pct_button,30,,,3.6722478294372554,False,False,False,5.330911636352539,4.0171403884887695,6.535475730895996,6.10938835144043
19864,5,190,4,1,21,A1,pct_button,20,,,7.961005935668945,False,False,False,4.0171403884887695,3.7345621585845947,6.10938835144043,2.468494176864624
19872,5,190,5,0,20,A1,pct_button,10,,,-0.0435664176940913,False,False,False,3.7345621585845947,3.832230806350708,2.468494176864624,2.4504354000091553
19880,5,190,6,11,39,C1,pct_button,50,,,3.894347517490388,False,False,False,3.832230806350708,1.8961604833602905,2.4504354000091553,2.478074312210083
19888,5,190,7,10,38,C1,pct_button,30,,,7.323409894704819,True,True,False,1.8961604833602905,-18.84206199645996,2.478074312210083,2.812757730484009
