t,env_id,episode_id,step_in_ep,action_sub_idx,base_action_idx,target,type,pct,step,dir,reward,done,gate_ok,deviation_exploded,C1_before,C1_after,A1_before,A1_after,A2_before,A2_after,B2_before,B2_after,A3_before,A3_after,S3_before,S3_after,C3_before,C3_after
4064,5,40,-1,,,,,,,,,False,False,False,10.99700927734375,10.99700927734375,24.761274337768555,24.761274337768555,242.49575805664062,242.49575805664062,313.197021484375,313.197021484375,2871.743896484375,2871.743896484375,2783.262451171875,2783.262451171875,-1171.919921875,-1171.919921875
4064,5,40,0,5,33,C1,pct_button,1,,,0.9970892333984318,False,False,False,10.99700927734375,10.842315673828125,24.761274337768555,24.768531799316406,242.49575805664062,242.49575805664062,313.197021484375,313.197021484375,2871.743896484375,2871.743896484375,2783.262451171875,2783.262451171875,-1171.919921875,-1171.919921875
4072,5,40,1,1,21,A1,pct_button,20,,,0.7022169494628849,False,False,False,10.842315673828125,10.842315673828125,24.768531799316406,24.768531799316406,242.49575805664062,242.49575805664062,313.197021484375,313.197021484375,2871.743896484375,2871.743896484375,2783.262451171875,2783.262451171875,-1171.919921875,-1171.919921875
4080,5,40,2,2,22,A1,pct_button,30,,,35.228816280364995,False,False,False,10.842315673828125,9.803912162780762,24.768531799316406,8.369258880615234,242.49575805664062,242.49575805664062,313.197021484375,313.197021484375,2871.743896484375,2871.743896484375,2783.262451171875,2783.262451171875,-1171.919921875,-1171.919921875
4088,5,40,3,9,37,C1,pct_button,20,,,6.5667969131469714,False,False,False,9.803912162780762,6.960641860961914,8.369258880615234,8.074481964111328,242.49575805664062,242.49575805664062,313.197021484375,313.197021484375,2871.743896484375,2871.743896484375,2783.262451171875,2783.262451171875,-1171.919921875,-1171.919921875
4096,5,40,4,12,40,C1,pct_button,100,,,14.485775130987168,False,False,False,6.960641860961914,0.10104173421859741,8.074481964111328,7.764853477478027,242.49575805664062,242.49575805664062,313.197021484375,313.197021484375,2871.743896484375,2871.743896484375,2783.262451171875,2783.262451171875,-1171.919921875,-1171.919921875
4104,5,40,5,1,21,A1,pct_button,20,,,17.41187239587307,True,True,False,0.10104173421859741,6.156911849975586,7.764853477478027,42.40984344482422,242.49575805664062,332.00994873046875,313.197021484375,339.1368713378906,2871.743896484375,2475.140380859375,2783.262451171875,1723.6575927734375,-1171.919921875,1457.35546875
