t,env_id,episode_id,step_in_ep,action_sub_idx,base_action_idx,target,type,pct,step,dir,reward,done,gate_ok,deviation_exploded,C1_before,C1_after,A1_before,A1_after,A2_before,A2_after,B2_before,B2_after,A3_before,A3_after,S3_before,S3_after,C3_before,C3_after
50936,4,710,-1,,,,,,,,,False,False,False,-8.018086433410645,-8.018086433410645,29.209331512451172,29.209331512451172,435.48681640625,435.48681640625,437.3544921875,437.3544921875,1607.6417236328125,1607.6417236328125,2805.3544921875,2805.3544921875,1864.72705078125,1864.72705078125
50936,4,710,0,0,20,A1,pct_button,10,,,-36.672142028808594,False,False,False,-8.018086433410645,-8.8938627243042,29.209331512451172,9.442208290100098,435.48681640625,435.48681640625,437.3544921875,437.3544921875,1607.6417236328125,1607.6417236328125,2805.3544921875,2805.3544921875,1864.72705078125,1864.72705078125
50944,4,710,1,2,22,A1,pct_button,30,,,-26.038387775421143,False,False,False,-8.8938627243042,-9.96690559387207,9.442208290100098,3.052288293838501,435.48681640625,435.48681640625,437.3544921875,437.3544921875,1607.6417236328125,1607.6417236328125,2805.3544921875,2805.3544921875,1864.72705078125,1864.72705078125
50952,4,710,2,12,40,C1,pct_button,100,,,-11.3949453830719,False,False,False,-9.96690559387207,-0.4600421190261841,3.052288293838501,5.237430572509766,435.48681640625,435.48681640625,437.3544921875,437.3544921875,1607.6417236328125,1607.6417236328125,2805.3544921875,2805.3544921875,1864.72705078125,1864.72705078125
50960,4,710,3,2,22,A1,pct_button,30,,,0.2255115509033203,True,True,False,-0.4600421190261841,-17.012550354003906,5.237430572509766,36.7093620300293,435.48681640625,220.1170654296875,437.3544921875,125.85153198242188,1607.6417236328125,1636.68994140625,2805.3544921875,2793.56005859375,1864.72705078125,-2479.26416015625
