t,env_id,episode_id,step_in_ep,action_sub_idx,base_action_idx,target,type,pct,step,dir,reward,done,gate_ok,deviation_exploded,C1_before,C1_after,A1_before,A1_after,A2_before,A2_after,B2_before,B2_after,A3_before,A3_after,S3_before,S3_after,C3_before,C3_after
44208,0,590,-1,,,,,,,,,False,False,False,9.952220916748047,9.952220916748047,18.243993759155273,18.243993759155273,146.8171844482422,146.8171844482422,177.19590759277344,177.19590759277344,2976.86572265625,2976.86572265625,1890.7225341796875,1890.7225341796875,1615.8721923828125,1615.8721923828125
44208,0,590,0,12,40,C1,pct_button,100,,,-44.06874656677246,False,False,False,9.952220916748047,3.923954963684082,18.243993759155273,18.11041831970215,146.8171844482422,146.8171844482422,177.19590759277344,177.19590759277344,2976.86572265625,2976.86572265625,1890.7225341796875,1890.7225341796875,1615.8721923828125,1615.8721923828125
44216,0,590,1,3,23,A1,pct_button,50,,,-15.07050371170044,False,False,False,3.923954963684082,1.680877923965454,18.11041831970215,5.854373931884766,146.8171844482422,146.8171844482422,177.19590759277344,177.19590759277344,2976.86572265625,2976.86572265625,1890.7225341796875,1890.7225341796875,1615.8721923828125,1615.8721923828125
44224,0,590,2,12,40,C1,pct_button,100,,,-9.665360033512115,False,False,False,1.680877923965454,-0.16587522625923157,5.854373931884766,4.666804790496826,146.8171844482422,146.8171844482422,177.19590759277344,177.19590759277344,2976.86572265625,2976.86572265625,1890.7225341796875,1890.7225341796875,1615.8721923828125,1615.8721923828125
44232,0,590,3,1,21,A1,pct_button,20,,,0.49891817569732666,True,True,False,-0.16587522625923157,18.66764259338379,4.666804790496826,43.11696243286133,146.8171844482422,429.3661193847656,177.19590759277344,424.8846740722656,2976.86572265625,2523.47314453125,1890.7225341796875,1724.734619140625,1615.8721923828125,1575.012451171875
