t,env_id,episode_id,step_in_ep,action_sub_idx,base_action_idx,target,type,pct,step,dir,reward,done,gate_ok,deviation_exploded,C1_before,C1_after,A1_before,A1_after,A2_before,A2_after,B2_before,B2_after,A3_before,A3_after,S3_before,S3_after,C3_before,C3_after
40984,1,340,-1,,,,,,,,,False,False,False,7.160022258758545,7.160022258758545,23.796489715576172,23.796489715576172,156.2537078857422,156.2537078857422,253.0297088623047,253.0297088623047,1832.8292236328125,1832.8292236328125,2599.212158203125,2599.212158203125,-940.978271484375,-940.978271484375
40984,1,340,0,3,23,A1,pct_button,50,,,42.77165934562684,False,False,False,7.160022258758545,6.064296722412109,23.796489715576172,3.598008632659912,156.2537078857422,156.2537078857422,253.0297088623047,253.0297088623047,1832.8292236328125,1832.8292236328125,2599.212158203125,2599.212158203125,-940.978271484375,-940.978271484375
40992,1,340,1,9,37,C1,pct_button,20,,,3.0382789468765257,False,False,False,6.064296722412109,4.783266067504883,3.598008632659912,3.437103509902954,156.2537078857422,156.2537078857422,253.0297088623047,253.0297088623047,1832.8292236328125,1832.8292236328125,2599.212158203125,2599.212158203125,-940.978271484375,-940.978271484375
41000,1,340,2,12,40,C1,pct_button,100,,,6.715772774331272,False,False,False,4.783266067504883,0.02958458475768566,3.437103509902954,4.876964092254639,156.2537078857422,156.2537078857422,253.0297088623047,253.0297088623047,1832.8292236328125,1832.8292236328125,2599.212158203125,2599.212158203125,-940.978271484375,-940.978271484375
41008,1,340,3,8,36,C1,pct_button,15,,,0.10738440595567213,False,False,False,0.02958458475768566,0.060200098901987076,4.876964092254639,4.836624622344971,156.2537078857422,156.2537078857422,253.0297088623047,253.0297088623047,1832.8292236328125,1832.8292236328125,2599.212158203125,2599.212158203125,-940.978271484375,-940.978271484375
41016,1,340,4,3,23,A1,pct_button,50,,,10.244853515326977,True,True,False,0.060200098901987076,16.758127212524414,4.836624622344971,21.763404846191406,156.2537078857422,149.41648864746094,253.0297088623047,339.1232604980469,1832.8292236328125,2970.279541015625,2599.212158203125,2525.865966796875,-940.978271484375,1583.857421875
