t,env_id,episode_id,step_in_ep,action_sub_idx,base_action_idx,target,type,pct,step,dir,reward,done,gate_ok,deviation_exploded,C1_before,C1_after,A1_before,A1_after,A2_before,A2_after,B2_before,B2_after,A3_before,A3_after,S3_before,S3_after,C3_before,C3_after
12512,1,120,-1,,,,,,,,,False,False,False,8.093771934509277,8.093771934509277,2.154985189437866,2.154985189437866,222.46778869628906,222.46778869628906,309.4208068847656,309.4208068847656,1590.8870849609375,1590.8870849609375,2459.617919921875,2459.617919921875,2422.313232421875,2422.313232421875
12512,1,120,0,1,21,A1,pct_button,20,,,-17.294776916503906,False,False,False,8.093771934509277,7.950767993927002,2.154985189437866,0.6966204643249512,222.46778869628906,222.46778869628906,309.4208068847656,309.4208068847656,1590.8870849609375,1590.8870849609375,2459.617919921875,2459.617919921875,2422.313232421875,2422.313232421875
12520,1,120,1,8,36,C1,pct_button,15,,,-15.230445861816406,False,False,False,7.950767993927002,6.930039405822754,0.6966204643249512,0.6851835250854492,222.46778869628906,222.46778869628906,309.4208068847656,309.4208068847656,1590.8870849609375,1590.8870849609375,2459.617919921875,2459.617919921875,2422.313232421875,2422.313232421875
12528,1,120,2,12,40,C1,pct_button,100,,,0.4481596350669861,True,True,False,6.930039405822754,-13.601162910461426,0.6851835250854492,1.6279042959213257,222.46778869628906,118.64405822753906,309.4208068847656,292.10791015625,1590.8870849609375,1168.610107421875,2459.617919921875,1636.172119140625,2422.313232421875,-2378.611083984375
