t,env_id,episode_id,step_in_ep,action_sub_idx,base_action_idx,target,type,pct,step,dir,reward,done,gate_ok,deviation_exploded,C1_before,C1_after,A1_before,A1_after
39800,4,320,-1,,,,,,,,,False,False,False,-10.87693977355957,-10.87693977355957,39.249656677246094,39.249656677246094
39800,4,320,0,2,22,A1,pct_button,30,,,19.078729629516605,False,False,False,-10.87693977355957,-13.389066696166992,39.249656677246094,27.603086471557617
39808,4,320,1,2,22,A1,pct_button,30,,,0.8098430633544973,False,False,False,-13.389066696166992,-13.389066696166992,27.603086471557617,27.603086471557617
39816,4,320,2,2,22,A1,pct_button,30,,,13.336690597534178,False,False,False,-13.389066696166992,-15.232433319091797,27.603086471557617,19.433029174804688
39824,4,320,3,2,22,A1,pct_button,30,,,9.119272880554197,False,False,False,-15.232433319091797,-16.88973617553711,19.433029174804688,13.515138626098633
39832,4,320,4,3,23,A1,pct_button,50,,,11.718011989593505,False,False,False,-16.88973617553711,-18.095687866210938,13.515138626098633,6.693068504333496
39840,4,320,5,4,24,A1,pct_button,100,,,11.298547978401187,False,False,False,-18.095687866210938,-18.769224166870117,6.693068504333496,0.5585358142852783
39848,4,320,6,9,37,C1,pct_button,20,,,8.684241926670074,False,False,False,-18.769224166870117,-14.639158248901367,0.5585358142852783,0.49280035495758057
39856,4,320,7,12,40,C1,pct_button,100,,,29.527955083847043,True,True,False,-14.639158248901367,8.491114616394043,0.49280035495758057,25.83921241760254
