t,env_id,episode_id,step_in_ep,action_sub_idx,base_action_idx,target,type,pct,step,dir,reward,done,gate_ok,deviation_exploded,C1_before,C1_after,A1_before,A1_after,A2_before,A2_after,B2_before,B2_after,A3_before,A3_after,S3_before,S3_after,C3_before,C3_after
11840,0,100,-1,,,,,,,,,False,False,False,6.348389625549316,6.348389625549316,44.380245208740234,44.380245208740234,479.3731994628906,479.3731994628906,232.5238037109375,232.5238037109375,1875.81640625,1875.81640625,2891.26806640625,2891.26806640625,2796.5712890625,2796.5712890625
11840,0,100,0,3,23,A1,pct_button,50,,,72.06307076394557,False,False,False,6.348389625549316,0.494405597448349,44.380245208740234,14.346098899841309,479.3731994628906,479.3731994628906,232.5238037109375,232.5238037109375,1875.81640625,1875.81640625,2891.26806640625,2891.26806640625,2796.5712890625,2796.5712890625
11848,0,100,1,0,20,A1,pct_button,10,,,18.6018485045433,False,False,False,0.494405597448349,0.26454830169677734,14.346098899841309,5.325936794281006,479.3731994628906,479.3731994628906,232.5238037109375,232.5238037109375,1875.81640625,1875.81640625,2891.26806640625,2891.26806640625,2796.5712890625,2796.5712890625
11856,0,100,2,11,39,C1,pct_button,50,,,0.10180970191955631,False,False,False,0.26454830169677734,0.26454830169677734,5.325936794281006,5.325936794281006,479.3731994628906,479.3731994628906,232.5238037109375,232.5238037109375,1875.81640625,1875.81640625,2891.26806640625,2891.26806640625,2796.5712890625,2796.5712890625
11864,0,100,3,6,34,C1,pct_button,5,,,0.02824787199497237,False,False,False,0.26454830169677734,0.24522462487220764,5.325936794281006,5.382412910461426,479.3731994628906,479.3731994628906,232.5238037109375,232.5238037109375,1875.81640625,1875.81640625,2891.26806640625,2891.26806640625,2796.5712890625,2796.5712890625
11872,0,100,4,11,39,C1,pct_button,50,,,-1.1357336273789402,False,False,False,0.24522462487220764,0.20489321649074554,5.382412910461426,6.0481414794921875,479.3731994628906,479.3731994628906,232.5238037109375,232.5238037109375,1875.81640625,1875.81640625,2891.26806640625,2891.26806640625,2796.5712890625,2796.5712890625
11880,0,100,5,0,20,A1,pct_button,10,,,13.058264881074429,True,True,False,0.20489321649074554,-18.086061477661133,6.0481414794921875,47.43096160888672,479.3731994628906,281.3746032714844,232.5238037109375,265.60113525390625,1875.81640625,2923.813232421875,2891.26806640625,2241.46142578125,2796.5712890625,-2322.321533203125
