t,env_id,episode_id,step_in_ep,action_sub_idx,base_action_idx,target,type,pct,step,dir,reward,done,gate_ok,deviation_exploded,C1_before,C1_after,A1_before,A1_after
7096,3,50,-1,,,,,,,,,False,False,False,0.5037046670913696,0.5037046670913696,12.361416816711426,12.361416816711426
7096,3,50,0,7,35,C1,pct_button,10,,,0.13259762167930744,False,False,False,0.5037046670913696,0.3441089987754822,12.361416816711426,12.578944206237793
7104,3,50,1,8,36,C1,pct_button,15,,,0.7837287086248403,False,False,False,0.3441089987754822,0.20130667090415955,12.578944206237793,12.451409339904785
7112,3,50,2,3,23,A1,pct_button,50,,,13.37070279598236,False,False,False,0.20130667090415955,-1.1887396574020386,12.451409339904785,4.833850860595703
7120,3,50,3,12,40,C1,pct_button,100,,,11.494640214443207,True,True,False,-1.1887396574020386,-0.8101330399513245,4.833850860595703,36.981292724609375
