t,env_id,episode_id,step_in_ep,action_sub_idx,base_action_idx,target,type,pct,step,dir,reward,done,gate_ok,deviation_exploded,C1_before,C1_after,A1_before,A1_after,A2_before,A2_after,B2_before,B2_after,A3_before,A3_after,S3_before,S3_after,C3_before,C3_after
50984,5,680,-1,,,,,,,,,False,False,False,-2.7991108894348145,-2.7991108894348145,2.2723233699798584,2.2723233699798584,483.73126220703125,483.73126220703125,240.5631103515625,240.5631103515625,2613.0224609375,2613.0224609375,2176.627685546875,2176.627685546875,-1623.77294921875,-1623.77294921875
50984,5,680,0,12,40,C1,pct_button,100,,,-11.134040355682373,False,False,False,-2.7991108894348145,2.5662648677825928,2.2723233699798584,3.0007553100585938,483.73126220703125,483.73126220703125,240.5631103515625,240.5631103515625,2613.0224609375,2613.0224609375,2176.627685546875,2176.627685546875,-1623.77294921875,-1623.77294921875
50992,5,680,1,3,23,A1,pct_button,50,,,-6.1580681800842285,False,False,False,2.5662648677825928,2.1090099811553955,3.0007553100585938,0.9700241088867188,483.73126220703125,483.73126220703125,240.5631103515625,240.5631103515625,2613.0224609375,2613.0224609375,2176.627685546875,2176.627685546875,-1623.77294921875,-1623.77294921875
51000,5,680,2,12,40,C1,pct_button,100,,,-5.265386343002319,False,False,False,2.1090099811553955,1.6231859922409058,0.9700241088867188,1.009507179260254,483.73126220703125,483.73126220703125,240.5631103515625,240.5631103515625,2613.0224609375,2613.0224609375,2176.627685546875,2176.627685546875,-1623.77294921875,-1623.77294921875
51008,5,680,3,2,22,A1,pct_button,30,,,-3.342568874359131,False,False,False,1.6231859922409058,1.3449511528015137,1.009507179260254,0.32633328437805176,483.73126220703125,483.73126220703125,240.5631103515625,240.5631103515625,2613.0224609375,2613.0224609375,2176.627685546875,2176.627685546875,-1623.77294921875,-1623.77294921875
51016,5,680,4,2,22,A1,pct_button,30,,,2.861028701066971,True,True,False,1.3449511528015137,-3.7896673679351807,0.32633328437805176,8.011632919311523,483.73126220703125,420.7840881347656,240.5631103515625,265.3667297363281,2613.0224609375,1524.67822265625,2176.627685546875,1654.916748046875,-1623.77294921875,-2699.562255859375
