t,env_id,episode_id,step_in_ep,action_sub_idx,base_action_idx,target,type,pct,step,dir,reward,done,gate_ok,deviation_exploded,C1_before,C1_after,A1_before,A1_after
4576,0,30,-1,,,,,,,,,False,False,False,6.292932510375977,6.292932510375977,32.267845153808594,32.267845153808594
4576,0,30,0,3,23,A1,pct_button,50,,,33.604685254096985,False,False,False,6.292932510375977,2.6590416431427,32.267845153808594,19.314125061035156
4584,0,30,1,4,24,A1,pct_button,100,,,34.79800081729889,False,False,False,2.6590416431427,-1.358888864517212,19.314125061035156,3.2564306259155273
4592,0,30,2,7,35,C1,pct_button,10,,,0.4729558205604556,False,False,False,-1.358888864517212,-1.1676884889602661,3.2564306259155273,3.250333309173584
4600,0,30,3,4,24,A1,pct_button,100,,,0.07836043596267729,False,False,False,-1.1676884889602661,-1.1676884889602661,3.250333309173584,3.250333309173584
4608,0,30,4,3,23,A1,pct_button,50,,,7.567913844585419,True,True,False,-1.1676884889602661,-13.646544456481934,3.250333309173584,44.733062744140625
