t,env_id,episode_id,step_in_ep,action_sub_idx,base_action_idx,target,type,pct,step,dir,reward,done,gate_ok,deviation_exploded,C1_before,C1_after,A1_before,A1_after,A2_before,A2_after,B2_before,B2_after,A3_before,A3_after,S3_before,S3_after,C3_before,C3_after
6080,4,50,-1,,,,,,,,,False,False,False,4.39798641204834,4.39798641204834,25.499544143676758,25.499544143676758,300.6977233886719,300.6977233886719,311.2531433105469,311.2531433105469,2928.438232421875,2928.438232421875,2471.7001953125,2471.7001953125,2226.6484375,2226.6484375
6080,4,50,0,6,34,C1,pct_button,5,,,1.1037499618530313,False,False,False,4.39798641204834,4.165386199951172,25.499544143676758,25.47163963317871,300.6977233886719,300.6977233886719,311.2531433105469,311.2531433105469,2928.438232421875,2928.438232421875,2471.7001953125,2471.7001953125,2226.6484375,2226.6484375
6088,4,50,1,11,39,C1,pct_button,50,,,3.7659739875793488,False,False,False,4.165386199951172,2.496403694152832,25.47163963317871,25.532928466796875,300.6977233886719,300.6977233886719,311.2531433105469,311.2531433105469,2928.438232421875,2928.438232421875,2471.7001953125,2471.7001953125,2226.6484375,2226.6484375
6096,4,50,2,2,22,A1,pct_button,30,,,46.61803505837918,False,False,False,2.496403694152832,0.2258952558040619,25.532928466796875,4.537048816680908,300.6977233886719,300.6977233886719,311.2531433105469,311.2531433105469,2928.438232421875,2928.438232421875,2471.7001953125,2471.7001953125,2226.6484375,2226.6484375
6104,4,50,3,3,23,A1,pct_button,50,,,9.230202391147614,True,True,False,0.2258952558040619,3.7842769622802734,4.537048816680908,31.38035011291504,300.6977233886719,141.79180908203125,311.2531433105469,163.044677734375,2928.438232421875,2873.89013671875,2471.7001953125,2245.33203125,2226.6484375,1762.7413330078125
