t,env_id,episode_id,step_in_ep,action_sub_idx,base_action_idx,target,type,pct,step,dir,reward,done,gate_ok,deviation_exploded,C1_before,C1_after,A1_before,A1_after
33776,2,340,-1,,,,,,,,,False,False,False,-6.488930702209473,-6.488930702209473,4.790400505065918,4.790400505065918
33776,2,340,0,5,33,C1,pct_button,1,,,0.34280160903930734,False,False,False,-6.488930702209473,-6.424288749694824,4.790400505065918,4.790792465209961
33784,2,340,1,12,40,C1,pct_button,100,,,10.160766816511751,False,False,False,-6.424288749694824,0.05728653445839882,4.790792465209961,6.134327411651611
33792,2,340,2,11,39,C1,pct_button,50,,,-0.3815977683663372,False,False,False,0.05728653445839882,0.47878506779670715,6.134327411651611,5.963046073913574
33800,2,340,3,12,40,C1,pct_button,100,,,1.5594107308983796,False,False,False,0.47878506779670715,0.17453791201114655,5.963046073913574,5.539730548858643
33808,2,340,4,8,36,C1,pct_button,15,,,0.6202705380320557,False,False,False,0.17453791201114655,0.110404834151268,5.539730548858643,5.343265056610107
33816,2,340,5,8,36,C1,pct_button,15,,,0.1471046413481234,False,False,False,0.110404834151268,0.08835438638925552,5.343265056610107,5.341057300567627
33824,2,340,6,0,20,A1,pct_button,10,,,14.64602845121175,True,True,False,0.08835438638925552,-0.7645301222801208,5.341057300567627,13.692240715026855
