t,env_id,episode_id,step_in_ep,action_sub_idx,base_action_idx,target,type,pct,step,dir,reward,done,gate_ok,deviation_exploded,C1_before,C1_after,A1_before,A1_after,A2_before,A2_after,B2_before,B2_after,A3_before,A3_after,S3_before,S3_after,C3_before,C3_after
30440,5,380,-1,,,,,,,,,False,False,False,-19.63431167602539,-19.63431167602539,15.091590881347656,15.091590881347656,177.09384155273438,177.09384155273438,187.0752716064453,187.0752716064453,2930.87548828125,2930.87548828125,2495.88330078125,2495.88330078125,2129.457275390625,2129.457275390625
30440,5,380,0,1,21,A1,pct_button,20,,,-51.821712493896484,False,False,False,-19.63431167602539,-21.0323486328125,15.091590881347656,4.878507614135742,177.09384155273438,177.09384155273438,187.0752716064453,187.0752716064453,2930.87548828125,2930.87548828125,2495.88330078125,2495.88330078125,2129.457275390625,2129.457275390625
30448,5,380,1,2,22,A1,pct_button,30,,,-45.96333312988281,False,False,False,-21.0323486328125,-21.404640197753906,4.878507614135742,1.5770263671875,177.09384155273438,177.09384155273438,187.0752716064453,187.0752716064453,2930.87548828125,2930.87548828125,2495.88330078125,2495.88330078125,2129.457275390625,2129.457275390625
30456,5,380,2,3,23,A1,pct_button,50,,,-46.08521854877472,False,False,False,-21.404640197753906,-22.532819747924805,1.5770263671875,0.5097895264625549,177.09384155273438,177.09384155273438,187.0752716064453,187.0752716064453,2930.87548828125,2930.87548828125,2495.88330078125,2495.88330078125,2129.457275390625,2129.457275390625
30464,5,380,3,12,40,C1,pct_button,100,,,-6.288564443588257,False,False,False,-22.532819747924805,-2.403463125228882,0.5097895264625549,0.7408190965652466,177.09384155273438,177.09384155273438,187.0752716064453,187.0752716064453,2930.87548828125,2930.87548828125,2495.88330078125,2495.88330078125,2129.457275390625,2129.457275390625
30472,5,380,4,12,40,C1,pct_button,100,,,1.9543924629688263,True,True,False,-2.403463125228882,8.785419464111328,0.7408190965652466,44.63523483276367,177.09384155273438,438.49798583984375,187.0752716064453,439.9497375488281,2930.87548828125,1095.581298828125,2495.88330078125,2972.9150390625,2129.457275390625,1353.9500732421875
