t,env_id,episode_id,step_in_ep,action_sub_idx,base_action_idx,target,type,pct,step,dir,reward,done,gate_ok,deviation_exploded,C1_before,C1_after,A1_before,A1_after,A2_before,A2_after,B2_before,B2_after,A3_before,A3_after,S3_before,S3_after,C3_before,C3_after
16768,6,150,-1,,,,,,,,,False,False,False,-1.7629072666168213,-1.7629072666168213,8.991142272949219,8.991142272949219,328.9768371582031,328.9768371582031,358.9104919433594,358.9104919433594,1063.0826416015625,1063.0826416015625,1227.1297607421875,1227.1297607421875,1993.4530029296875,1993.4530029296875
16768,6,150,0,8,36,C1,pct_button,15,,,1.0495867943763721,False,False,False,-1.7629072666168213,-1.5345121622085571,8.991142272949219,8.79301929473877,328.9768371582031,328.9768371582031,358.9104919433594,358.9104919433594,1063.0826416015625,1063.0826416015625,1227.1297607421875,1227.1297607421875,1993.4530029296875,1993.4530029296875
16776,6,150,1,11,39,C1,pct_button,50,,,2.0863864940404913,False,False,False,-1.5345121622085571,0.37767133116722107,8.79301929473877,8.995397567749023,328.9768371582031,328.9768371582031,358.9104919433594,358.9104919433594,1063.0826416015625,1063.0826416015625,1227.1297607421875,1227.1297607421875,1993.4530029296875,1993.4530029296875
16784,6,150,2,0,20,A1,pct_button,10,,,19.274180536568167,True,True,False,0.37767133116722107,-8.868366241455078,8.995397567749023,8.586003303527832,328.9768371582031,331.5726318359375,358.9104919433594,176.5207977294922,1063.0826416015625,2549.7919921875,1227.1297607421875,1629.6639404296875,1993.4530029296875,2048.788818359375
