t,env_id,episode_id,step_in_ep,action_sub_idx,base_action_idx,target,type,pct,step,dir,reward,done,gate_ok,deviation_exploded,C1_before,C1_after,A1_before,A1_after,A2_before,A2_after,B2_before,B2_after,A3_before,A3_after,S3_before,S3_after,C3_before,C3_after
25248,6,300,-1,,,,,,,,,False,False,False,-11.764669418334961,-11.764669418334961,11.691503524780273,11.691503524780273,384.3095397949219,384.3095397949219,225.15626525878906,225.15626525878906,2066.501953125,2066.501953125,1331.86865234375,1331.86865234375,2420.84423828125,2420.84423828125
25248,6,300,0,2,22,A1,pct_button,30,,,-33.81271266937256,False,False,False,-11.764669418334961,-13.126960754394531,11.691503524780273,3.779395580291748,384.3095397949219,384.3095397949219,225.15626525878906,225.15626525878906,2066.501953125,2066.501953125,1331.86865234375,1331.86865234375,2420.84423828125,2420.84423828125
25256,6,300,1,12,40,C1,pct_button,100,,,-17.857726097106934,False,False,False,-13.126960754394531,3.903207778930664,3.779395580291748,5.025655269622803,384.3095397949219,384.3095397949219,225.15626525878906,225.15626525878906,2066.501953125,2066.501953125,1331.86865234375,1331.86865234375,2420.84423828125,2420.84423828125
25264,6,300,2,12,40,C1,pct_button,100,,,-8.616316795349121,False,False,False,3.903207778930664,0.5211207866668701,5.025655269622803,3.7870376110076904,384.3095397949219,384.3095397949219,225.15626525878906,225.15626525878906,2066.501953125,2066.501953125,1331.86865234375,1331.86865234375,2420.84423828125,2420.84423828125
25272,6,300,3,9,37,C1,pct_button,20,,,-8.255068600177765,False,False,False,0.5211207866668701,-0.03824511170387268,3.7870376110076904,4.08928918838501,384.3095397949219,384.3095397949219,225.15626525878906,225.15626525878906,2066.501953125,2066.501953125,1331.86865234375,1331.86865234375,2420.84423828125,2420.84423828125
25280,6,300,4,3,23,A1,pct_button,50,,,0.6110378503799438,True,True,False,-0.03824511170387268,3.2312843799591064,4.08928918838501,21.478382110595703,384.3095397949219,386.93951416015625,225.15626525878906,445.9325866699219,2066.501953125,2280.706298828125,1331.86865234375,1523.989501953125,2420.84423828125,-1220.8641357421875
