t,env_id,episode_id,step_in_ep,action_sub_idx,base_action_idx,target,type,pct,step,dir,reward,done,gate_ok,deviation_exploded,C1_before,C1_after,A1_before,A1_after,A2_before,A2_after,B2_before,B2_after,A3_before,A3_after,S3_before,S3_after,C3_before,C3_after
31264,7,380,-1,,,,,,,,,False,False,False,19.935266494750977,19.935266494750977,10.732610702514648,10.732610702514648,447.03448486328125,447.03448486328125,412.88580322265625,412.88580322265625,1825.460205078125,1825.460205078125,1447.0015869140625,1447.0015869140625,-2620.7099609375,-2620.7099609375
31264,7,380,0,10,38,C1,pct_button,30,,,-49.55962944030762,False,False,False,19.935266494750977,14.279557228088379,10.732610702514648,10.50025749206543,447.03448486328125,447.03448486328125,412.88580322265625,412.88580322265625,1825.460205078125,1825.460205078125,1447.0015869140625,1447.0015869140625,-2620.7099609375,-2620.7099609375
31272,7,380,1,12,40,C1,pct_button,100,,,-22.498873472213745,False,False,False,14.279557228088379,1.3846286535263062,10.50025749206543,9.864808082580566,447.03448486328125,447.03448486328125,412.88580322265625,412.88580322265625,1825.460205078125,1825.460205078125,1447.0015869140625,1447.0015869140625,-2620.7099609375,-2620.7099609375
31280,7,380,2,0,20,A1,pct_button,10,,,-8.629853248596191,False,False,False,1.3846286535263062,1.1260287761688232,9.864808082580566,3.1888978481292725,447.03448486328125,447.03448486328125,412.88580322265625,412.88580322265625,1825.460205078125,1825.460205078125,1447.0015869140625,1447.0015869140625,-2620.7099609375,-2620.7099609375
31288,7,380,3,2,22,A1,pct_button,30,,,0.7764124870300293,True,True,False,1.1260287761688232,-5.26941442489624,3.1888978481292725,23.081485748291016,447.03448486328125,208.39230346679688,412.88580322265625,339.1332092285156,1825.460205078125,1252.837646484375,1447.0015869140625,2739.6630859375,-2620.7099609375,-926.1063232421875
