t,env_id,episode_id,step_in_ep,action_sub_idx,base_action_idx,target,type,pct,step,dir,reward,done,gate_ok,deviation_exploded,C1_before,C1_after,A1_before,A1_after,A2_before,A2_after,B2_before,B2_after,A3_before,A3_after,S3_before,S3_after,C3_before,C3_after
44928,1,610,-1,,,,,,,,,False,False,False,6.512454986572266,6.512454986572266,33.89575958251953,33.89575958251953,386.41583251953125,386.41583251953125,225.60214233398438,225.60214233398438,1111.7442626953125,1111.7442626953125,2655.589599609375,2655.589599609375,-1096.119384765625,-1096.119384765625
44928,1,610,0,12,40,C1,pct_button,100,,,-68.86716270446777,False,False,False,6.512454986572266,1.466597557067871,33.89575958251953,32.966983795166016,386.41583251953125,386.41583251953125,225.60214233398438,225.60214233398438,1111.7442626953125,1111.7442626953125,2655.589599609375,2655.589599609375,-1096.119384765625,-1096.119384765625
44936,1,610,1,1,21,A1,pct_button,20,,,-23.915306329727173,False,False,False,1.466597557067871,-1.3007460832595825,32.966983795166016,10.656907081604004,386.41583251953125,386.41583251953125,225.60214233398438,225.60214233398438,1111.7442626953125,1111.7442626953125,2655.589599609375,2655.589599609375,-1096.119384765625,-1096.119384765625
44944,1,610,2,0,20,A1,pct_button,10,,,-10.308666706085205,False,False,False,-1.3007460832595825,-1.7093818187713623,10.656907081604004,3.4449515342712402,386.41583251953125,386.41583251953125,225.60214233398438,225.60214233398438,1111.7442626953125,1111.7442626953125,2655.589599609375,2655.589599609375,-1096.119384765625,-1096.119384765625
44952,1,610,3,12,40,C1,pct_button,100,,,-7.081006288528442,False,False,False,-1.7093818187713623,-1.0329068899154663,3.4449515342712402,2.507596254348755,386.41583251953125,386.41583251953125,225.60214233398438,225.60214233398438,1111.7442626953125,1111.7442626953125,2655.589599609375,2655.589599609375,-1096.119384765625,-1096.119384765625
44960,1,610,4,1,21,A1,pct_button,20,,,1.0595389604568481,True,True,False,-1.0329068899154663,1.6985560655593872,2.507596254348755,20.591854095458984,386.41583251953125,365.7856750488281,225.60214233398438,325.70159912109375,1111.7442626953125,2672.158203125,2655.589599609375,1540.14501953125,-1096.119384765625,2041.6768798828125
