t,env_id,episode_id,step_in_ep,action_sub_idx,base_action_idx,target,type,pct,step,dir,reward,done,gate_ok,deviation_exploded,C1_before,C1_after,A1_before,A1_after,A2_before,A2_after,B2_before,B2_after,A3_before,A3_after,S3_before,S3_after,C3_before,C3_after
9104,4,80,-1,,,,,,,,,False,False,False,1.3836519718170166,1.3836519718170166,37.56834030151367,37.56834030151367,420.1885681152344,420.1885681152344,106.501220703125,106.501220703125,2959.02490234375,2959.02490234375,2709.89208984375,2709.89208984375,-1279.802978515625,-1279.802978515625
9104,4,80,0,0,20,A1,pct_button,10,,,49.452445816993716,False,False,False,1.3836519718170166,0.9941799640655518,37.56834030151367,13.370233535766602,420.1885681152344,420.1885681152344,106.501220703125,106.501220703125,2959.02490234375,2959.02490234375,2709.89208984375,2709.89208984375,-1279.802978515625,-1279.802978515625
9112,4,80,1,0,20,A1,pct_button,10,,,18.42895931482315,False,False,False,0.9941799640655518,0.8083082437515259,13.370233535766602,4.388594627380371,420.1885681152344,420.1885681152344,106.501220703125,106.501220703125,2959.02490234375,2959.02490234375,2709.89208984375,2709.89208984375,-1279.802978515625,-1279.802978515625
9120,4,80,2,0,20,A1,pct_button,10,,,12.182829684019088,True,True,False,0.8083082437515259,-7.454939365386963,4.388594627380371,10.399950981140137,420.1885681152344,227.85647583007812,106.501220703125,313.3275451660156,2959.02490234375,1352.2012939453125,2709.89208984375,2303.07763671875,-1279.802978515625,893.3309326171875
