t,env_id,episode_id,step_in_ep,action_sub_idx,base_action_idx,target,type,pct,step,dir,reward,done,gate_ok,deviation_exploded,C1_before,C1_after,A1_before,A1_after
27600,5,60,-1,,,,,,,,,False,False,False,7.411327838897705,7.411327838897705,32.82814407348633,32.82814407348633
27600,5,60,0,1,21,A1,pct_button,20,,,11.010838546752927,False,False,False,7.411327838897705,9.282495498657227,32.82814407348633,25.79735565185547
27608,5,60,1,3,23,A1,pct_button,50,,,23.287092075347896,False,False,False,9.282495498657227,10.84155559539795,25.79735565185547,12.82642936706543
27616,5,60,2,11,39,C1,pct_button,50,,,16.64983269691467,False,False,False,10.84155559539795,6.761605739593506,12.82642936706543,8.731392860412598
27624,5,60,3,1,21,A1,pct_button,20,,,2.861735734939577,False,False,False,6.761605739593506,5.232141971588135,8.731392860412598,8.96697998046875
27632,5,60,4,1,21,A1,pct_button,20,,,6.046443338394164,False,False,False,5.232141971588135,4.22711706161499,8.96697998046875,7.0566205978393555
27640,5,60,5,9,37,C1,pct_button,20,,,3.004186019897462,False,False,False,4.22711706161499,4.164193630218506,7.0566205978393555,5.711205005645752
27648,5,60,6,10,38,C1,pct_button,30,,,-11.82607238769531,False,False,False,4.164193630218506,6.682086944580078,5.711205005645752,9.26077651977539
27656,5,60,7,12,40,C1,pct_button,100,,,33.37815890312194,True,True,False,6.682086944580078,-5.248788833618164,9.26077651977539,14.209003448486328
