t,env_id,episode_id,step_in_ep,action_sub_idx,base_action_idx,target,type,pct,step,dir,reward,done,gate_ok,deviation_exploded,C1_before,C1_after,A1_before,A1_after,A2_before,A2_after,B2_before,B2_after,A3_before,A3_after,S3_before,S3_after,C3_before,C3_after
48616,6,670,-1,,,,,,,,,False,False,False,7.1745710372924805,7.1745710372924805,25.477617263793945,25.477617263793945,443.1239318847656,443.1239318847656,181.35231018066406,181.35231018066406,1756.0723876953125,1756.0723876953125,2488.831787109375,2488.831787109375,-2488.9736328125,-2488.9736328125
48616,6,670,0,12,40,C1,pct_button,100,,,-54.298115253448486,False,False,False,7.1745710372924805,-2.0582926273345947,25.477617263793945,25.09076499938965,443.1239318847656,443.1239318847656,181.35231018066406,181.35231018066406,1756.0723876953125,1756.0723876953125,2488.831787109375,2488.831787109375,-2488.9736328125,-2488.9736328125
48624,6,670,1,2,22,A1,pct_button,30,,,-22.637962341308594,False,False,False,-2.0582926273345947,-3.2081403732299805,25.09076499938965,8.110840797424316,443.1239318847656,443.1239318847656,181.35231018066406,181.35231018066406,1756.0723876953125,1756.0723876953125,2488.831787109375,2488.831787109375,-2488.9736328125,-2488.9736328125
48632,6,670,2,12,40,C1,pct_button,100,,,-14.577509045600891,False,False,False,-3.2081403732299805,0.8165588974952698,8.110840797424316,6.472195625305176,443.1239318847656,443.1239318847656,181.35231018066406,181.35231018066406,1756.0723876953125,1756.0723876953125,2488.831787109375,2488.831787109375,-2488.9736328125,-2488.9736328125
48640,6,670,3,0,20,A1,pct_button,10,,,-0.6115227937698364,True,True,False,0.8165588974952698,-10.219779968261719,6.472195625305176,43.73944091796875,443.1239318847656,177.6424560546875,181.35231018066406,195.40135192871094,1756.0723876953125,2248.8046875,2488.831787109375,1161.4114990234375,-2488.9736328125,2287.97021484375
