t,env_id,episode_id,step_in_ep,action_sub_idx,base_action_idx,target,type,pct,step,dir,reward,done,gate_ok,deviation_exploded,C1_before,C1_after,A1_before,A1_after,A2_before,A2_after,B2_before,B2_after,A3_before,A3_after,S3_before,S3_after,C3_before,C3_after
1968,4,20,-1,,,,,,,,,False,False,False,8.166464805603027,8.166464805603027,12.668275833129883,12.668275833129883,249.15733337402344,249.15733337402344,187.63697814941406,187.63697814941406,2610.49365234375,2610.49365234375,2677.078369140625,2677.078369140625,-1926.03125,-1926.03125
1968,4,20,0,10,38,C1,pct_button,30,,,-36.41376495361328,False,False,False,8.166464805603027,5.3186798095703125,12.668275833129883,12.888202667236328,249.15733337402344,249.15733337402344,187.63697814941406,187.63697814941406,2610.49365234375,2610.49365234375,2677.078369140625,2677.078369140625,-1926.03125,-1926.03125
1976,4,20,1,6,34,C1,pct_button,5,,,-35.6234655380249,False,False,False,5.3186798095703125,4.922353267669678,12.888202667236328,12.889379501342773,249.15733337402344,249.15733337402344,187.63697814941406,187.63697814941406,2610.49365234375,2610.49365234375,2677.078369140625,2677.078369140625,-1926.03125,-1926.03125
1984,4,20,2,3,23,A1,pct_button,50,,,-14.47353744506836,False,False,False,4.922353267669678,3.07014799118042,12.889379501342773,4.16662073135376,249.15733337402344,249.15733337402344,187.63697814941406,187.63697814941406,2610.49365234375,2610.49365234375,2677.078369140625,2677.078369140625,-1926.03125,-1926.03125
1992,4,20,3,2,22,A1,pct_button,30,,,-8.026246070861816,False,False,False,3.07014799118042,2.6662211418151855,4.16662073135376,1.3469018936157227,249.15733337402344,249.15733337402344,187.63697814941406,187.63697814941406,2610.49365234375,2610.49365234375,2677.078369140625,2677.078369140625,-1926.03125,-1926.03125
2000,4,20,4,11,39,C1,pct_button,50,,,2.2930432558059692,True,True,False,2.6662211418151855,11.726197242736816,1.3469018936157227,29.639726638793945,249.15733337402344,367.28997802734375,187.63697814941406,277.1336975097656,2610.49365234375,1691.1517333984375,2677.078369140625,2535.84130859375,-1926.03125,2364.72216796875
