t,env_id,episode_id,step_in_ep,action_sub_idx,base_action_idx,target,type,pct,step,dir,reward,done,gate_ok,deviation_exploded,C1_before,C1_after,A1_before,A1_after,A2_before,A2_after,B2_before,B2_after,A3_before,A3_after,S3_before,S3_after,C3_before,C3_after
26912,0,320,-1,,,,,,,,,False,False,False,-15.439558029174805,-15.439558029174805,42.64883041381836,42.64883041381836,253.86404418945312,253.86404418945312,153.80226135253906,153.80226135253906,2721.503173828125,2721.503173828125,1525.4107666015625,1525.4107666015625,-2389.94482421875,-2389.94482421875
26912,0,320,0,0,20,A1,pct_button,10,,,-60.55428504943848,False,False,False,-15.439558029174805,-16.490482330322266,42.64883041381836,13.786660194396973,253.86404418945312,253.86404418945312,153.80226135253906,153.80226135253906,2721.503173828125,2721.503173828125,1525.4107666015625,1525.4107666015625,-2389.94482421875,-2389.94482421875
26920,0,320,1,1,21,A1,pct_button,20,,,-43.54738521575928,False,False,False,-16.490482330322266,-17.3170166015625,13.786660194396973,4.456676006317139,253.86404418945312,253.86404418945312,153.80226135253906,153.80226135253906,2721.503173828125,2721.503173828125,1525.4107666015625,1525.4107666015625,-2389.94482421875,-2389.94482421875
26928,0,320,2,1,21,A1,pct_button,20,,,-37.68574666976929,False,False,False,-17.3170166015625,-17.40220832824707,4.456676006317139,1.4406650066375732,253.86404418945312,253.86404418945312,153.80226135253906,153.80226135253906,2721.503173828125,2721.503173828125,1525.4107666015625,1525.4107666015625,-2389.94482421875,-2389.94482421875
26936,0,320,3,12,40,C1,pct_button,100,,,-5.905443906784058,False,False,False,-17.40220832824707,1.6603893041610718,1.4406650066375732,1.292332649230957,253.86404418945312,253.86404418945312,153.80226135253906,153.80226135253906,2721.503173828125,2721.503173828125,1525.4107666015625,1525.4107666015625,-2389.94482421875,-2389.94482421875
26944,0,320,4,12,40,C1,pct_button,100,,,0.23875510692596436,True,True,False,1.6603893041610718,-1.266005516052246,1.292332649230957,3.86324143409729,253.86404418945312,441.0585632324219,153.80226135253906,454.79150390625,2721.503173828125,1628.248291015625,1525.4107666015625,2577.322265625,-2389.94482421875,2556.343994140625
