t,env_id,episode_id,step_in_ep,action_sub_idx,base_action_idx,target,type,pct,step,dir,reward,done,gate_ok,deviation_exploded,C1_before,C1_after,A1_before,A1_after
35176,7,350,-1,,,,,,,,,False,False,False,2.324481964111328,2.324481964111328,29.633943557739258,29.633943557739258
35176,7,350,0,1,21,A1,pct_button,20,,,39.51694275379181,False,False,False,2.324481964111328,1.849050760269165,29.633943557739258,10.469084739685059
35184,7,350,1,10,38,C1,pct_button,30,,,0.9596478581428529,False,False,False,1.849050760269165,1.2098389863967896,10.469084739685059,10.743000984191895
35192,7,350,2,5,33,C1,pct_button,1,,,0.2570301795005798,False,False,False,1.2098389863967896,1.203353762626648,10.743000984191895,10.735358238220215
35200,7,350,3,1,21,A1,pct_button,20,,,14.248735220432282,False,False,False,1.203353762626648,0.827957272529602,10.735358238220215,4.029966354370117
35208,7,350,4,2,22,A1,pct_button,30,,,1.8262679076194768,False,False,False,0.827957272529602,0.12737905979156494,4.029966354370117,3.8522064685821533
35216,7,350,5,8,36,C1,pct_button,15,,,0.3991225725412366,False,False,False,0.12737905979156494,0.06131163239479065,3.8522064685821533,3.7518441677093506
35224,7,350,6,1,21,A1,pct_button,20,,,11.181993318200112,True,True,False,0.06131163239479065,-14.684244155883789,3.7518441677093506,11.794029235839844
