t,env_id,episode_id,step_in_ep,action_sub_idx,base_action_idx,target,type,pct,step,dir,reward,done,gate_ok,deviation_exploded,C1_before,C1_after,A1_before,A1_after
30936,6,300,-1,,,,,,,,,False,False,False,-16.46288299560547,-16.46288299560547,20.50392723083496,20.50392723083496
30936,6,300,0,0,20,A1,pct_button,10,,,26.27554819107056,False,False,False,-16.46288299560547,-17.380935668945312,20.50392723083496,6.683747291564941
30944,6,300,1,5,33,C1,pct_button,1,,,0.8534654426574713,False,False,False,-17.380935668945312,-17.181015014648438,6.683747291564941,6.690651893615723
30952,6,300,2,12,40,C1,pct_button,100,,,30.89445443868637,False,False,False,-17.181015014648438,1.9823654890060425,6.690651893615723,6.522119045257568
30960,6,300,3,6,34,C1,pct_button,5,,,0.16008969068527334,False,False,False,1.9823654890060425,1.9823654890060425,6.522119045257568,6.522119045257568
30968,6,300,4,4,24,A1,pct_button,100,,,16.925068596601484,True,True,False,1.9823654890060425,5.813291549682617,6.522119045257568,13.605611801147461
