t,env_id,episode_id,step_in_ep,action_sub_idx,base_action_idx,target,type,pct,step,dir,reward,done,gate_ok,deviation_exploded,C1_before,C1_after,A1_before,A1_after,A2_before,A2_after,B2_before,B2_after,A3_before,A3_after,S3_before,S3_after,C3_before,C3_after
13144,1,130,-1,,,,,,,,,False,False,False,17.967607498168945,17.967607498168945,22.44644546508789,22.44644546508789,492.3213806152344,492.3213806152344,170.8574981689453,170.8574981689453,1099.1090087890625,1099.1090087890625,2043.3929443359375,2043.3929443359375,1078.3507080078125,1078.3507080078125
13144,1,130,0,2,22,A1,pct_button,30,,,-48.1214542388916,False,False,False,17.967607498168945,16.804689407348633,22.44644546508789,7.256037712097168,492.3213806152344,492.3213806152344,170.8574981689453,170.8574981689453,1099.1090087890625,1099.1090087890625,2043.3929443359375,2043.3929443359375,1078.3507080078125,1078.3507080078125
13152,1,130,1,2,22,A1,pct_button,30,,,-37.33589172363281,False,False,False,16.804689407348633,16.322359085083008,7.256037712097168,2.3455867767333984,492.3213806152344,492.3213806152344,170.8574981689453,170.8574981689453,1099.1090087890625,1099.1090087890625,2043.3929443359375,2043.3929443359375,1078.3507080078125,1078.3507080078125
13160,1,130,2,12,40,C1,pct_button,100,,,-0.3315927982330322,True,True,False,16.322359085083008,15.055188179016113,2.3455867767333984,25.52013397216797,492.3213806152344,446.3458557128906,170.8574981689453,477.9091491699219,1099.1090087890625,2481.495849609375,2043.3929443359375,1503.8768310546875,1078.3507080078125,-1557.8668212890625
