t,env_id,episode_id,step_in_ep,action_sub_idx,base_action_idx,target,type,pct,step,dir,reward,done,gate_ok,deviation_exploded,C1_before,C1_after,A1_before,A1_after,A2_before,A2_after,B2_before,B2_after,A3_before,A3_after,S3_before,S3_after,C3_before,C3_after
42288,6,330,-1,,,,,,,,,False,False,False,2.8003764152526855,2.8003764152526855,6.795778751373291,6.795778751373291,204.46360778808594,204.46360778808594,382.1555480957031,382.1555480957031,1395.4766845703125,1395.4766845703125,1275.764404296875,1275.764404296875,-1360.552978515625,-1360.552978515625
42288,6,330,0,10,38,C1,pct_button,30,,,1.2700784778594973,False,False,False,2.8003764152526855,2.009396553039551,6.795778751373291,7.037185192108154,204.46360778808594,204.46360778808594,382.1555480957031,382.1555480957031,1395.4766845703125,1395.4766845703125,1275.764404296875,1275.764404296875,-1360.552978515625,-1360.552978515625
42296,6,330,1,7,35,C1,pct_button,10,,,0.17093163490295438,False,False,False,2.009396553039551,2.009396553039551,7.037185192108154,7.037185192108154,204.46360778808594,204.46360778808594,382.1555480957031,382.1555480957031,1395.4766845703125,1395.4766845703125,1275.764404296875,1275.764404296875,-1360.552978515625,-1360.552978515625
42304,6,330,2,10,38,C1,pct_button,30,,,1.6066743254661568,False,False,False,2.009396553039551,1.6549957990646362,7.037185192108154,6.666463375091553,204.46360778808594,204.46360778808594,382.1555480957031,382.1555480957031,1395.4766845703125,1395.4766845703125,1275.764404296875,1275.764404296875,-1360.552978515625,-1360.552978515625
42312,6,330,3,2,22,A1,pct_button,30,,,10.688314261436462,False,False,False,1.6549957990646362,1.6829816102981567,6.666463375091553,1.3193436861038208,204.46360778808594,204.46360778808594,382.1555480957031,382.1555480957031,1395.4766845703125,1395.4766845703125,1275.764404296875,1275.764404296875,-1360.552978515625,-1360.552978515625
42320,6,330,4,1,21,A1,pct_button,20,,,8.185047971308231,True,True,False,1.6829816102981567,13.978633880615234,1.3193436861038208,26.525293350219727,204.46360778808594,128.79075622558594,382.1555480957031,209.5633544921875,1395.4766845703125,2081.9912109375,1275.764404296875,1355.7156982421875,-1360.552978515625,-846.2017822265625
