t,env_id,episode_id,step_in_ep,action_sub_idx,base_action_idx,target,type,pct,step,dir,reward,done,gate_ok,deviation_exploded,C1_before,C1_after,A1_before,A1_after,A2_before,A2_after,B2_before,B2_after,A3_before,A3_after,S3_before,S3_after,C3_before,C3_after
46112,6,610,-1,,,,,,,,,False,False,False,2.626404285430908,2.626404285430908,3.568047046661377,3.568047046661377,422.3223571777344,422.3223571777344,126.80269622802734,126.80269622802734,2749.534423828125,2749.534423828125,2973.886962890625,2973.886962890625,1001.7544555664062,1001.7544555664062
46112,6,610,0,12,40,C1,pct_button,100,,,-8.195361375808716,False,False,False,2.626404285430908,-0.8385955095291138,3.568047046661377,3.259085178375244,422.3223571777344,422.3223571777344,126.80269622802734,126.80269622802734,2749.534423828125,2749.534423828125,2973.886962890625,2973.886962890625,1001.7544555664062,1001.7544555664062
46120,6,610,1,2,22,A1,pct_button,30,,,-5.487602949142456,False,False,False,-0.8385955095291138,-1.6902695894241333,3.259085178375244,1.0535318851470947,422.3223571777344,422.3223571777344,126.80269622802734,126.80269622802734,2749.534423828125,2749.534423828125,2973.886962890625,2973.886962890625,1001.7544555664062,1001.7544555664062
46128,6,610,2,12,40,C1,pct_button,100,,,2.779722213745117,True,True,False,-1.6902695894241333,-13.570335388183594,1.0535318851470947,6.702215671539307,422.3223571777344,368.3846130371094,126.80269622802734,199.98077392578125,2749.534423828125,1181.33154296875,2973.886962890625,1470.3211669921875,1001.7544555664062,2933.833740234375
