t,env_id,episode_id,step_in_ep,action_sub_idx,base_action_idx,target,type,pct,step,dir,reward,done,gate_ok,deviation_exploded,C1_before,C1_after,A1_before,A1_after,A2_before,A2_after,B2_before,B2_after,A3_before,A3_after,S3_before,S3_after,C3_before,C3_after
15408,2,140,-1,,,,,,,,,False,False,False,0.7342458963394165,0.7342458963394165,21.61250877380371,21.61250877380371,256.43218994140625,256.43218994140625,220.4942626953125,220.4942626953125,1077.7904052734375,1077.7904052734375,1952.070556640625,1952.070556640625,-1165.384521484375,-1165.384521484375
15408,2,140,0,0,20,A1,pct_button,10,,,28.751323142796753,False,False,False,0.7342458963394165,0.1121557429432869,21.61250877380371,7.934402942657471,256.43218994140625,256.43218994140625,220.4942626953125,220.4942626953125,1077.7904052734375,1077.7904052734375,1952.070556640625,1952.070556640625,-1165.384521484375,-1165.384521484375
15416,2,140,1,8,36,C1,pct_button,15,,,0.15093117371201514,False,False,False,0.1121557429432869,0.1121557429432869,7.934402942657471,7.934402942657471,256.43218994140625,256.43218994140625,220.4942626953125,220.4942626953125,1077.7904052734375,1077.7904052734375,1952.070556640625,1952.070556640625,-1165.384521484375,-1165.384521484375
15424,2,140,2,4,24,A1,pct_button,100,,,5.601668594479561,False,False,False,0.1121557429432869,-3.2983217239379883,7.934402942657471,1.995339274406433,256.43218994140625,256.43218994140625,220.4942626953125,220.4942626953125,1077.7904052734375,1077.7904052734375,1952.070556640625,1952.070556640625,-1165.384521484375,-1165.384521484375
15432,2,140,3,12,40,C1,pct_button,100,,,5.095747759342194,False,False,False,-3.2983217239379883,-1.7460260391235352,1.995339274406433,1.022445797920227,256.43218994140625,256.43218994140625,220.4942626953125,220.4942626953125,1077.7904052734375,1077.7904052734375,1952.070556640625,1952.070556640625,-1165.384521484375,-1165.384521484375
15440,2,140,4,4,24,A1,pct_button,100,,,6.402045444250107,True,True,False,-1.7460260391235352,-18.817176818847656,1.022445797920227,40.55994415283203,256.43218994140625,340.8602294921875,220.4942626953125,404.54052734375,1077.7904052734375,2847.396240234375,1952.070556640625,1957.350341796875,-1165.384521484375,-2495.754150390625
