t,env_id,episode_id,step_in_ep,action_sub_idx,base_action_idx,target,type,pct,step,dir,reward,done,gate_ok,deviation_exploded,C1_before,C1_after,A1_before,A1_after
36480,4,290,-1,,,,,,,,,False,False,False,3.423896551132202,3.423896551132202,7.813940525054932,7.813940525054932
36480,4,290,0,10,38,C1,pct_button,30,,,1.9682855176925658,False,False,False,3.423896551132202,2.0299975872039795,7.813940525054932,8.322218894958496
36488,4,290,1,6,34,C1,pct_button,5,,,0.2657657432556151,False,False,False,2.0299975872039795,1.9372472763061523,8.322218894958496,8.380261421203613
36496,4,290,2,4,24,A1,pct_button,100,,,19.543037278652193,True,True,False,1.9372472763061523,-1.6322364807128906,8.380261421203613,19.96933364868164
