t,env_id,episode_id,step_in_ep,action_sub_idx,base_action_idx,target,type,pct,step,dir,reward,done,gate_ok,deviation_exploded,C1_before,C1_after,A1_before,A1_after,A2_before,A2_after,B2_before,B2_after,A3_before,A3_after,S3_before,S3_after,C3_before,C3_after
30184,2,370,-1,,,,,,,,,False,False,False,-12.498833656311035,-12.498833656311035,1.1493455171585083,1.1493455171585083,143.33082580566406,143.33082580566406,115.43888854980469,115.43888854980469,2947.85986328125,2947.85986328125,1978.486572265625,1978.486572265625,-2146.56591796875,-2146.56591796875
30184,2,370,0,1,21,A1,pct_button,20,,,-25.805445194244385,False,False,False,-12.498833656311035,-12.531185150146484,1.1493455171585083,0.371537446975708,143.33082580566406,143.33082580566406,115.43888854980469,115.43888854980469,2947.85986328125,2947.85986328125,1978.486572265625,1978.486572265625,-2146.56591796875,-2146.56591796875
30192,2,370,1,0,20,A1,pct_button,10,,,-25.490111023187637,False,False,False,-12.531185150146484,-12.62495231628418,0.371537446975708,0.12010319530963898,143.33082580566406,143.33082580566406,115.43888854980469,115.43888854980469,2947.85986328125,2947.85986328125,1978.486572265625,1978.486572265625,-2146.56591796875,-2146.56591796875
30200,2,370,2,10,38,C1,pct_button,30,,,-21.352394819259644,False,False,False,-12.62495231628418,-10.15377140045166,0.12010319530963898,0.5224260091781616,143.33082580566406,143.33082580566406,115.43888854980469,115.43888854980469,2947.85986328125,2947.85986328125,1978.486572265625,1978.486572265625,-2146.56591796875,-2146.56591796875
30208,2,370,3,4,24,A1,pct_button,100,,,-21.4175623357296,False,False,False,-10.15377140045166,-10.539901733398438,0.5224260091781616,0.168879434466362,143.33082580566406,143.33082580566406,115.43888854980469,115.43888854980469,2947.85986328125,2947.85986328125,1978.486572265625,1978.486572265625,-2146.56591796875,-2146.56591796875
30216,2,370,4,12,40,C1,pct_button,100,,,2.072258472442627,True,True,False,-10.539901733398438,2.834249973297119,0.168879434466362,12.502474784851074,143.33082580566406,339.77044677734375,115.43888854980469,138.9163360595703,2947.85986328125,1270.0087890625,1978.486572265625,2710.75341796875,-2146.56591796875,-2932.74658203125
