t,env_id,episode_id,step_in_ep,action_sub_idx,base_action_idx,target,type,pct,step,dir,reward,done,gate_ok,deviation_exploded,C1_before,C1_after,A1_before,A1_after,A2_before,A2_after,B2_before,B2_after,A3_before,A3_after,S3_before,S3_after,C3_before,C3_after
27328,0,230,-1,,,,,,,,,False,False,False,-5.195677757263184,-5.195677757263184,27.710140228271484,27.710140228271484,179.78050231933594,179.78050231933594,463.08184814453125,463.08184814453125,1043.394287109375,1043.394287109375,2832.768310546875,2832.768310546875,904.8848266601562,904.8848266601562
27328,0,230,0,11,39,C1,pct_button,50,,,5.266734929084782,False,False,False,-5.195677757263184,-2.3446247577667236,27.710140228271484,28.228557586669922,179.78050231933594,179.78050231933594,463.08184814453125,463.08184814453125,1043.394287109375,1043.394287109375,2832.768310546875,2832.768310546875,904.8848266601562,904.8848266601562
27336,0,230,1,0,20,A1,pct_button,10,,,35.88916343212128,False,False,False,-2.3446247577667236,-3.625948667526245,28.228557586669922,9.125163078308105,179.78050231933594,179.78050231933594,463.08184814453125,463.08184814453125,1043.394287109375,1043.394287109375,2832.768310546875,2832.768310546875,904.8848266601562,904.8848266601562
27344,0,230,2,0,20,A1,pct_button,10,,,11.54237888813019,False,False,False,-3.625948667526245,-4.09557580947876,9.125163078308105,2.9498002529144287,179.78050231933594,179.78050231933594,463.08184814453125,463.08184814453125,1043.394287109375,1043.394287109375,2832.768310546875,2832.768310546875,904.8848266601562,904.8848266601562
27352,0,230,3,0,20,A1,pct_button,10,,,4.093265150785447,False,False,False,-4.09557580947876,-4.090632915496826,2.9498002529144287,0.9535524249076843,179.78050231933594,179.78050231933594,463.08184814453125,463.08184814453125,1043.394287109375,1043.394287109375,2832.768310546875,2832.768310546875,904.8848266601562,904.8848266601562
27360,0,230,4,12,40,C1,pct_button,100,,,11.641777892112732,True,True,False,-4.090632915496826,-8.156453132629395,0.9535524249076843,18.17597770690918,179.78050231933594,110.76690673828125,463.08184814453125,317.4735412597656,1043.394287109375,1119.471435546875,2832.768310546875,1817.778076171875,904.8848266601562,1995.6966552734375
