t,env_id,episode_id,step_in_ep,action_sub_idx,base_action_idx,target,type,pct,step,dir,reward,done,gate_ok,deviation_exploded,C1_before,C1_after,A1_before,A1_after,A2_before,A2_after,B2_before,B2_after,A3_before,A3_after,S3_before,S3_after,C3_before,C3_after
36768,4,480,-1,,,,,,,,,False,False,False,-12.786698341369629,-12.786698341369629,6.655722618103027,6.655722618103027,254.1813507080078,254.1813507080078,240.28192138671875,240.28192138671875,1927.607177734375,1927.607177734375,1457.487548828125,1457.487548828125,-2215.66259765625,-2215.66259765625
36768,4,480,0,12,40,C1,pct_button,100,,,-20.46326494216919,False,False,False,-12.786698341369629,2.5552351474761963,6.655722618103027,7.676397323608398,254.1813507080078,254.1813507080078,240.28192138671875,240.28192138671875,1927.607177734375,1927.607177734375,1457.487548828125,1457.487548828125,-2215.66259765625,-2215.66259765625
36776,4,480,1,0,20,A1,pct_button,10,,,-9.528270244598389,False,False,False,2.5552351474761963,2.282662868499756,7.676397323608398,2.4814722537994385,254.1813507080078,254.1813507080078,240.28192138671875,240.28192138671875,1927.607177734375,1927.607177734375,1457.487548828125,1457.487548828125,-2215.66259765625,-2215.66259765625
36784,4,480,2,12,40,C1,pct_button,100,,,-9.072675228118896,False,False,False,2.282662868499756,-1.2966415882110596,2.4814722537994385,3.2396960258483887,254.1813507080078,254.1813507080078,240.28192138671875,240.28192138671875,1927.607177734375,1927.607177734375,1457.487548828125,1457.487548828125,-2215.66259765625,-2215.66259765625
36792,4,480,3,12,40,C1,pct_button,100,,,2.1688795313239098,True,True,False,-1.2966415882110596,9.15984058380127,3.2396960258483887,14.741730690002441,254.1813507080078,206.2405548095703,240.28192138671875,457.8749084472656,1927.607177734375,1719.6756591796875,1457.487548828125,1176.81884765625,-2215.66259765625,-2377.369384765625
