t,env_id,episode_id,step_in_ep,action_sub_idx,base_action_idx,target,type,pct,step,dir,reward,done,gate_ok,deviation_exploded,C1_before,C1_after,A1_before,A1_after,A2_before,A2_after,B2_before,B2_after,A3_before,A3_after,S3_before,S3_after,C3_before,C3_after
9224,3,90,-1,,,,,,,,,False,False,False,0.05381806194782257,0.05381806194782257,24.897668838500977,24.897668838500977,377.9714050292969,377.9714050292969,209.42642211914062,209.42642211914062,1747.4384765625,1747.4384765625,2799.135009765625,2799.135009765625,2921.9541015625,2921.9541015625
9224,3,90,0,2,22,A1,pct_button,30,,,-19.973260641098022,False,False,False,0.05381806194782257,-1.938210368156433,24.897668838500977,8.048419952392578,377.9714050292969,377.9714050292969,209.42642211914062,209.42642211914062,1747.4384765625,1747.4384765625,2799.135009765625,2799.135009765625,2921.9541015625,2921.9541015625
9232,3,90,1,7,35,C1,pct_button,10,,,-19.989366054534912,False,False,False,-1.938210368156433,-1.9032037258148193,8.048419952392578,8.091479301452637,377.9714050292969,377.9714050292969,209.42642211914062,209.42642211914062,1747.4384765625,1747.4384765625,2799.135009765625,2799.135009765625,2921.9541015625,2921.9541015625
9240,3,90,2,0,20,A1,pct_button,10,,,-9.639614582061768,False,False,False,-1.9032037258148193,-2.204155683517456,8.091479301452637,2.6156516075134277,377.9714050292969,377.9714050292969,209.42642211914062,209.42642211914062,1747.4384765625,1747.4384765625,2799.135009765625,2799.135009765625,2921.9541015625,2921.9541015625
9248,3,90,3,11,39,C1,pct_button,50,,,-7.277236223220825,False,False,False,-2.204155683517456,-1.1025913953781128,2.6156516075134277,2.5360267162323,377.9714050292969,377.9714050292969,209.42642211914062,209.42642211914062,1747.4384765625,1747.4384765625,2799.135009765625,2799.135009765625,2921.9541015625,2921.9541015625
9256,3,90,4,1,21,A1,pct_button,20,,,1.53248131275177,True,True,False,-1.1025913953781128,1.6808825731277466,2.5360267162323,3.954087257385254,377.9714050292969,380.1627502441406,209.42642211914062,253.6543426513672,1747.4384765625,2498.365966796875,2799.135009765625,1825.112548828125,2921.9541015625,-2424.049072265625
