t,env_id,episode_id,step_in_ep,action_sub_idx,base_action_idx,target,type,pct,step,dir,reward,done,gate_ok,deviation_exploded,C1_before,C1_after,A1_before,A1_after
49080,7,490,-1,,,,,,,,,False,False,False,8.064993858337402,8.064993858337402,39.95859146118164,39.95859146118164
49080,7,490,0,1,21,A1,pct_button,20,,,63.47517336845398,False,False,False,8.064993858337402,4.08380651473999,39.95859146118164,12.36164665222168
49088,7,490,1,1,21,A1,pct_button,20,,,18.4084348487854,False,False,False,4.08380651473999,3.081857204437256,12.36164665222168,4.227471828460693
49096,7,490,2,2,22,A1,pct_button,30,,,7.184000551700592,False,False,False,3.081857204437256,2.107433795928955,4.227471828460693,1.6423932313919067
49104,7,490,3,2,22,A1,pct_button,30,,,2.110283299684525,False,False,False,2.107433795928955,1.8173410892486572,1.6423932313919067,0.8995128273963928
49112,7,490,4,7,35,C1,pct_button,10,,,0.044337078332901354,False,False,False,1.8173410892486572,1.8173410892486572,0.8995128273963928,0.8995128273963928
49120,7,490,5,1,21,A1,pct_button,20,,,0.044337078332901354,False,False,False,1.8173410892486572,1.8173410892486572,0.8995128273963928,0.8995128273963928
49128,7,490,6,11,39,C1,pct_button,50,,,7.481206666231156,True,True,False,1.8173410892486572,9.870095252990723,0.8995128273963928,36.14738464355469
