t,env_id,episode_id,step_in_ep,action_sub_idx,base_action_idx,target,type,pct,step,dir,reward,done,gate_ok,deviation_exploded,C1_before,C1_after,A1_before,A1_after,A2_before,A2_after,B2_before,B2_after,A3_before,A3_after,S3_before,S3_after,C3_before,C3_after
12080,7,110,-1,,,,,,,,,False,True,False,10.719171524047852,10.719171524047852,1.5507903099060059,1.5507903099060059,112.10054779052734,112.10054779052734,387.6688232421875,387.6688232421875,2380.36767578125,2380.36767578125,1653.7564697265625,1653.7564697265625,1625.708740234375,1625.708740234375
12080,7,110,0,12,40,C1,pct_button,100,,,24.191354644298553,True,True,False,10.719171524047852,0.6992135047912598,1.5507903099060059,3.9870095252990723,112.10054779052734,274.32763671875,387.6688232421875,428.04071044921875,2380.36767578125,2281.08203125,1653.7564697265625,2670.241455078125,1625.708740234375,-923.0134887695312
