t,env_id,episode_id,step_in_ep,action_sub_idx,base_action_idx,target,type,pct,step,dir,reward,done,gate_ok,deviation_exploded,C1_before,C1_after,A1_before,A1_after,A2_before,A2_after,B2_before,B2_after,A3_before,A3_after,S3_before,S3_after,C3_before,C3_after
30112,4,360,-1,,,,,,,,,False,False,False,18.409603118896484,18.409603118896484,16.38437271118164,16.38437271118164,286.2756042480469,286.2756042480469,144.59124755859375,144.59124755859375,2432.390869140625,2432.390869140625,2042.02197265625,2042.02197265625,2591.107666015625,2591.107666015625
30112,4,360,0,3,23,A1,pct_button,50,,,-69.58795166015625,False,False,False,18.409603118896484,18.409603118896484,16.38437271118164,16.38437271118164,286.2756042480469,286.2756042480469,144.59124755859375,144.59124755859375,2432.390869140625,2432.390869140625,2042.02197265625,2042.02197265625,2591.107666015625,2591.107666015625
30120,4,360,1,12,40,C1,pct_button,100,,,-40.220149517059326,False,False,False,18.409603118896484,3.0784661769866943,16.38437271118164,17.03160858154297,286.2756042480469,286.2756042480469,144.59124755859375,144.59124755859375,2432.390869140625,2432.390869140625,2042.02197265625,2042.02197265625,2591.107666015625,2591.107666015625
30128,4,360,2,6,34,C1,pct_button,5,,,-39.89873027801514,False,False,False,3.0784661769866943,2.978328227996826,17.03160858154297,16.971036911010742,286.2756042480469,286.2756042480469,144.59124755859375,144.59124755859375,2432.390869140625,2432.390869140625,2042.02197265625,2042.02197265625,2591.107666015625,2591.107666015625
30136,4,360,3,1,21,A1,pct_button,20,,,-15.025789260864258,False,False,False,2.978328227996826,2.0268373489379883,16.971036911010742,5.486057281494141,286.2756042480469,286.2756042480469,144.59124755859375,144.59124755859375,2432.390869140625,2432.390869140625,2042.02197265625,2042.02197265625,2591.107666015625,2591.107666015625
30144,4,360,4,4,24,A1,pct_button,100,,,1.4173075295984745,True,True,False,2.0268373489379883,-0.9763336777687073,5.486057281494141,28.55887222290039,286.2756042480469,359.3294982910156,144.59124755859375,406.3936462402344,2432.390869140625,2348.175048828125,2042.02197265625,2719.341796875,2591.107666015625,-1144.233642578125
