t,env_id,episode_id,step_in_ep,action_sub_idx,base_action_idx,target,type,pct,step,dir,reward,done,gate_ok,deviation_exploded,C1_before,C1_after,A1_before,A1_after,A2_before,A2_after,B2_before,B2_after,A3_before,A3_after,S3_before,S3_after,C3_before,C3_after
4848,1,50,-1,,,,,,,,,False,True,False,1.1102272272109985,1.1102272272109985,1.5340111255645752,1.5340111255645752,234.1724395751953,234.1724395751953,178.55430603027344,178.55430603027344,1715.3121337890625,1715.3121337890625,1792.7576904296875,1792.7576904296875,1145.000244140625,1145.000244140625
4848,1,50,0,9,37,C1,pct_button,20,,,0.06762039661407471,True,True,False,1.1102272272109985,0.34887540340423584,1.5340111255645752,46.97532653808594,234.1724395751953,232.49752807617188,178.55430603027344,333.1913757324219,1715.3121337890625,2065.65087890625,1792.7576904296875,1193.1280517578125,1145.000244140625,1804.5567626953125
