t,env_id,episode_id,step_in_ep,action_sub_idx,base_action_idx,target,type,pct,step,dir,reward,done,gate_ok,deviation_exploded,C1_before,C1_after,A1_before,A1_after,A2_before,A2_after,B2_before,B2_after,A3_before,A3_after,S3_before,S3_after,C3_before,C3_after
29656,6,370,-1,,,,,,,,,False,False,False,-1.947273850440979,-1.947273850440979,2.789151906967163,2.789151906967163,448.706787109375,448.706787109375,156.63381958007812,156.63381958007812,2271.443359375,2271.443359375,1014.125244140625,1014.125244140625,2948.888916015625,2948.888916015625
29656,6,370,0,3,23,A1,pct_button,50,,,-5.430370569229126,False,False,False,-1.947273850440979,-1.8135640621185303,2.789151906967163,0.9016212224960327,448.706787109375,448.706787109375,156.63381958007812,156.63381958007812,2271.443359375,2271.443359375,1014.125244140625,1014.125244140625,2948.888916015625,2948.888916015625
29664,6,370,1,12,40,C1,pct_button,100,,,1.9473228454589844,True,True,False,-1.8135640621185303,1.5923656225204468,0.9016212224960327,6.339602947235107,448.706787109375,412.1073913574219,156.63381958007812,123.03075408935547,2271.443359375,2990.191162109375,1014.125244140625,2499.052490234375,2948.888916015625,-1791.6817626953125
