t,env_id,episode_id,step_in_ep,action_sub_idx,base_action_idx,target,type,pct,step,dir,reward,done,gate_ok,deviation_exploded,C1_before,C1_after,A1_before,A1_after
25008,7,170,-1,,,,,,,,,False,False,False,0.7528210282325745,0.7528210282325745,20.641983032226562,20.641983032226562
25008,7,170,0,11,39,C1,pct_button,50,,,1.3560092896223048,False,False,False,0.7528210282325745,-0.36783263087272644,20.641983032226562,20.553176879882812
25016,7,170,1,2,22,A1,pct_button,30,,,0.4084201902151088,False,False,False,-0.36783263087272644,-0.36783263087272644,20.553176879882812,20.553176879882812
25024,7,170,2,2,22,A1,pct_button,30,,,0.4084201902151088,False,False,False,-0.36783263087272644,-0.36783263087272644,20.553176879882812,20.553176879882812
25032,7,170,3,3,23,A1,pct_button,50,,,24.47324769258499,False,False,False,-0.36783263087272644,-5.460992813110352,20.553176879882812,3.306063413619995
25040,7,170,4,9,37,C1,pct_button,20,,,3.771351375579835,False,False,False,-5.460992813110352,-3.882249116897583,3.306063413619995,3.0635898113250732
25048,7,170,5,11,39,C1,pct_button,50,,,6.364107409715653,False,False,False,-3.882249116897583,-0.744852602481842,3.0635898113250732,3.0519001483917236
25056,7,170,6,0,20,A1,pct_button,10,,,0.8797206282615659,False,False,False,-0.744852602481842,-0.8678821325302124,3.0519001483917236,2.5178678035736084
25064,7,170,7,3,23,A1,pct_button,50,,,8.285195713043214,True,True,False,-0.8678821325302124,19.669973373413086,2.5178678035736084,7.413919925689697
