t,env_id,episode_id,step_in_ep,action_sub_idx,base_action_idx,target,type,pct,step,dir,reward,done,gate_ok,deviation_exploded,C1_before,C1_after,A1_before,A1_after,A2_before,A2_after,B2_before,B2_after,A3_before,A3_after,S3_before,S3_after,C3_before,C3_after
15136,3,160,-1,,,,,,,,,False,False,False,2.5344576835632324,2.5344576835632324,1.4542187452316284,1.4542187452316284,208.7121124267578,208.7121124267578,211.19503784179688,211.19503784179688,2769.0087890625,2769.0087890625,1091.4979248046875,1091.4979248046875,-942.64306640625,-942.64306640625
15136,3,160,0,9,37,C1,pct_button,20,,,-7.977352857589722,False,False,False,2.5344576835632324,2.5344576835632324,1.4542187452316284,1.4542187452316284,208.7121124267578,208.7121124267578,211.19503784179688,211.19503784179688,2769.0087890625,2769.0087890625,1091.4979248046875,1091.4979248046875,-942.64306640625,-942.64306640625
15144,3,160,1,11,39,C1,pct_button,50,,,-4.438507795333862,False,False,False,2.5344576835632324,1.268788456916809,1.4542187452316284,0.9504654407501221,208.7121124267578,208.7121124267578,211.19503784179688,211.19503784179688,2769.0087890625,2769.0087890625,1091.4979248046875,1091.4979248046875,-942.64306640625,-942.64306640625
15152,3,160,2,12,40,C1,pct_button,100,,,2.1292848140001297,True,True,False,1.268788456916809,19.093381881713867,0.9504654407501221,29.6903133392334,208.7121124267578,438.5689697265625,211.19503784179688,285.81396484375,2769.0087890625,2054.310546875,1091.4979248046875,2797.940673828125,-942.64306640625,-1777.2733154296875
