t,env_id,episode_id,step_in_ep,action_sub_idx,base_action_idx,target,type,pct,step,dir,reward,done,gate_ok,deviation_exploded,C1_before,C1_after,A1_before,A1_after,A2_before,A2_after,B2_before,B2_after,A3_before,A3_after,S3_before,S3_after,C3_before,C3_after
23696,3,270,-1,,,,,,,,,False,False,False,14.636744499206543,14.636744499206543,23.025014877319336,23.025014877319336,413.80670166015625,413.80670166015625,384.3481750488281,384.3481750488281,1931.95263671875,1931.95263671875,2093.52197265625,2093.52197265625,-2951.611083984375,-2951.611083984375
23696,3,270,0,1,21,A1,pct_button,20,,,-40.80060958862305,False,False,False,14.636744499206543,12.95723819732666,23.025014877319336,7.443066596984863,413.80670166015625,413.80670166015625,384.3481750488281,384.3481750488281,1931.95263671875,1931.95263671875,2093.52197265625,2093.52197265625,-2951.611083984375,-2951.611083984375
23704,3,270,1,2,22,A1,pct_button,30,,,-29.013362407684326,False,False,False,12.95723819732666,12.100635528564453,7.443066596984863,2.40604567527771,413.80670166015625,413.80670166015625,384.3481750488281,384.3481750488281,1931.95263671875,1931.95263671875,2093.52197265625,2093.52197265625,-2951.611083984375,-2951.611083984375
23712,3,270,2,1,21,A1,pct_button,20,,,-25.803685545921326,False,False,False,12.100635528564453,12.124064445495605,2.40604567527771,0.7777783274650574,413.80670166015625,413.80670166015625,384.3481750488281,384.3481750488281,1931.95263671875,1931.95263671875,2093.52197265625,2093.52197265625,-2951.611083984375,-2951.611083984375
23720,3,270,3,12,40,C1,pct_button,100,,,-8.09365701675415,False,False,False,12.124064445495605,2.405026912689209,0.7777783274650574,1.6418015956878662,413.80670166015625,413.80670166015625,384.3481750488281,384.3481750488281,1931.95263671875,1931.95263671875,2093.52197265625,2093.52197265625,-2951.611083984375,-2951.611083984375
23728,3,270,4,12,40,C1,pct_button,100,,,3.044046949595213,True,True,False,2.405026912689209,-11.968778610229492,1.6418015956878662,39.85913848876953,413.80670166015625,445.232666015625,384.3481750488281,178.97340393066406,1931.95263671875,1928.101806640625,2093.52197265625,2959.7265625,-2951.611083984375,-1374.80029296875
