t,env_id,episode_id,step_in_ep,action_sub_idx,base_action_idx,target,type,pct,step,dir,reward,done,gate_ok,deviation_exploded,C1_before,C1_after,A1_before,A1_after,A2_before,A2_after,B2_before,B2_after,A3_before,A3_after,S3_before,S3_after,C3_before,C3_after
27048,4,320,-1,,,,,,,,,False,False,False,-2.6046323776245117,-2.6046323776245117,4.877568244934082,4.877568244934082,376.37744140625,376.37744140625,119.908203125,119.908203125,1258.458984375,1258.458984375,2559.43408203125,2559.43408203125,-2810.2861328125,-2810.2861328125
27048,4,320,0,11,39,C1,pct_button,50,,,-9.503995656967163,False,False,False,-2.6046323776245117,-0.7281173467636108,4.877568244934082,4.023880481719971,376.37744140625,376.37744140625,119.908203125,119.908203125,1258.458984375,1258.458984375,2559.43408203125,2559.43408203125,-2810.2861328125,-2810.2861328125
27056,4,320,1,11,39,C1,pct_button,50,,,-9.634263426065445,False,False,False,-0.7281173467636108,-0.15994854271411896,4.023880481719971,4.6571831703186035,376.37744140625,376.37744140625,119.908203125,119.908203125,1258.458984375,1258.458984375,2559.43408203125,2559.43408203125,-2810.2861328125,-2810.2861328125
27064,4,320,2,0,20,A1,pct_button,10,,,-9.634263426065445,False,False,False,-0.15994854271411896,-0.15994854271411896,4.6571831703186035,4.6571831703186035,376.37744140625,376.37744140625,119.908203125,119.908203125,1258.458984375,1258.458984375,2559.43408203125,2559.43408203125,-2810.2861328125,-2810.2861328125
27072,4,320,3,0,20,A1,pct_button,10,,,1.4476898908615112,True,True,False,-0.15994854271411896,-4.319281101226807,4.6571831703186035,22.495073318481445,376.37744140625,257.0303649902344,119.908203125,436.41412353515625,1258.458984375,1221.7607421875,2559.43408203125,2409.837158203125,-2810.2861328125,863.568359375
