t,env_id,episode_id,step_in_ep,action_sub_idx,base_action_idx,target,type,pct,step,dir,reward,done,gate_ok,deviation_exploded,C1_before,C1_after,A1_before,A1_after,A2_before,A2_after,B2_before,B2_after,A3_before,A3_after,S3_before,S3_after,C3_before,C3_after
38600,4,290,-1,,,,,,,,,False,False,False,5.268970012664795,5.268970012664795,27.60823631286621,27.60823631286621,367.7454833984375,367.7454833984375,215.75901794433594,215.75901794433594,1588.0599365234375,1588.0599365234375,1936.153564453125,1936.153564453125,-969.002197265625,-969.002197265625
38600,4,290,0,7,35,C1,pct_button,10,,,1.7389369487762474,False,False,False,5.268970012664795,4.7318644523620605,27.60823631286621,27.594133377075195,367.7454833984375,367.7454833984375,215.75901794433594,215.75901794433594,1588.0599365234375,1588.0599365234375,1936.153564453125,1936.153564453125,-969.002197265625,-969.002197265625
38608,4,290,1,2,22,A1,pct_button,30,,,43.23452543735504,False,False,False,4.7318644523620605,1.5107805728912354,27.594133377075195,9.30107307434082,367.7454833984375,367.7454833984375,215.75901794433594,215.75901794433594,1588.0599365234375,1588.0599365234375,1936.153564453125,1936.153564453125,-969.002197265625,-969.002197265625
38616,4,290,2,10,38,C1,pct_button,30,,,1.0423468971252434,False,False,False,1.5107805728912354,1.0065650939941406,9.30107307434082,9.383010864257812,367.7454833984375,367.7454833984375,215.75901794433594,215.75901794433594,1588.0599365234375,1588.0599365234375,1936.153564453125,1936.153564453125,-969.002197265625,-969.002197265625
38624,4,290,3,1,21,A1,pct_button,20,,,13.95634983778,False,False,False,1.0065650939941406,0.636935830116272,9.383010864257812,2.803873300552368,367.7454833984375,367.7454833984375,215.75901794433594,215.75901794433594,1588.0599365234375,1588.0599365234375,1936.153564453125,1936.153564453125,-969.002197265625,-969.002197265625
38632,4,290,4,4,24,A1,pct_button,100,,,7.877317035198212,True,True,False,0.636935830116272,18.93484878540039,2.803873300552368,39.89748001098633,367.7454833984375,337.2797546386719,215.75901794433594,397.3539123535156,1588.0599365234375,2235.73193359375,1936.153564453125,1829.2890625,-969.002197265625,-2233.09130859375
