t,env_id,episode_id,step_in_ep,action_sub_idx,base_action_idx,target,type,pct,step,dir,reward,done,gate_ok,deviation_exploded,C1_before,C1_after,A1_before,A1_after,A2_before,A2_after,B2_before,B2_after,A3_before,A3_after,S3_before,S3_after,C3_before,C3_after
8952,4,80,-1,,,,,,,,,False,False,False,9.87347412109375,9.87347412109375,41.02979278564453,41.02979278564453,218.1380615234375,218.1380615234375,109.20524597167969,109.20524597167969,1631.351318359375,1631.351318359375,2582.390869140625,2582.390869140625,-1373.104736328125,-1373.104736328125
8952,4,80,0,2,22,A1,pct_button,30,,,61.60352478027344,False,False,False,9.87347412109375,8.624228477478027,41.02979278564453,11.675271034240723,218.1380615234375,218.1380615234375,109.20524597167969,109.20524597167969,1631.351318359375,1631.351318359375,2582.390869140625,2582.390869140625,-1373.104736328125,-1373.104736328125
8960,4,80,1,12,40,C1,pct_button,100,,,13.518673541545867,False,False,False,8.624228477478027,-1.8806761503219604,11.675271034240723,11.791205406188965,218.1380615234375,218.1380615234375,109.20524597167969,109.20524597167969,1631.351318359375,1631.351318359375,2582.390869140625,2582.390869140625,-1373.104736328125,-1373.104736328125
8968,4,80,2,1,21,A1,pct_button,20,,,18.7773867726326,False,False,False,-1.8806761503219604,-1.9372202157974243,11.791205406188965,2.3841819763183594,218.1380615234375,218.1380615234375,109.20524597167969,109.20524597167969,1631.351318359375,1631.351318359375,2582.390869140625,2582.390869140625,-1373.104736328125,-1373.104736328125
8976,4,80,3,12,40,C1,pct_button,100,,,9.306796147525311,True,True,False,-1.9372202157974243,16.69162940979004,2.3841819763183594,7.704073905944824,218.1380615234375,430.2430114746094,109.20524597167969,348.75848388671875,1631.351318359375,2015.646728515625,2582.390869140625,1489.5543212890625,-1373.104736328125,1635.2159423828125
