t,env_id,episode_id,step_in_ep,action_sub_idx,base_action_idx,target,type,pct,step,dir,reward,done,gate_ok,deviation_exploded,C1_before,C1_after,A1_before,A1_after
35552,6,270,-1,,,,,,,,,False,True,False,-2.0030524730682373,-2.0030524730682373,0.7674142122268677,0.7674142122268677
35552,6,270,0,11,39,C1,pct_button,50,,,7.164480031132698,True,True,False,-2.0030524730682373,-10.741272926330566,0.7674142122268677,48.284584045410156
