t,env_id,episode_id,step_in_ep,action_sub_idx,base_action_idx,target,type,pct,step,dir,reward,done,gate_ok,deviation_exploded,C1_before,C1_after,A1_before,A1_after,A2_before,A2_after,B2_before,B2_after,A3_before,A3_after,S3_before,S3_after,C3_before,C3_after
37600,1,320,-1,,,,,,,,,False,True,False,14.365830421447754,14.365830421447754,1.6960785388946533,1.6960785388946533,330.1115417480469,330.1115417480469,335.9867858886719,335.9867858886719,1323.0849609375,1323.0849609375,2496.867431640625,2496.867431640625,1107.6627197265625,1107.6627197265625
37600,1,320,0,12,40,C1,pct_button,100,,,34.99004577219486,True,True,False,14.365830421447754,-9.918478012084961,1.6960785388946533,35.92482376098633,330.1115417480469,419.65692138671875,335.9867858886719,109.17887878417969,1323.0849609375,1043.44580078125,2496.867431640625,1052.4195556640625,1107.6627197265625,2064.010986328125
