t,env_id,episode_id,step_in_ep,action_sub_idx,base_action_idx,target,type,pct,step,dir,reward,done,gate_ok,deviation_exploded,C1_before,C1_after,A1_before,A1_after
22928,0,170,-1,,,,,,,,,False,False,False,9.534357070922852,9.534357070922852,36.19496154785156,36.19496154785156
22928,0,170,0,2,22,A1,pct_button,30,,,48.743826665878295,False,False,False,9.534357070922852,5.289214611053467,36.19496154785156,16.278871536254883
22936,0,170,1,3,23,A1,pct_button,50,,,29.22184173107147,False,False,False,5.289214611053467,2.824359178543091,16.278871536254883,4.1980299949646
22944,0,170,2,2,22,A1,pct_button,30,,,4.002812933921815,False,False,False,2.824359178543091,2.4815728664398193,4.1980299949646,2.585076332092285
22952,0,170,3,11,39,C1,pct_button,50,,,2.5248473429679876,False,False,False,2.4815728664398193,1.0781792402267456,2.585076332092285,2.7594223022460938
22960,0,170,4,9,37,C1,pct_button,20,,,0.653864806890488,False,False,False,1.0781792402267456,0.8591946959495544,2.7594223022460938,2.681885242462158
22968,0,170,5,3,23,A1,pct_button,50,,,8.511562170982362,True,True,False,0.8591946959495544,10.380012512207031,2.681885242462158,39.6572380065918
