t,env_id,episode_id,step_in_ep,action_sub_idx,base_action_idx,target,type,pct,step,dir,reward,done,gate_ok,deviation_exploded,C1_before,C1_after,A1_before,A1_after,A2_before,A2_after,B2_before,B2_after,A3_before,A3_after,S3_before,S3_after,C3_before,C3_after
12576,6,120,-1,,,,,,,,,False,False,False,8.880483627319336,8.880483627319336,2.344388246536255,2.344388246536255,215.56076049804688,215.56076049804688,159.27891540527344,159.27891540527344,2640.88525390625,2640.88525390625,2685.441162109375,2685.441162109375,-1350.468994140625,-1350.468994140625
12576,6,120,0,10,38,C1,pct_button,30,,,4.4811164999008195,False,False,False,8.880483627319336,7.016273021697998,2.344388246536255,2.0537407398223877,215.56076049804688,215.56076049804688,159.27891540527344,159.27891540527344,2640.88525390625,2640.88525390625,2685.441162109375,2685.441162109375,-1350.468994140625,-1350.468994140625
12584,6,120,1,0,20,A1,pct_button,10,,,2.759027036428451,False,False,False,7.016273021697998,7.099239349365234,2.0537407398223877,0.6638922095298767,215.56076049804688,215.56076049804688,159.27891540527344,159.27891540527344,2640.88525390625,2640.88525390625,2685.441162109375,2685.441162109375,-1350.468994140625,-1350.468994140625
12592,6,120,2,0,20,A1,pct_button,10,,,1.1615091836452487,False,False,False,7.099239349365234,7.035265922546387,0.6638922095298767,0.2146098017692566,215.56076049804688,215.56076049804688,159.27891540527344,159.27891540527344,2640.88525390625,2640.88525390625,2685.441162109375,2685.441162109375,-1350.468994140625,-1350.468994140625
12600,6,120,3,1,21,A1,pct_button,20,,,0.07079800352454214,False,False,False,7.035265922546387,7.212924957275391,0.2146098017692566,0.06937476247549057,215.56076049804688,215.56076049804688,159.27891540527344,159.27891540527344,2640.88525390625,2640.88525390625,2685.441162109375,2685.441162109375,-1350.468994140625,-1350.468994140625
12608,6,120,4,12,40,C1,pct_button,100,,,14.046320388913154,True,True,False,7.212924957275391,6.411830902099609,0.06937476247549057,29.263351440429688,215.56076049804688,354.15216064453125,159.27891540527344,443.4378662109375,2640.88525390625,1295.3359375,2685.441162109375,2550.212646484375,-1350.468994140625,-2882.655517578125
