t,env_id,episode_id,step_in_ep,action_sub_idx,base_action_idx,target,type,pct,step,dir,reward,done,gate_ok,deviation_exploded,C1_before,C1_after,A1_before,A1_after
44168,2,330,-1,,,,,,,,,False,False,False,6.554124355316162,6.554124355316162,18.454683303833008,18.454683303833008
44168,2,330,0,6,34,C1,pct_button,5,,,1.083225784301758,False,False,False,6.554124355316162,6.295705795288086,18.454683303833008,18.41358184814453
44176,2,330,1,4,24,A1,pct_button,100,,,41.246086533069615,False,False,False,6.295705795288086,1.610723614692688,18.41358184814453,2.5117454528808594
44184,2,330,2,4,24,A1,pct_button,100,,,2.265665857791901,False,False,False,1.610723614692688,1.6817841529846191,2.5117454528808594,1.3329998254776
44192,2,330,3,12,40,C1,pct_button,100,,,5.8194633173942565,True,True,False,1.6817841529846191,8.720454216003418,1.3329998254776,1.7389638423919678
