t,env_id,episode_id,step_in_ep,action_sub_idx,base_action_idx,target,type,pct,step,dir,reward,done,gate_ok,deviation_exploded,C1_before,C1_after,A1_before,A1_after,A2_before,A2_after,B2_before,B2_after,A3_before,A3_after,S3_before,S3_after,C3_before,C3_after
27640,7,350,-1,,,,,,,,,False,False,False,6.591264247894287,6.591264247894287,26.11256217956543,26.11256217956543,376.5528564453125,376.5528564453125,350.954345703125,350.954345703125,1633.7459716796875,1633.7459716796875,2507.985107421875,2507.985107421875,2563.709228515625,2563.709228515625
27640,7,350,0,3,23,A1,pct_button,50,,,-26.20473861694336,False,False,False,6.591264247894287,4.661222457885742,26.11256217956543,8.441146850585938,376.5528564453125,376.5528564453125,350.954345703125,350.954345703125,1633.7459716796875,1633.7459716796875,2507.985107421875,2507.985107421875,2563.709228515625,2563.709228515625
27648,7,350,1,2,22,A1,pct_button,30,,,-26.20473861694336,False,False,False,4.661222457885742,4.661222457885742,8.441146850585938,8.441146850585938,376.5528564453125,376.5528564453125,350.954345703125,350.954345703125,1633.7459716796875,1633.7459716796875,2507.985107421875,2507.985107421875,2563.709228515625,2563.709228515625
27656,7,350,2,12,40,C1,pct_button,100,,,-19.403078496456146,False,False,False,4.661222457885742,0.3193943202495575,8.441146850585938,9.382144927978516,376.5528564453125,376.5528564453125,350.954345703125,350.954345703125,1633.7459716796875,1633.7459716796875,2507.985107421875,2507.985107421875,2563.709228515625,2563.709228515625
27664,7,350,3,1,21,A1,pct_button,20,,,-6.154764138162136,False,False,False,0.3193943202495575,0.04450986906886101,9.382144927978516,3.032872200012207,376.5528564453125,376.5528564453125,350.954345703125,350.954345703125,1633.7459716796875,1633.7459716796875,2507.985107421875,2507.985107421875,2563.709228515625,2563.709228515625
27672,7,350,4,2,22,A1,pct_button,30,,,1.9066768884658813,True,True,False,0.04450986906886101,12.814123153686523,3.032872200012207,49.43129348754883,376.5528564453125,309.7026672363281,350.954345703125,302.6427917480469,1633.7459716796875,1912.49658203125,2507.985107421875,2097.053955078125,2563.709228515625,1364.1419677734375
