t,env_id,episode_id,step_in_ep,action_sub_idx,base_action_idx,target,type,pct,step,dir,reward,done,gate_ok,deviation_exploded,C1_before,C1_after,A1_before,A1_after,A2_before,A2_after,B2_before,B2_after,A3_before,A3_after,S3_before,S3_after,C3_before,C3_after
27712,5,230,-1,,,,,,,,,False,False,False,-3.409442901611328,-3.409442901611328,45.375675201416016,45.375675201416016,422.6429748535156,422.6429748535156,354.8924560546875,354.8924560546875,2434.257080078125,2434.257080078125,2564.741943359375,2564.741943359375,2654.55908203125,2654.55908203125
27712,5,230,0,1,21,A1,pct_button,20,,,53.064098310470584,False,False,False,-3.409442901611328,-7.804656505584717,45.375675201416016,14.668140411376953,422.6429748535156,422.6429748535156,354.8924560546875,354.8924560546875,2434.257080078125,2434.257080078125,2564.741943359375,2564.741943359375,2654.55908203125,2654.55908203125
27720,5,230,1,1,21,A1,pct_button,20,,,17.068514194488525,False,False,False,-7.804656505584717,-9.332659721374512,14.668140411376953,4.7416229248046875,422.6429748535156,422.6429748535156,354.8924560546875,354.8924560546875,2434.257080078125,2434.257080078125,2564.741943359375,2564.741943359375,2654.55908203125,2654.55908203125
27728,5,230,2,1,21,A1,pct_button,20,,,5.998961701393126,False,False,False,-9.332659721374512,-9.64884090423584,4.7416229248046875,1.5327770709991455,422.6429748535156,422.6429748535156,354.8924560546875,354.8924560546875,2434.257080078125,2434.257080078125,2564.741943359375,2564.741943359375,2654.55908203125,2654.55908203125
27736,5,230,3,12,40,C1,pct_button,100,,,12.616604323387147,False,False,False,-9.64884090423584,1.2043097019195557,1.5327770709991455,3.7131810188293457,422.6429748535156,422.6429748535156,354.8924560546875,354.8924560546875,2434.257080078125,2434.257080078125,2564.741943359375,2564.741943359375,2654.55908203125,2654.55908203125
27744,5,230,4,4,24,A1,pct_button,100,,,12.393041597865523,True,True,False,1.2043097019195557,2.4282281398773193,3.7131810188293457,17.584716796875,422.6429748535156,232.49273681640625,354.8924560546875,196.60491943359375,2434.257080078125,2912.64306640625,2564.741943359375,1599.6927490234375,2654.55908203125,1393.125244140625
