t,env_id,episode_id,step_in_ep,action_sub_idx,base_action_idx,target,type,pct,step,dir,reward,done,gate_ok,deviation_exploded,C1_before,C1_after,A1_before,A1_after,A2_before,A2_after,B2_before,B2_after,A3_before,A3_after,S3_before,S3_after,C3_before,C3_after
27320,1,230,-1,,,,,,,,,False,False,False,-15.193037986755371,-15.193037986755371,17.138465881347656,17.138465881347656,313.0919494628906,313.0919494628906,129.3194580078125,129.3194580078125,1629.498046875,1629.498046875,1332.006103515625,1332.006103515625,1149.507568359375,1149.507568359375
27320,1,230,0,1,21,A1,pct_button,20,,,22.215512723922725,False,False,False,-15.193037986755371,-16.559185028076172,17.138465881347656,4.8738932609558105,313.0919494628906,313.0919494628906,129.3194580078125,129.3194580078125,1629.498046875,1629.498046875,1332.006103515625,1332.006103515625,1149.507568359375,1149.507568359375
27328,1,230,1,1,21,A1,pct_button,20,,,6.6825781726837175,False,False,False,-16.559185028076172,-16.884601593017578,4.8738932609558105,1.3848824501037598,313.0919494628906,313.0919494628906,129.3194580078125,129.3194580078125,1629.498046875,1629.498046875,1332.006103515625,1332.006103515625,1149.507568359375,1149.507568359375
27336,1,230,2,1,21,A1,pct_button,20,,,-0.08134428501129264,False,False,False,-16.884601593017578,-16.495512008666992,1.3848824501037598,1.9945447444915771,313.0919494628906,313.0919494628906,129.3194580078125,129.3194580078125,1629.498046875,1629.498046875,1332.006103515625,1332.006103515625,1149.507568359375,1149.507568359375
27344,1,230,3,12,40,C1,pct_button,100,,,31.42106458902359,False,False,False,-16.495512008666992,1.2396857738494873,1.9945447444915771,1.5628641843795776,313.0919494628906,313.0919494628906,129.3194580078125,129.3194580078125,1629.498046875,1629.498046875,1332.006103515625,1332.006103515625,1149.507568359375,1149.507568359375
27352,1,230,4,3,23,A1,pct_button,50,,,6.413904651403428,True,True,False,1.2396857738494873,13.618103981018066,1.5628641843795776,1.5273971557617188,313.0919494628906,391.5199279785156,129.3194580078125,461.82232666015625,1629.498046875,2159.18701171875,1332.006103515625,2301.739013671875,1149.507568359375,-2203.445068359375
