t,env_id,episode_id,step_in_ep,action_sub_idx,base_action_idx,target,type,pct,step,dir,reward,done,gate_ok,deviation_exploded,C1_before,C1_after,A1_before,A1_after,A2_before,A2_after,B2_before,B2_after,A3_before,A3_after,S3_before,S3_after,C3_before,C3_after
9752,4,100,-1,,,,,,,,,False,False,False,8.801663398742676,8.801663398742676,32.36848068237305,32.36848068237305,380.7316589355469,380.7316589355469,145.50819396972656,145.50819396972656,2926.98681640625,2926.98681640625,2799.4619140625,2799.4619140625,1357.41259765625,1357.41259765625
9752,4,100,0,0,20,A1,pct_button,10,,,-36.982872009277344,False,False,False,8.801663398742676,8.028000831604004,32.36848068237305,10.463435173034668,380.7316589355469,380.7316589355469,145.50819396972656,145.50819396972656,2926.98681640625,2926.98681640625,2799.4619140625,2799.4619140625,1357.41259765625,1357.41259765625
9760,4,100,1,6,34,C1,pct_button,5,,,-36.210490226745605,False,False,False,8.028000831604004,7.699778079986572,10.463435173034668,10.40546703338623,380.7316589355469,380.7316589355469,145.50819396972656,145.50819396972656,2926.98681640625,2926.98681640625,2799.4619140625,2799.4619140625,1357.41259765625,1357.41259765625
9768,4,100,2,11,39,C1,pct_button,50,,,-29.30945873260498,False,False,False,7.699778079986572,4.159366130828857,10.40546703338623,10.495363235473633,380.7316589355469,380.7316589355469,145.50819396972656,145.50819396972656,2926.98681640625,2926.98681640625,2799.4619140625,2799.4619140625,1357.41259765625,1357.41259765625
9776,4,100,3,3,23,A1,pct_button,50,,,-11.574644565582275,False,False,False,4.159366130828857,2.3945913314819336,10.495363235473633,3.392730951309204,380.7316589355469,380.7316589355469,145.50819396972656,145.50819396972656,2926.98681640625,2926.98681640625,2799.4619140625,2799.4619140625,1357.41259765625,1357.41259765625
9784,4,100,4,2,22,A1,pct_button,30,,,-6.7173590660095215,False,False,False,2.3945913314819336,2.2619452476501465,3.392730951309204,1.0967342853546143,380.7316589355469,380.7316589355469,145.50819396972656,145.50819396972656,2926.98681640625,2926.98681640625,2799.4619140625,2799.4619140625,1357.41259765625,1357.41259765625
9792,4,100,5,12,40,C1,pct_button,100,,,2.7963514924049377,True,True,False,2.2619452476501465,-0.5447858572006226,1.0967342853546143,7.887681007385254,380.7316589355469,149.31394958496094,145.50819396972656,262.6257629394531,2926.98681640625,2288.7451171875,2799.4619140625,2505.572021484375,1357.41259765625,-969.2901000976562
