t,env_id,episode_id,step_in_ep,action_sub_idx,base_action_idx,target,type,pct,step,dir,reward,done,gate_ok,deviation_exploded,C1_before,C1_after,A1_before,A1_after,A2_before,A2_after,B2_before,B2_after,A3_before,A3_after,S3_before,S3_after,C3_before,C3_after
46616,0,630,-1,,,,,,,,,False,False,False,4.722870826721191,4.722870826721191,42.59174728393555,42.59174728393555,273.9317321777344,273.9317321777344,148.75,148.75,1666.765380859375,1666.765380859375,2591.8193359375,2591.8193359375,1691.58837890625,1691.58837890625
46616,0,630,0,3,23,A1,pct_button,50,,,-31.016512393951416,False,False,False,4.722870826721191,1.7400476932525635,42.59174728393555,13.768208503723145,273.9317321777344,273.9317321777344,148.75,148.75,1666.765380859375,1666.765380859375,2591.8193359375,2591.8193359375,1691.58837890625,1691.58837890625
46624,0,630,1,2,22,A1,pct_button,30,,,-12.600461483001709,False,False,False,1.7400476932525635,1.8495194911956787,13.768208503723145,4.450711250305176,273.9317321777344,273.9317321777344,148.75,148.75,1666.765380859375,1666.765380859375,2591.8193359375,2591.8193359375,1691.58837890625,1691.58837890625
46632,0,630,2,11,39,C1,pct_button,50,,,-11.391867637634277,False,False,False,1.8495194911956787,1.116234302520752,4.450711250305176,4.579699516296387,273.9317321777344,273.9317321777344,148.75,148.75,1666.765380859375,1666.765380859375,2591.8193359375,2591.8193359375,1691.58837890625,1691.58837890625
46640,0,630,3,12,40,C1,pct_button,100,,,-11.294515609741211,False,False,False,1.116234302520752,1.5637712478637695,4.579699516296387,4.083486557006836,273.9317321777344,273.9317321777344,148.75,148.75,1666.765380859375,1666.765380859375,2591.8193359375,2591.8193359375,1691.58837890625,1691.58837890625
46648,0,630,4,12,40,C1,pct_button,100,,,-11.279545843601227,False,False,False,1.5637712478637695,-0.4851541817188263,4.083486557006836,5.154618740081787,273.9317321777344,273.9317321777344,148.75,148.75,1666.765380859375,1666.765380859375,2591.8193359375,2591.8193359375,1691.58837890625,1691.58837890625
46656,0,630,5,1,21,A1,pct_button,20,,,0.5791234970092773,True,True,False,-0.4851541817188263,7.274448871612549,5.154618740081787,30.302139282226562,273.9317321777344,258.13604736328125,148.75,158.92431640625,1666.765380859375,1064.451904296875,2591.8193359375,1881.8839111328125,1691.58837890625,2456.848388671875
