t,env_id,episode_id,step_in_ep,action_sub_idx,base_action_idx,target,type,pct,step,dir,reward,done,gate_ok,deviation_exploded,C1_before,C1_after,A1_before,A1_after,A2_before,A2_after,B2_before,B2_after,A3_before,A3_after,S3_before,S3_after,C3_before,C3_after
25792,6,240,-1,,,,,,,,,False,False,False,-2.410343885421753,-2.410343885421753,16.957075119018555,16.957075119018555,162.66900634765625,162.66900634765625,474.9495849609375,474.9495849609375,1320.21533203125,1320.21533203125,1135.5240478515625,1135.5240478515625,-907.4609375,-907.4609375
25792,6,240,0,7,35,C1,pct_button,10,,,0.6440101242065432,False,False,False,-2.410343885421753,-2.2173051834106445,16.957075119018555,17.01543617248535,162.66900634765625,162.66900634765625,474.9495849609375,474.9495849609375,1320.21533203125,1320.21533203125,1135.5240478515625,1135.5240478515625,-907.4609375,-907.4609375
25800,6,240,1,7,35,C1,pct_button,10,,,0.1395754289627058,False,False,False,-2.2173051834106445,-2.107978105545044,17.01543617248535,17.24349021911621,162.66900634765625,162.66900634765625,474.9495849609375,474.9495849609375,1320.21533203125,1320.21533203125,1135.5240478515625,1135.5240478515625,-907.4609375,-907.4609375
25808,6,240,2,12,40,C1,pct_button,100,,,3.4874489414691947,False,False,False,-2.107978105545044,0.4878876805305481,17.24349021911621,17.292661666870117,162.66900634765625,162.66900634765625,474.9495849609375,474.9495849609375,1320.21533203125,1320.21533203125,1135.5240478515625,1135.5240478515625,-907.4609375,-907.4609375
25816,6,240,3,0,20,A1,pct_button,10,,,23.729271642863747,False,False,False,0.4878876805305481,0.21217970550060272,17.292661666870117,5.758440017700195,162.66900634765625,162.66900634765625,474.9495849609375,474.9495849609375,1320.21533203125,1320.21533203125,1135.5240478515625,1135.5240478515625,-907.4609375,-907.4609375
25824,6,240,4,12,40,C1,pct_button,100,,,-3.87560663163662,False,False,False,0.21217970550060272,0.1927797496318817,5.758440017700195,7.790475845336914,162.66900634765625,162.66900634765625,474.9495849609375,474.9495849609375,1320.21533203125,1320.21533203125,1135.5240478515625,1135.5240478515625,-907.4609375,-907.4609375
25832,6,240,5,1,21,A1,pct_button,20,,,17.70035530626774,True,True,False,0.1927797496318817,10.212971687316895,7.790475845336914,19.567556381225586,162.66900634765625,465.20391845703125,474.9495849609375,378.162353515625,1320.21533203125,2469.33349609375,1135.5240478515625,2177.376953125,-907.4609375,-1979.84375
