t,env_id,episode_id,step_in_ep,action_sub_idx,base_action_idx,target,type,pct,step,dir,reward,done,gate_ok,deviation_exploded,C1_before,C1_after,A1_before,A1_after
30896,2,220,-1,,,,,,,,,False,False,False,-11.903517723083496,-11.903517723083496,20.08010482788086,20.08010482788086
30896,2,220,0,4,24,A1,pct_button,100,,,30.251964027881623,False,False,False,-11.903517723083496,-16.222780227661133,20.08010482788086,0.8000890016555786
30904,2,220,1,0,20,A1,pct_button,10,,,0.01085985302925053,False,False,False,-16.222780227661133,-16.358123779296875,0.8000890016555786,0.826158344745636
30912,2,220,2,11,39,C1,pct_button,50,,,19.92604760289192,False,False,False,-16.358123779296875,-6.509199619293213,0.826158344745636,0.7799502015113831
30920,2,220,3,1,21,A1,pct_button,20,,,-0.6040908849239346,False,False,False,-6.509199619293213,-6.827616214752197,0.7799502015113831,0.8352072834968567
30928,2,220,4,2,22,A1,pct_button,30,,,0.3809864753484733,False,False,False,-6.827616214752197,-7.161032676696777,0.8352072834968567,0.38172516226768494
30936,2,220,5,9,37,C1,pct_button,20,,,3.136779227256776,False,False,False,-7.161032676696777,-5.385138988494873,0.38172516226768494,0.6445258855819702
30944,2,220,6,12,40,C1,pct_button,100,,,13.008297252655028,True,True,False,-5.385138988494873,-10.030567169189453,0.6445258855819702,14.184465408325195
