t,env_id,episode_id,step_in_ep,action_sub_idx,base_action_idx,target,type,pct,step,dir,reward,done,gate_ok,deviation_exploded,C1_before,C1_after,A1_before,A1_after
39280,2,400,-1,,,,,,,,,False,False,False,9.31672191619873,9.31672191619873,5.82728910446167,5.82728910446167
39280,2,400,0,11,39,C1,pct_button,50,,,12.029743771553038,False,False,False,9.31672191619873,3.3610432147979736,5.82728910446167,5.855258941650391
39288,2,400,1,5,33,C1,pct_button,1,,,0.2661674976348871,False,False,False,3.3610432147979736,3.323869228363037,5.855258941650391,5.846048355102539
39296,2,400,2,6,34,C1,pct_button,5,,,0.5596988487243644,False,False,False,3.323869228363037,3.17948579788208,5.846048355102539,5.79533052444458
39304,2,400,3,1,21,A1,pct_button,20,,,7.133903059959412,False,False,False,3.17948579788208,2.9052886962890625,5.79533052444458,2.5521504878997803
39312,2,400,4,1,21,A1,pct_button,20,,,2.6258344149589536,False,False,False,2.9052886962890625,3.003859519958496,2.5521504878997803,1.1774758100509644
39320,2,400,5,0,20,A1,pct_button,10,,,-0.6283105468749997,False,False,False,3.003859519958496,2.95672869682312,1.1774758100509644,1.579120397567749
39328,2,400,6,3,23,A1,pct_button,50,,,1.6397577846050264,False,False,False,2.95672869682312,2.8510336875915527,1.579120397567749,0.8974210619926453
39336,2,400,7,12,40,C1,pct_button,100,,,10.631304477900267,True,True,False,2.8510336875915527,11.818243980407715,0.8974210619926453,49.952152252197266
