t,env_id,episode_id,step_in_ep,action_sub_idx,base_action_idx,target,type,pct,step,dir,reward,done,gate_ok,deviation_exploded,C1_before,C1_after,A1_before,A1_after,A2_before,A2_after,B2_before,B2_after,A3_before,A3_after,S3_before,S3_after,C3_before,C3_after
36272,1,310,-1,,,,,,,,,False,False,False,17.964954376220703,17.964954376220703,27.777551651000977,27.777551651000977,324.4032287597656,324.4032287597656,242.0795135498047,242.0795135498047,1158.634765625,1158.634765625,1320.9295654296875,1320.9295654296875,1658.590087890625,1658.590087890625
36272,1,310,0,3,23,A1,pct_button,50,,,53.99551766395569,False,False,False,17.964954376220703,14.797800064086914,27.777551651000977,4.131237506866455,324.4032287597656,324.4032287597656,242.0795135498047,242.0795135498047,1158.634765625,1158.634765625,1320.9295654296875,1320.9295654296875,1658.590087890625,1658.590087890625
36280,1,310,1,11,39,C1,pct_button,50,,,23.448758268356322,False,False,False,14.797800064086914,2.6854982376098633,4.131237506866455,4.586884021759033,324.4032287597656,324.4032287597656,242.0795135498047,242.0795135498047,1158.634765625,1158.634765625,1320.9295654296875,1320.9295654296875,1658.590087890625,1658.590087890625
36288,1,310,2,2,22,A1,pct_button,30,,,6.547081420421601,False,False,False,2.6854982376098633,2.1259891986846924,4.586884021759033,1.9081941843032837,324.4032287597656,324.4032287597656,242.0795135498047,242.0795135498047,1158.634765625,1158.634765625,1320.9295654296875,1320.9295654296875,1658.590087890625,1658.590087890625
36296,1,310,3,2,22,A1,pct_button,30,,,0.07068366765975999,False,False,False,2.1259891986846924,2.1259891986846924,1.9081941843032837,1.9081941843032837,324.4032287597656,324.4032287597656,242.0795135498047,242.0795135498047,1158.634765625,1158.634765625,1320.9295654296875,1320.9295654296875,1658.590087890625,1658.590087890625
36304,1,310,4,11,39,C1,pct_button,50,,,9.764083833694459,True,True,False,2.1259891986846924,-14.875946998596191,1.9081941843032837,8.701931953430176,324.4032287597656,223.43299865722656,242.0795135498047,243.35939025878906,1158.634765625,2527.05517578125,1320.9295654296875,1562.490966796875,1658.590087890625,2789.672119140625
