t,env_id,episode_id,step_in_ep,action_sub_idx,base_action_idx,target,type,pct,step,dir,reward,done,gate_ok,deviation_exploded,C1_before,C1_after,A1_before,A1_after,A2_before,A2_after,B2_before,B2_after,A3_before,A3_after,S3_before,S3_after,C3_before,C3_after
15664,3,160,-1,,,,,,,,,False,False,False,13.332396507263184,13.332396507263184,24.90132713317871,24.90132713317871,114.9225845336914,114.9225845336914,384.1707458496094,384.1707458496094,2660.807373046875,2660.807373046875,2379.638671875,2379.638671875,-1007.7006225585938,-1007.7006225585938
15664,3,160,0,11,39,C1,pct_button,50,,,-66.20257186889648,False,False,False,13.332396507263184,8.675857543945312,24.90132713317871,24.42542839050293,114.9225845336914,114.9225845336914,384.1707458496094,384.1707458496094,2660.807373046875,2660.807373046875,2379.638671875,2379.638671875,-1007.7006225585938,-1007.7006225585938
15672,3,160,1,1,21,A1,pct_button,20,,,-31.614829063415527,False,False,False,8.675857543945312,7.91165018081665,24.42542839050293,7.895764350891113,114.9225845336914,114.9225845336914,384.1707458496094,384.1707458496094,2660.807373046875,2660.807373046875,2379.638671875,2379.638671875,-1007.7006225585938,-1007.7006225585938
15680,3,160,2,9,37,C1,pct_button,20,,,-29.58408260345459,False,False,False,7.91165018081665,6.94257116317749,7.895764350891113,7.849470138549805,114.9225845336914,114.9225845336914,384.1707458496094,384.1707458496094,2660.807373046875,2660.807373046875,2379.638671875,2379.638671875,-1007.7006225585938,-1007.7006225585938
15688,3,160,3,12,40,C1,pct_button,100,,,-18.03460931777954,False,False,False,6.94257116317749,1.2871124744415283,7.849470138549805,7.730192184448242,114.9225845336914,114.9225845336914,384.1707458496094,384.1707458496094,2660.807373046875,2660.807373046875,2379.638671875,2379.638671875,-1007.7006225585938,-1007.7006225585938
15696,3,160,4,3,23,A1,pct_button,50,,,-1.031599998474121,True,True,False,1.2871124744415283,-6.747368812561035,7.730192184448242,36.44487380981445,114.9225845336914,215.72569274902344,384.1707458496094,402.1470642089844,2660.807373046875,2488.3095703125,2379.638671875,1170.6688232421875,-1007.7006225585938,2149.7509765625
