t,env_id,episode_id,step_in_ep,action_sub_idx,base_action_idx,target,type,pct,step,dir,reward,done,gate_ok,deviation_exploded,C1_before,C1_after,A1_before,A1_after,A2_before,A2_after,B2_before,B2_after,A3_before,A3_after,S3_before,S3_after,C3_before,C3_after
13440,2,130,-1,,,,,,,,,False,False,False,5.598564624786377,5.598564624786377,3.557910203933716,3.557910203933716,330.42352294921875,330.42352294921875,437.312744140625,437.312744140625,1100.4271240234375,1100.4271240234375,1339.7423095703125,1339.7423095703125,2688.692626953125,2688.692626953125
13440,2,130,0,12,40,C1,pct_button,100,,,-10.191655963659286,False,False,False,5.598564624786377,0.15168659389019012,3.557910203933716,4.944141387939453,330.42352294921875,330.42352294921875,437.312744140625,437.312744140625,1100.4271240234375,1100.4271240234375,1339.7423095703125,1339.7423095703125,2688.692626953125,2688.692626953125
13448,2,130,1,2,22,A1,pct_button,30,,,1.0904470682144165,True,True,False,0.15168659389019012,-2.531377077102661,4.944141387939453,38.99325180053711,330.42352294921875,351.10076904296875,437.312744140625,176.69252014160156,1100.4271240234375,1889.909423828125,1339.7423095703125,2545.568115234375,2688.692626953125,1234.1845703125
