t,env_id,episode_id,step_in_ep,action_sub_idx,base_action_idx,target,type,pct,step,dir,reward,done,gate_ok,deviation_exploded,C1_before,C1_after,A1_before,A1_after
10296,5,20,-1,,,,,,,,,False,False,False,-5.35054874420166,-5.35054874420166,4.794558048248291,4.794558048248291
10296,5,20,0,5,33,C1,pct_button,1,,,0.646971883773803,False,False,False,-5.35054874420166,-5.140317440032959,4.794558048248291,4.775461196899414
10304,5,20,1,7,35,C1,pct_button,10,,,3.4504222965240476,False,False,False,-5.140317440032959,-3.705554962158203,4.775461196899414,4.562695026397705
10312,5,20,2,10,38,C1,pct_button,30,,,15.578844319581986,True,True,False,-3.705554962158203,-6.539632320404053,4.562695026397705,47.018836975097656
