t,env_id,episode_id,step_in_ep,action_sub_idx,base_action_idx,target,type,pct,step,dir,reward,done,gate_ok,deviation_exploded,C1_before,C1_after,A1_before,A1_after
31248,3,70,-1,,,,,,,,,False,False,False,15.534048080444336,15.534048080444336,6.882370471954346,6.882370471954346
31248,3,70,0,5,33,C1,pct_button,1,,,0.6357994651794436,False,False,False,15.534048080444336,15.37105655670166,6.882370471954346,6.945629119873047
31256,3,70,1,2,22,A1,pct_button,30,,,2.340687522888187,False,False,False,15.37105655670166,16.476890563964844,6.945629119873047,4.878000259399414
31264,3,70,2,11,39,C1,pct_button,50,,,32.844542028903966,False,False,False,16.476890563964844,-3.7823939323425293,4.878000259399414,1.1949998140335083
31272,3,70,3,7,35,C1,pct_button,10,,,-3.1587128353118885,False,False,False,-3.7823939323425293,-4.0296196937561035,1.1949998140335083,2.5883097648620605
31280,3,70,4,2,22,A1,pct_button,30,,,16.647574850022792,True,True,False,-4.0296196937561035,-1.3375097513198853,2.5883097648620605,6.3867082595825195
