t,env_id,episode_id,step_in_ep,action_sub_idx,base_action_idx,target,type,pct,step,dir,reward,done,gate_ok,deviation_exploded,C1_before,C1_after,A1_before,A1_after,A2_before,A2_after,B2_before,B2_after,A3_before,A3_after,S3_before,S3_after,C3_before,C3_after
11096,7,110,-1,,,,,,,,,False,False,False,5.790521144866943,5.790521144866943,10.47752571105957,10.47752571105957,393.9085388183594,393.9085388183594,335.6446228027344,335.6446228027344,2405.107177734375,2405.107177734375,1057.7451171875,1057.7451171875,1014.399169921875,1014.399169921875
11096,7,110,0,4,24,A1,pct_button,100,,,19.383533940315246,False,False,False,5.790521144866943,0.7751295566558838,10.47752571105957,5.862526893615723,393.9085388183594,393.9085388183594,335.6446228027344,335.6446228027344,2405.107177734375,2405.107177734375,1057.7451171875,1057.7451171875,1014.399169921875,1014.399169921875
11104,7,110,1,11,39,C1,pct_button,50,,,0.12275312900543313,False,False,False,0.7751295566558838,0.7751295566558838,5.862526893615723,5.862526893615723,393.9085388183594,393.9085388183594,335.6446228027344,335.6446228027344,2405.107177734375,2405.107177734375,1057.7451171875,1057.7451171875,1014.399169921875,1014.399169921875
11112,7,110,2,4,24,A1,pct_button,100,,,14.260083636045456,True,True,False,0.7751295566558838,-16.855976104736328,5.862526893615723,4.568233013153076,393.9085388183594,451.28759765625,335.6446228027344,163.92367553710938,2405.107177734375,2306.77880859375,1057.7451171875,1845.32958984375,1014.399169921875,2917.359375
