t,env_id,episode_id,step_in_ep,action_sub_idx,base_action_idx,target,type,pct,step,dir,reward,done,gate_ok,deviation_exploded,C1_before,C1_after,A1_before,A1_after,A2_before,A2_after,B2_before,B2_after,A3_before,A3_after,S3_before,S3_after,C3_before,C3_after
46648,0,630,-1,,,,,,,,,False,False,False,14.983293533325195,14.983293533325195,32.758304595947266,32.758304595947266,128.23468017578125,128.23468017578125,382.8752746582031,382.8752746582031,2792.6728515625,2792.6728515625,1522.297607421875,1522.297607421875,-1110.0401611328125,-1110.0401611328125
46648,0,630,0,12,40,C1,pct_button,100,,,-73.08132743835449,False,False,False,14.983293533325195,4.180502891540527,32.758304595947266,32.36016082763672,128.23468017578125,128.23468017578125,382.8752746582031,382.8752746582031,2792.6728515625,2792.6728515625,1522.297607421875,1522.297607421875,-1110.0401611328125,-1110.0401611328125
46656,0,630,1,2,22,A1,pct_button,30,,,-25.686631679534912,False,False,False,4.180502891540527,2.3825700283050537,32.36016082763672,10.460745811462402,128.23468017578125,128.23468017578125,382.8752746582031,382.8752746582031,2792.6728515625,2792.6728515625,1522.297607421875,1522.297607421875,-1110.0401611328125,-1110.0401611328125
46664,0,630,2,3,23,A1,pct_button,50,,,-12.041547298431396,False,False,False,2.3825700283050537,2.639232873916626,10.460745811462402,3.3815407752990723,128.23468017578125,128.23468017578125,382.8752746582031,382.8752746582031,2792.6728515625,2792.6728515625,1522.297607421875,1522.297607421875,-1110.0401611328125,-1110.0401611328125
46672,0,630,3,12,40,C1,pct_button,100,,,-11.972326040267944,False,False,False,2.639232873916626,1.0600966215133667,3.3815407752990723,4.9260663986206055,128.23468017578125,128.23468017578125,382.8752746582031,382.8752746582031,2792.6728515625,2792.6728515625,1522.297607421875,1522.297607421875,-1110.0401611328125,-1110.0401611328125
46680,0,630,4,3,23,A1,pct_button,50,,,0.8768272399902344,True,True,False,1.0600966215133667,-15.644753456115723,4.9260663986206055,35.8524169921875,128.23468017578125,119.47483825683594,382.8752746582031,179.42013549804688,2792.6728515625,1352.995361328125,1522.297607421875,2856.3037109375,-1110.0401611328125,-1013.3673706054688
