t,env_id,episode_id,step_in_ep,action_sub_idx,base_action_idx,target,type,pct,step,dir,reward,done,gate_ok,deviation_exploded,C1_before,C1_after,A1_before,A1_after,A2_before,A2_after,B2_before,B2_after,A3_before,A3_after,S3_before,S3_after,C3_before,C3_after
23016,4,260,-1,,,,,,,,,False,False,False,2.086073637008667,2.086073637008667,13.772723197937012,13.772723197937012,392.8563537597656,392.8563537597656,389.73016357421875,389.73016357421875,1866.93798828125,1866.93798828125,1616.4912109375,1616.4912109375,-878.7630615234375,-878.7630615234375
23016,4,260,0,3,23,A1,pct_button,50,,,-10.3810476064682,False,False,False,2.086073637008667,0.738353431224823,13.772723197937012,4.452170372009277,392.8563537597656,392.8563537597656,389.73016357421875,389.73016357421875,1866.93798828125,1866.93798828125,1616.4912109375,1616.4912109375,-878.7630615234375,-878.7630615234375
23024,4,260,1,12,40,C1,pct_button,100,,,-13.029178619384766,False,False,False,0.738353431224823,0.17625904083251953,4.452170372009277,6.338330268859863,392.8563537597656,392.8563537597656,389.73016357421875,389.73016357421875,1866.93798828125,1866.93798828125,1616.4912109375,1616.4912109375,-878.7630615234375,-878.7630615234375
23032,4,260,2,3,23,A1,pct_button,50,,,0.6606957912445068,True,True,False,0.17625904083251953,-1.1678320169448853,6.338330268859863,24.625410079956055,392.8563537597656,404.5844421386719,389.73016357421875,285.80572509765625,1866.93798828125,2875.88671875,1616.4912109375,1405.35693359375,-878.7630615234375,-1246.5487060546875
