t,env_id,episode_id,step_in_ep,action_sub_idx,base_action_idx,target,type,pct,step,dir,reward,done,gate_ok,deviation_exploded,C1_before,C1_after,A1_before,A1_after,A2_before,A2_after,B2_before,B2_after,A3_before,A3_after,S3_before,S3_after,C3_before,C3_after
11976,6,110,-1,,,,,,,,,False,False,False,-10.431609153747559,-10.431609153747559,40.11471176147461,40.11471176147461,399.13909912109375,399.13909912109375,166.695556640625,166.695556640625,2895.290771484375,2895.290771484375,1250.436279296875,1250.436279296875,1847.5106201171875,1847.5106201171875
11976,6,110,0,3,23,A1,pct_button,50,,,53.59547610282898,False,False,False,-10.431609153747559,-16.881717681884766,40.11471176147461,7.101699352264404,399.13909912109375,399.13909912109375,166.695556640625,166.695556640625,2895.290771484375,2895.290771484375,1250.436279296875,1250.436279296875,1847.5106201171875,1847.5106201171875
11984,6,110,1,0,20,A1,pct_button,10,,,13.008827900886535,False,False,False,-16.881717681884766,-16.975101470947266,7.101699352264404,0.6754066944122314,399.13909912109375,399.13909912109375,166.695556640625,166.695556640625,2895.290771484375,2895.290771484375,1250.436279296875,1250.436279296875,1847.5106201171875,1847.5106201171875
11992,6,110,2,11,39,C1,pct_button,50,,,21.177241592407224,False,False,False,-16.975101470947266,-6.042895317077637,0.6754066944122314,1.0852737426757812,399.13909912109375,399.13909912109375,166.695556640625,166.695556640625,2895.290771484375,2895.290771484375,1250.436279296875,1250.436279296875,1847.5106201171875,1847.5106201171875
12000,6,110,3,0,20,A1,pct_button,10,,,0.13256338119506927,False,False,False,-6.042895317077637,-6.042895317077637,1.0852737426757812,1.0852737426757812,399.13909912109375,399.13909912109375,166.695556640625,166.695556640625,2895.290771484375,2895.290771484375,1250.436279296875,1250.436279296875,1847.5106201171875,1847.5106201171875
12008,6,110,4,12,40,C1,pct_button,100,,,15.898229992687702,True,True,False,-6.042895317077637,-7.483654022216797,1.0852737426757812,1.8839601278305054,399.13909912109375,202.1618194580078,166.695556640625,124.34008026123047,2895.290771484375,1972.3721923828125,1250.436279296875,2836.814697265625,1847.5106201171875,1609.0540771484375
