t,env_id,episode_id,step_in_ep,action_sub_idx,base_action_idx,target,type,pct,step,dir,reward,done,gate_ok,deviation_exploded,C1_before,C1_after,A1_before,A1_after
28232,3,220,-1,,,,,,,,,False,False,False,-2.7097549438476562,-2.7097549438476562,30.56334686279297,30.56334686279297
28232,3,220,0,4,24,A1,pct_button,100,,,46.92029462575913,False,False,False,-2.7097549438476562,-9.337153434753418,30.56334686279297,0.5698713064193726
28240,3,220,1,7,35,C1,pct_button,10,,,1.6891993308067315,False,False,False,-9.337153434753418,-8.424017906188965,0.5698713064193726,0.7248963117599487
28248,3,220,2,12,40,C1,pct_button,100,,,20.070466161966323,True,True,False,-8.424017906188965,-1.7594622373580933,0.7248963117599487,24.150590896606445
