t,env_id,episode_id,step_in_ep,action_sub_idx,base_action_idx,target,type,pct,step,dir,reward,done,gate_ok,deviation_exploded,C1_before,C1_after,A1_before,A1_after,A2_before,A2_after,B2_before,B2_after,A3_before,A3_after,S3_before,S3_after,C3_before,C3_after
42384,0,560,-1,,,,,,,,,False,False,False,11.568658828735352,11.568658828735352,22.655311584472656,22.655311584472656,281.3721618652344,281.3721618652344,281.8522644042969,281.8522644042969,2763.6748046875,2763.6748046875,1686.2352294921875,1686.2352294921875,1276.61279296875,1276.61279296875
42384,0,560,0,2,22,A1,pct_button,30,,,-33.65655326843262,False,False,False,11.568658828735352,9.504720687866211,22.655311584472656,7.323555946350098,281.3721618652344,281.3721618652344,281.8522644042969,281.8522644042969,2763.6748046875,2763.6748046875,1686.2352294921875,1686.2352294921875,1276.61279296875,1276.61279296875
42392,0,560,1,11,39,C1,pct_button,50,,,-33.65655326843262,False,False,False,9.504720687866211,9.504720687866211,7.323555946350098,7.323555946350098,281.3721618652344,281.3721618652344,281.8522644042969,281.8522644042969,2763.6748046875,2763.6748046875,1686.2352294921875,1686.2352294921875,1276.61279296875,1276.61279296875
42400,0,560,2,2,22,A1,pct_button,30,,,-22.923429489135742,False,False,False,9.504720687866211,9.0943021774292,7.323555946350098,2.367412567138672,281.3721618652344,281.3721618652344,281.8522644042969,281.8522644042969,2763.6748046875,2763.6748046875,1686.2352294921875,1686.2352294921875,1276.61279296875,1276.61279296875
42408,0,560,3,2,22,A1,pct_button,30,,,-18.646803975105286,False,False,False,9.0943021774292,8.558112144470215,2.367412567138672,0.765289843082428,281.3721618652344,281.3721618652344,281.8522644042969,281.8522644042969,2763.6748046875,2763.6748046875,1686.2352294921875,1686.2352294921875,1276.61279296875,1276.61279296875
42416,0,560,4,12,40,C1,pct_button,100,,,2.3376795649528503,True,True,False,8.558112144470215,0.803352415561676,0.765289843082428,7.6082072257995605,281.3721618652344,369.42431640625,281.8522644042969,220.6360321044922,2763.6748046875,1965.477783203125,1686.2352294921875,2221.79931640625,1276.61279296875,1270.1402587890625
