t,env_id,episode_id,step_in_ep,action_sub_idx,base_action_idx,target,type,pct,step,dir,reward,done,gate_ok,deviation_exploded,C1_before,C1_after,A1_before,A1_after
29464,4,300,-1,,,,,,,,,False,False,False,-10.201706886291504,-10.201706886291504,13.876153945922852,13.876153945922852
29464,4,300,0,0,20,A1,pct_button,10,,,17.676544113159178,False,False,False,-10.201706886291504,-10.718510627746582,13.876153945922852,4.6699628829956055
29472,4,300,1,11,39,C1,pct_button,50,,,12.300993585586548,False,False,False,-10.718510627746582,-4.07974910736084,4.6699628829956055,5.246490001678467
29480,4,300,2,11,39,C1,pct_button,50,,,3.5427188968658445,False,False,False,-4.07974910736084,-1.499006748199463,5.246490001678467,6.127134323120117
29488,4,300,3,7,35,C1,pct_button,10,,,0.36023362874984755,False,False,False,-1.499006748199463,-1.4212325811386108,6.127134323120117,6.094953536987305
29496,4,300,4,0,20,A1,pct_button,10,,,6.754667139053344,False,False,False,-1.4212325811386108,-1.5935485363006592,6.094953536987305,2.5820600986480713
29504,4,300,5,10,38,C1,pct_button,30,,,6.212148694992066,True,True,False,-1.5935485363006592,6.2619309425354,2.5820600986480713,21.467262268066406
