t,env_id,episode_id,step_in_ep,action_sub_idx,base_action_idx,target,type,pct,step,dir,reward,done,gate_ok,deviation_exploded,C1_before,C1_after,A1_before,A1_after,A2_before,A2_after,B2_before,B2_after,A3_before,A3_after,S3_before,S3_after,C3_before,C3_after
37824,0,490,-1,,,,,,,,,False,False,False,3.297738790512085,3.297738790512085,35.67461013793945,35.67461013793945,247.0814208984375,247.0814208984375,109.19402313232422,109.19402313232422,1915.822265625,1915.822265625,2081.170654296875,2081.170654296875,-2630.81396484375,-2630.81396484375
37824,0,490,0,11,39,C1,pct_button,50,,,-74.6640567779541,False,False,False,3.297738790512085,1.8329095840454102,35.67461013793945,35.49911880493164,247.0814208984375,247.0814208984375,109.19402313232422,109.19402313232422,1915.822265625,1915.822265625,2081.170654296875,2081.170654296875,-2630.81396484375,-2630.81396484375
37832,0,490,1,0,20,A1,pct_button,10,,,-23.465521156787872,False,False,False,1.8329095840454102,0.2573157846927643,35.49911880493164,11.475444793701172,247.0814208984375,247.0814208984375,109.19402313232422,109.19402313232422,1915.822265625,1915.822265625,2081.170654296875,2081.170654296875,-2630.81396484375,-2630.81396484375
37840,0,490,2,2,22,A1,pct_button,30,,,-9.267737627029419,False,False,False,0.2573157846927643,-0.9243165254592896,11.475444793701172,3.70955228805542,247.0814208984375,247.0814208984375,109.19402313232422,109.19402313232422,1915.822265625,1915.822265625,2081.170654296875,2081.170654296875,-2630.81396484375,-2630.81396484375
37848,0,490,3,0,20,A1,pct_button,10,,,0.49912047386169434,True,True,False,-0.9243165254592896,15.035630226135254,3.70955228805542,32.969017028808594,247.0814208984375,276.7353820800781,109.19402313232422,498.8908386230469,1915.822265625,1983.0150146484375,2081.170654296875,1358.219970703125,-2630.81396484375,-2922.40966796875
