t,env_id,episode_id,step_in_ep,action_sub_idx,base_action_idx,target,type,pct,step,dir,reward,done,gate_ok,deviation_exploded,C1_before,C1_after,A1_before,A1_after,A2_before,A2_after,B2_before,B2_after,A3_before,A3_after,S3_before,S3_after,C3_before,C3_after
36112,6,470,-1,,,,,,,,,False,False,False,0.1985790878534317,0.1985790878534317,25.908390045166016,25.908390045166016,396.468017578125,396.468017578125,428.5954284667969,428.5954284667969,1257.77294921875,1257.77294921875,1620.463134765625,1620.463134765625,1096.50439453125,1096.50439453125
36112,6,470,0,1,21,A1,pct_button,20,,,-17.867809057235718,False,False,False,0.1985790878534317,-0.5587586164474487,25.908390045166016,8.37514591217041,396.468017578125,396.468017578125,428.5954284667969,428.5954284667969,1257.77294921875,1257.77294921875,1620.463134765625,1620.463134765625,1096.50439453125,1096.50439453125
36120,6,470,1,3,23,A1,pct_button,50,,,-6.661481618881226,False,False,False,-0.5587586164474487,-0.6233910322189331,8.37514591217041,2.7073497772216797,396.468017578125,396.468017578125,428.5954284667969,428.5954284667969,1257.77294921875,1257.77294921875,1620.463134765625,1620.463134765625,1096.50439453125,1096.50439453125
36128,6,470,2,12,40,C1,pct_button,100,,,-6.412438154220581,False,False,False,-0.6233910322189331,-0.5221458673477173,2.7073497772216797,2.6840732097625732,396.468017578125,396.468017578125,428.5954284667969,428.5954284667969,1257.77294921875,1257.77294921875,1620.463134765625,1620.463134765625,1096.50439453125,1096.50439453125
36136,6,470,3,9,37,C1,pct_button,20,,,-6.412438154220581,False,False,False,-0.5221458673477173,-0.5221458673477173,2.6840732097625732,2.6840732097625732,396.468017578125,396.468017578125,428.5954284667969,428.5954284667969,1257.77294921875,1257.77294921875,1620.463134765625,1620.463134765625,1096.50439453125,1096.50439453125
36144,6,470,4,1,21,A1,pct_button,20,,,2.1876916885375977,True,True,False,-0.5221458673477173,7.4884257316589355,2.6840732097625732,48.88639450073242,396.468017578125,391.7735595703125,428.5954284667969,392.42401123046875,1257.77294921875,1464.9677734375,1620.463134765625,1933.205322265625,1096.50439453125,1593.2464599609375
