t,env_id,episode_id,step_in_ep,action_sub_idx,base_action_idx,target,type,pct,step,dir,reward,done,gate_ok,deviation_exploded,C1_before,C1_after,A1_before,A1_after,A2_before,A2_after,B2_before,B2_after,A3_before,A3_after,S3_before,S3_after,C3_before,C3_after
49408,7,690,-1,,,,,,,,,False,False,False,1.2827905416488647,1.2827905416488647,26.35466194152832,26.35466194152832,400.0058898925781,400.0058898925781,469.7840270996094,469.7840270996094,1828.5877685546875,1828.5877685546875,1808.7161865234375,1808.7161865234375,2706.259765625,2706.259765625
49408,7,690,0,12,40,C1,pct_button,100,,,-55.269007712602615,False,False,False,1.2827905416488647,-0.23376037180423737,26.35466194152832,27.40074348449707,400.0058898925781,400.0058898925781,469.7840270996094,469.7840270996094,1828.5877685546875,1828.5877685546875,1808.7161865234375,1808.7161865234375,2706.259765625,2706.259765625
49416,7,690,1,0,20,A1,pct_button,10,,,-18.76351237297058,False,False,False,-0.23376037180423737,-0.5241912603378296,27.40074348449707,8.857564926147461,400.0058898925781,400.0058898925781,469.7840270996094,469.7840270996094,1828.5877685546875,1828.5877685546875,1808.7161865234375,1808.7161865234375,2706.259765625,2706.259765625
49424,7,690,2,1,21,A1,pct_button,20,,,-7.535254955291748,False,False,False,-0.5241912603378296,-0.9043312072753906,8.857564926147461,2.8632962703704834,400.0058898925781,400.0058898925781,469.7840270996094,469.7840270996094,1828.5877685546875,1828.5877685546875,1808.7161865234375,1808.7161865234375,2706.259765625,2706.259765625
49432,7,690,3,4,24,A1,pct_button,100,,,1.2871028184890747,True,True,False,-0.9043312072753906,-3.2088418006896973,2.8632962703704834,23.67801284790039,400.0058898925781,275.876708984375,469.7840270996094,226.53695678710938,1828.5877685546875,1954.849853515625,1808.7161865234375,1394.203857421875,2706.259765625,1202.3907470703125
