t,env_id,episode_id,step_in_ep,action_sub_idx,base_action_idx,target,type,pct,step,dir,reward,done,gate_ok,deviation_exploded,C1_before,C1_after,A1_before,A1_after,A2_before,A2_after,B2_before,B2_after,A3_before,A3_after,S3_before,S3_after,C3_before,C3_after
17784,0,180,-1,,,,,,,,,False,False,False,-3.2288177013397217,-3.2288177013397217,10.26253604888916,10.26253604888916,497.1188659667969,497.1188659667969,481.0205078125,481.0205078125,1260.4996337890625,1260.4996337890625,1375.2384033203125,1375.2384033203125,-1648.9359130859375,-1648.9359130859375
17784,0,180,0,12,40,C1,pct_button,100,,,-22.64776849746704,False,False,False,-3.2288177013397217,-0.755316972732544,10.26253604888916,10.568567276000977,497.1188659667969,497.1188659667969,481.0205078125,481.0205078125,1260.4996337890625,1260.4996337890625,1375.2384033203125,1375.2384033203125,-1648.9359130859375,-1648.9359130859375
17792,0,180,1,12,40,C1,pct_button,100,,,-18.98111305758357,False,False,False,-0.755316972732544,-0.011565020307898521,10.568567276000977,9.478991508483887,497.1188659667969,497.1188659667969,481.0205078125,481.0205078125,1260.4996337890625,1260.4996337890625,1375.2384033203125,1375.2384033203125,-1648.9359130859375,-1648.9359130859375
17800,0,180,2,1,21,A1,pct_button,20,,,-6.606145530939102,False,False,False,-0.011565020307898521,-0.23889406025409698,9.478991508483887,3.064178705215454,497.1188659667969,497.1188659667969,481.0205078125,481.0205078125,1260.4996337890625,1260.4996337890625,1375.2384033203125,1375.2384033203125,-1648.9359130859375,-1648.9359130859375
17808,0,180,3,0,20,A1,pct_button,10,,,2.2988091111183167,True,True,False,-0.23889406025409698,-17.354459762573242,3.064178705215454,41.08689880371094,497.1188659667969,488.7764587402344,481.0205078125,103.61492919921875,1260.4996337890625,1563.77392578125,1375.2384033203125,2432.614501953125,-1648.9359130859375,-1503.11181640625
