t,env_id,episode_id,step_in_ep,action_sub_idx,base_action_idx,target,type,pct,step,dir,reward,done,gate_ok,deviation_exploded,C1_before,C1_after,A1_before,A1_after,A2_before,A2_after,B2_before,B2_after,A3_before,A3_after,S3_before,S3_after,C3_before,C3_after
30648,2,240,-1,,,,,,,,,False,False,False,0.07381772994995117,0.07381772994995117,47.343299865722656,47.343299865722656,217.06173706054688,217.06173706054688,462.9983215332031,462.9983215332031,2437.15478515625,2437.15478515625,1750.3031005859375,1750.3031005859375,-2008.1195068359375,-2008.1195068359375
30648,2,240,0,10,38,C1,pct_button,30,,,1.1165967354178485,False,False,False,0.07381772994995117,0.22671781480312347,47.343299865722656,47.100372314453125,217.06173706054688,217.06173706054688,462.9983215332031,462.9983215332031,2437.15478515625,2437.15478515625,1750.3031005859375,1750.3031005859375,-2008.1195068359375,-2008.1195068359375
30656,2,240,1,0,20,A1,pct_button,10,,,63.20771263837815,False,False,False,0.22671781480312347,-0.6513378024101257,47.100372314453125,15.225666046142578,217.06173706054688,217.06173706054688,462.9983215332031,462.9983215332031,2437.15478515625,2437.15478515625,1750.3031005859375,1750.3031005859375,-2008.1195068359375,-2008.1195068359375
30664,2,240,2,0,20,A1,pct_button,10,,,20.098478598594664,False,False,False,-0.6513378024101257,-0.9597315788269043,15.225666046142578,4.921848773956299,217.06173706054688,217.06173706054688,462.9983215332031,462.9983215332031,2437.15478515625,2437.15478515625,1750.3031005859375,1750.3031005859375,-2008.1195068359375,-2008.1195068359375
30672,2,240,3,0,20,A1,pct_button,10,,,11.639055551290513,True,True,False,-0.9597315788269043,15.839971542358398,4.921848773956299,32.10039520263672,217.06173706054688,473.8878479003906,462.9983215332031,303.4657897949219,2437.15478515625,1174.1268310546875,1750.3031005859375,1919.4361572265625,-2008.1195068359375,-2663.054931640625
