t,env_id,episode_id,step_in_ep,action_sub_idx,base_action_idx,target,type,pct,step,dir,reward,done,gate_ok,deviation_exploded,C1_before,C1_after,A1_before,A1_after,A2_before,A2_after,B2_before,B2_after,A3_before,A3_after,S3_before,S3_after,C3_before,C3_after
12488,1,130,-1,,,,,,,,,False,False,False,1.149979591369629,1.149979591369629,10.379298210144043,10.379298210144043,486.3135070800781,486.3135070800781,407.5036926269531,407.5036926269531,1792.6236572265625,1792.6236572265625,2808.224853515625,2808.224853515625,-1893.069580078125,-1893.069580078125
12488,1,130,0,3,23,A1,pct_button,50,,,-8.34338390827179,False,False,False,1.149979591369629,0.8164799809455872,10.379298210144043,3.3552119731903076,486.3135070800781,486.3135070800781,407.5036926269531,407.5036926269531,1792.6236572265625,1792.6236572265625,2808.224853515625,2808.224853515625,-1893.069580078125,-1893.069580078125
12496,1,130,1,1,21,A1,pct_button,20,,,1.6782723665237427,True,True,False,0.8164799809455872,10.785130500793457,3.3552119731903076,8.230535507202148,486.3135070800781,398.983154296875,407.5036926269531,456.88079833984375,1792.6236572265625,1864.4453125,2808.224853515625,2539.505859375,-1893.069580078125,-2598.1513671875
