t,env_id,episode_id,step_in_ep,action_sub_idx,base_action_idx,target,type,pct,step,dir,reward,done,gate_ok,deviation_exploded,C1_before,C1_after,A1_before,A1_after,A2_before,A2_after,B2_before,B2_after,A3_before,A3_after,S3_before,S3_after,C3_before,C3_after
1928,7,20,-1,,,,,,,,,False,False,False,12.207032203674316,12.207032203674316,33.524776458740234,33.524776458740234,439.24493408203125,439.24493408203125,491.3003234863281,491.3003234863281,2576.80712890625,2576.80712890625,1138.6790771484375,1138.6790771484375,-1556.590576171875,-1556.590576171875
1928,7,20,0,11,39,C1,pct_button,50,,,19.00966753005982,False,False,False,12.207032203674316,2.983983039855957,33.524776458740234,33.6038703918457,439.24493408203125,439.24493408203125,491.3003234863281,491.3003234863281,2576.80712890625,2576.80712890625,1138.6790771484375,1138.6790771484375,-1556.590576171875,-1556.590576171875
1936,7,20,1,1,21,A1,pct_button,20,,,49.864876606464385,False,False,False,2.983983039855957,0.9053088426589966,33.6038703918457,10.862787246704102,439.24493408203125,439.24493408203125,491.3003234863281,491.3003234863281,2576.80712890625,2576.80712890625,1138.6790771484375,1138.6790771484375,-1556.590576171875,-1556.590576171875
1944,7,20,2,2,22,A1,pct_button,30,,,16.267396888434885,False,False,False,0.9053088426589966,-0.1545535773038864,10.862787246704102,3.511504650115967,439.24493408203125,439.24493408203125,491.3003234863281,491.3003234863281,2576.80712890625,2576.80712890625,1138.6790771484375,1138.6790771484375,-1556.590576171875,-1556.590576171875
1952,7,20,3,2,22,A1,pct_button,30,,,8.989307516813279,True,True,False,-0.1545535773038864,-17.492855072021484,3.511504650115967,3.9060120582580566,439.24493408203125,254.66812133789062,491.3003234863281,384.99627685546875,2576.80712890625,2335.199951171875,1138.6790771484375,2343.694580078125,-1556.590576171875,2066.333740234375
