t,env_id,episode_id,step_in_ep,action_sub_idx,base_action_idx,target,type,pct,step,dir,reward,done,gate_ok,deviation_exploded,C1_before,C1_after,A1_before,A1_after
40896,4,330,-1,,,,,,,,,False,False,False,-0.180751770734787,-0.180751770734787,9.921830177307129,9.921830177307129
40896,4,330,0,4,24,A1,pct_button,100,,,16.343068435192105,False,False,False,-0.180751770734787,-1.3235119581222534,9.921830177307129,0.6219907999038696
40904,4,330,1,12,40,C1,pct_button,100,,,7.430764331743122,True,True,False,-1.3235119581222534,-15.53969955444336,0.6219907999038696,21.159032821655273
