t,env_id,episode_id,step_in_ep,action_sub_idx,base_action_idx,target,type,pct,step,dir,reward,done,gate_ok,deviation_exploded,C1_before,C1_after,A1_before,A1_after
21472,6,200,-1,,,,,,,,,False,False,False,-6.184999942779541,-6.184999942779541,10.628822326660156,10.628822326660156
21472,6,200,0,12,40,C1,pct_button,100,,,11.660367131233217,False,False,False,-6.184999942779541,-1.7470152378082275,10.628822326660156,9.34251880645752
21480,6,200,1,10,38,C1,pct_button,30,,,1.8197527980804453,False,False,False,-1.7470152378082275,-1.3244719505310059,9.34251880645752,8.952960014343262
21488,6,200,2,1,21,A1,pct_button,20,,,11.54090383052826,False,False,False,-1.3244719505310059,-1.8766841888427734,8.952960014343262,2.6707704067230225
21496,6,200,3,7,35,C1,pct_button,10,,,0.46914093255996625,False,False,False,-1.8766841888427734,-1.5887519121170044,2.6707704067230225,2.762646198272705
21504,6,200,4,10,38,C1,pct_button,30,,,1.2818202042579647,False,False,False,-1.5887519121170044,-1.300883412361145,2.762646198272705,2.4420337677001953
21512,6,200,5,11,39,C1,pct_button,50,,,1.2424582433700564,False,False,False,-1.300883412361145,-0.13740897178649902,2.4420337677001953,3.01076078414917
21520,6,200,6,11,39,C1,pct_button,50,,,1.214187516346574,False,False,False,-0.13740897178649902,0.035359833389520645,3.01076078414917,2.5263330936431885
21528,6,200,7,4,24,A1,pct_button,100,,,5.298130218088627,True,True,False,0.035359833389520645,-6.858247756958008,2.5263330936431885,11.262763977050781
