t,env_id,episode_id,step_in_ep,action_sub_idx,base_action_idx,target,type,pct,step,dir,reward,done,gate_ok,deviation_exploded,C1_before,C1_after,A1_before,A1_after,A2_before,A2_after,B2_before,B2_after,A3_before,A3_after,S3_before,S3_after,C3_before,C3_after
36864,6,480,-1,,,,,,,,,False,False,False,-14.447061538696289,-14.447061538696289,17.111330032348633,17.111330032348633,138.41705322265625,138.41705322265625,102.68124389648438,102.68124389648438,1262.00439453125,1262.00439453125,2534.0341796875,2534.0341796875,1440.3048095703125,1440.3048095703125
36864,6,480,0,1,21,A1,pct_button,20,,,-43.14876174926758,False,False,False,-14.447061538696289,-16.042972564697266,17.111330032348633,5.531408309936523,138.41705322265625,138.41705322265625,102.68124389648438,102.68124389648438,1262.00439453125,1262.00439453125,2534.0341796875,2534.0341796875,1440.3048095703125,1440.3048095703125
36872,6,480,1,12,40,C1,pct_button,100,,,-43.14876174926758,False,False,False,-16.042972564697266,-16.042972564697266,5.531408309936523,5.531408309936523,138.41705322265625,138.41705322265625,102.68124389648438,102.68124389648438,1262.00439453125,1262.00439453125,2534.0341796875,2534.0341796875,1440.3048095703125,1440.3048095703125
36880,6,480,2,12,40,C1,pct_button,100,,,-24.676457405090332,False,False,False,-16.042972564697266,6.73970890045166,5.531408309936523,5.598519802093506,138.41705322265625,138.41705322265625,102.68124389648438,102.68124389648438,1262.00439453125,1262.00439453125,2534.0341796875,2534.0341796875,1440.3048095703125,1440.3048095703125
36888,6,480,3,1,21,A1,pct_button,20,,,-16.089834690093994,False,False,False,6.73970890045166,6.235139846801758,5.598519802093506,1.8097774982452393,138.41705322265625,138.41705322265625,102.68124389648438,102.68124389648438,1262.00439453125,1262.00439453125,2534.0341796875,2534.0341796875,1440.3048095703125,1440.3048095703125
36896,6,480,4,12,40,C1,pct_button,100,,,2.676844835281372,True,True,False,6.235139846801758,8.801050186157227,1.8097774982452393,44.83019256591797,138.41705322265625,438.5060729980469,102.68124389648438,386.6734619140625,1262.00439453125,2271.320556640625,2534.0341796875,2463.1875,1440.3048095703125,1977.931396484375
