t,env_id,episode_id,step_in_ep,action_sub_idx,base_action_idx,target,type,pct,step,dir,reward,done,gate_ok,deviation_exploded,C1_before,C1_after,A1_before,A1_after,A2_before,A2_after,B2_before,B2_after,A3_before,A3_after,S3_before,S3_after,C3_before,C3_after
23800,4,280,-1,,,,,,,,,False,False,False,16.205978393554688,16.205978393554688,32.93399429321289,32.93399429321289,330.34051513671875,330.34051513671875,438.4209899902344,438.4209899902344,1024.706787109375,1024.706787109375,1431.8675537109375,1431.8675537109375,2469.96875,2469.96875
23800,4,280,0,1,21,A1,pct_button,20,,,-50.98620414733887,False,False,False,16.205978393554688,14.8468599319458,32.93399429321289,10.646242141723633,330.34051513671875,330.34051513671875,438.4209899902344,438.4209899902344,1024.706787109375,1024.706787109375,1431.8675537109375,1431.8675537109375,2469.96875,2469.96875
23808,4,280,1,12,40,C1,pct_button,100,,,-30.423969268798828,False,False,False,14.8468599319458,3.5543956756591797,10.646242141723633,11.657588958740234,330.34051513671875,330.34051513671875,438.4209899902344,438.4209899902344,1024.706787109375,1024.706787109375,1431.8675537109375,1431.8675537109375,2469.96875,2469.96875
23816,4,280,2,3,23,A1,pct_button,50,,,-12.897174835205078,False,False,False,3.5543956756591797,2.6801552772521973,11.657588958740234,3.768432140350342,330.34051513671875,330.34051513671875,438.4209899902344,438.4209899902344,1024.706787109375,1024.706787109375,1431.8675537109375,1431.8675537109375,2469.96875,2469.96875
23824,4,280,3,12,40,C1,pct_button,100,,,-12.527466177940369,False,False,False,2.6801552772521973,-0.5979916453361511,3.768432140350342,5.665741443634033,330.34051513671875,330.34051513671875,438.4209899902344,438.4209899902344,1024.706787109375,1024.706787109375,1431.8675537109375,1431.8675537109375,2469.96875,2469.96875
23832,4,280,4,1,21,A1,pct_button,20,,,0.09620010852813721,True,True,False,-0.5979916453361511,-8.025127410888672,5.665741443634033,39.280941009521484,330.34051513671875,451.8511047363281,438.4209899902344,140.19525146484375,1024.706787109375,2497.16796875,1431.8675537109375,1376.208984375,2469.96875,-823.7840576171875
