t,env_id,episode_id,step_in_ep,action_sub_idx,base_action_idx,target,type,pct,step,dir,reward,done,gate_ok,deviation_exploded,C1_before,C1_after,A1_before,A1_after
44368,0,110,-1,,,,,,,,,False,False,False,-18.215272903442383,-18.215272903442383,42.48523712158203,42.48523712158203
44368,0,110,0,3,23,A1,pct_button,50,,,1.2040102005004962,False,False,False,-18.215272903442383,-18.215272903442383,42.48523712158203,42.48523712158203
44376,0,110,1,3,23,A1,pct_button,50,,,73.54646520614624,False,False,False,-18.215272903442383,-9.283673286437988,42.48523712158203,14.880243301391602
44384,0,110,2,3,23,A1,pct_button,50,,,26.74370898246765,False,False,False,-9.283673286437988,-5.914315700531006,14.880243301391602,4.981706619262695
44392,0,110,3,9,37,C1,pct_button,20,,,0.2079204463958726,False,False,False,-5.914315700531006,-5.914315700531006,4.981706619262695,4.981706619262695
44400,0,110,4,9,37,C1,pct_button,20,,,12.939827344417573,False,False,False,-5.914315700531006,-2.5541892051696777,4.981706619262695,1.9115771055221558
44408,0,110,5,8,36,C1,pct_button,15,,,12.392191731333732,True,True,False,-2.5541892051696777,11.99831771850586,1.9115771055221558,26.128782272338867
