t,env_id,episode_id,step_in_ep,action_sub_idx,base_action_idx,target,type,pct,step,dir,reward,done,gate_ok,deviation_exploded,C1_before,C1_after,A1_before,A1_after
14960,1,140,-1,,,,,,,,,False,False,False,-9.18165397644043,-9.18165397644043,42.776275634765625,42.776275634765625
14960,1,140,0,12,40,C1,pct_button,100,,,11.412512183189397,False,False,False,-9.18165397644043,-3.006978750228882,42.776275634765625,43.70683288574219
14968,1,140,1,10,38,C1,pct_button,30,,,4.297456493377686,False,False,False,-3.006978750228882,-2.109405517578125,43.70683288574219,42.900779724121094
14976,1,140,2,2,22,A1,pct_button,30,,,51.82350934028626,False,False,False,-2.109405517578125,-5.114744663238525,42.900779724121094,14.171548843383789
14984,1,140,3,1,21,A1,pct_button,20,,,15.114531955718993,False,False,False,-5.114744663238525,-6.0718584060668945,14.171548843383789,5.770593643188477
14992,1,140,4,1,21,A1,pct_button,20,,,2.4173095798492437,False,False,False,-6.0718584060668945,-6.396960258483887,5.770593643188477,4.339198589324951
15000,1,140,5,3,23,A1,pct_button,50,,,6.391264051198959,False,False,False,-6.396960258483887,-6.778409481048584,4.339198589324951,0.8332337737083435
15008,1,140,6,12,40,C1,pct_button,100,,,15.531358087062836,True,True,False,-6.778409481048584,13.332503318786621,0.8332337737083435,15.838335037231445
