t,env_id,episode_id,step_in_ep,action_sub_idx,base_action_idx,target,type,pct,step,dir,reward,done,gate_ok,deviation_exploded,C1_before,C1_after,A1_before,A1_after
32224,5,230,-1,,,,,,,,,False,False,False,7.992579460144043,7.992579460144043,10.50191593170166,10.50191593170166
32224,5,230,0,7,35,C1,pct_button,10,,,2.3396123313903825,False,False,False,7.992579460144043,7.089698791503906,10.50191593170166,10.404936790466309
32232,5,230,1,2,22,A1,pct_button,30,,,13.039405069351195,False,False,False,7.089698791503906,5.586061477661133,10.404936790466309,5.494678974151611
32240,5,230,2,3,23,A1,pct_button,50,,,9.648714306354522,False,False,False,5.586061477661133,4.813380241394043,5.494678974151611,1.5011483430862427
32248,5,230,3,11,39,C1,pct_button,50,,,6.074893622398377,False,False,False,4.813380241394043,2.2131645679473877,1.5011483430862427,1.0919685363769531
32256,5,230,4,12,40,C1,pct_button,100,,,9.83523600757122,True,True,False,2.2131645679473877,-2.267672300338745,1.0919685363769531,13.510712623596191
