t,env_id,episode_id,step_in_ep,action_sub_idx,base_action_idx,target,type,pct,step,dir,reward,done,gate_ok,deviation_exploded,C1_before,C1_after,A1_before,A1_after
45552,6,360,-1,,,,,,,,,False,False,False,7.0822601318359375,7.0822601318359375,20.866901397705078,20.866901397705078
45552,6,360,0,2,22,A1,pct_button,30,,,26.799172515869138,False,False,False,7.0822601318359375,4.157910346984863,20.866901397705078,10.53357982635498
45560,6,360,1,4,24,A1,pct_button,100,,,22.739329021573067,False,False,False,4.157910346984863,0.2906985580921173,10.53357982635498,3.0596303939819336
45568,6,360,2,3,23,A1,pct_button,50,,,8.613512923717499,True,True,False,0.2906985580921173,13.580650329589844,3.0596303939819336,48.078006744384766
