t,env_id,episode_id,step_in_ep,action_sub_idx,base_action_idx,target,type,pct,step,dir,reward,done,gate_ok,deviation_exploded,C1_before,C1_after,A1_before,A1_after,A2_before,A2_after,B2_before,B2_after,A3_before,A3_after,S3_before,S3_after,C3_before,C3_after
24824,2,290,-1,,,,,,,,,False,False,False,2.4778101444244385,2.4778101444244385,7.986405372619629,7.986405372619629,446.9870910644531,446.9870910644531,229.74652099609375,229.74652099609375,1306.1246337890625,1306.1246337890625,1036.415283203125,1036.415283203125,-1613.6185302734375,-1613.6185302734375
24824,2,290,0,2,22,A1,pct_button,30,,,-8.54162335395813,False,False,False,2.4778101444244385,1.6891263723373413,7.986405372619629,2.5816853046417236,446.9870910644531,446.9870910644531,229.74652099609375,229.74652099609375,1306.1246337890625,1306.1246337890625,1036.415283203125,1036.415283203125,-1613.6185302734375,-1613.6185302734375
24832,2,290,1,1,21,A1,pct_button,20,,,-4.829976558685303,False,False,False,1.6891263723373413,1.580432653427124,2.5816853046417236,0.8345556259155273,446.9870910644531,446.9870910644531,229.74652099609375,229.74652099609375,1306.1246337890625,1306.1246337890625,1036.415283203125,1036.415283203125,-1613.6185302734375,-1613.6185302734375
24840,2,290,2,2,22,A1,pct_button,30,,,-4.125844419002533,False,False,False,1.580432653427124,1.7931437492370605,0.8345556259155273,0.26977846026420593,446.9870910644531,446.9870910644531,229.74652099609375,229.74652099609375,1306.1246337890625,1306.1246337890625,1036.415283203125,1036.415283203125,-1613.6185302734375,-1613.6185302734375
24848,2,290,3,10,38,C1,pct_button,30,,,2.6737691164016724,True,True,False,1.7931437492370605,11.842209815979004,0.26977846026420593,43.81837463378906,446.9870910644531,188.7664031982422,229.74652099609375,430.90704345703125,1306.1246337890625,1909.7513427734375,1036.415283203125,2173.02734375,-1613.6185302734375,-1291.1552734375
