t,env_id,episode_id,step_in_ep,action_sub_idx,base_action_idx,target,type,pct,step,dir,reward,done,gate_ok,deviation_exploded,C1_before,C1_after,A1_before,A1_after,A2_before,A2_after,B2_before,B2_after,A3_before,A3_after,S3_before,S3_after,C3_before,C3_after
44648,6,610,-1,,,,,,,,,False,False,False,-0.29672449827194214,-0.29672449827194214,36.830955505371094,36.830955505371094,333.6555480957031,333.6555480957031,400.5512390136719,400.5512390136719,2267.093994140625,2267.093994140625,1840.50830078125,1840.50830078125,1135.5911865234375,1135.5911865234375
44648,6,610,0,12,40,C1,pct_button,100,,,-71.88245761394501,False,False,False,-0.29672449827194214,0.7401408553123474,36.830955505371094,35.201087951660156,333.6555480957031,333.6555480957031,400.5512390136719,400.5512390136719,2267.093994140625,2267.093994140625,1840.50830078125,1840.50830078125,1135.5911865234375,1135.5911865234375
44656,6,610,1,3,23,A1,pct_button,50,,,-33.853487968444824,False,False,False,0.7401408553123474,-5.5476393699646,35.201087951660156,11.379104614257812,333.6555480957031,333.6555480957031,400.5512390136719,400.5512390136719,2267.093994140625,2267.093994140625,1840.50830078125,1840.50830078125,1135.5911865234375,1135.5911865234375
44664,6,610,2,0,20,A1,pct_button,10,,,-18.981722354888916,False,False,False,-5.5476393699646,-5.8124518394470215,11.379104614257812,3.6784093379974365,333.6555480957031,333.6555480957031,400.5512390136719,400.5512390136719,2267.093994140625,2267.093994140625,1840.50830078125,1840.50830078125,1135.5911865234375,1135.5911865234375
44672,6,610,3,12,40,C1,pct_button,100,,,-8.487630844116211,False,False,False,-5.8124518394470215,-0.9960377216339111,3.6784093379974365,3.2477777004241943,333.6555480957031,333.6555480957031,400.5512390136719,400.5512390136719,2267.093994140625,2267.093994140625,1840.50830078125,1840.50830078125,1135.5911865234375,1135.5911865234375
44680,6,610,4,0,20,A1,pct_button,10,,,0.8041660785675049,True,True,False,-0.9960377216339111,3.88820219039917,3.2477777004241943,27.54601287841797,333.6555480957031,483.00018310546875,400.5512390136719,346.9156494140625,2267.093994140625,1666.9105224609375,1840.50830078125,1512.947265625,1135.5911865234375,-2905.80078125
