t,env_id,episode_id,step_in_ep,action_sub_idx,base_action_idx,target,type,pct,step,dir,reward,done,gate_ok,deviation_exploded,C1_before,C1_after,A1_before,A1_after
36456,0,360,-1,,,,,,,,,False,False,False,-16.553972244262695,-16.553972244262695,49.787174224853516,49.787174224853516
36456,0,360,0,1,21,A1,pct_button,20,,,59.511676635742184,False,False,False,-16.553972244262695,-20.747079849243164,49.787174224853516,16.202726364135742
36464,0,360,1,10,38,C1,pct_button,30,,,10.782854671478274,False,False,False,-20.747079849243164,-15.839903831481934,16.202726364135742,16.032196044921875
36472,0,360,2,1,21,A1,pct_button,20,,,21.18350925445557,False,False,False,-15.839903831481934,-17.259798049926758,16.032196044921875,4.230449676513672
36480,0,360,3,12,40,C1,pct_button,100,,,28.8764409160614,False,False,False,-17.259798049926758,-3.4598777294158936,4.230449676513672,3.6583316326141357
36488,0,360,4,0,20,A1,pct_button,10,,,4.751884407997132,False,False,False,-3.4598777294158936,-3.609670639038086,3.6583316326141357,1.175447702407837
36496,0,360,5,12,40,C1,pct_button,100,,,2.3215386295318607,False,False,False,-3.609670639038086,1.1139090061187744,1.175447702407837,2.541999101638794
36504,0,360,6,11,39,C1,pct_button,50,,,7.2415038895607,True,True,False,1.1139090061187744,-9.181011199951172,2.541999101638794,2.50172758102417
