t,env_id,episode_id,step_in_ep,action_sub_idx,base_action_idx,target,type,pct,step,dir,reward,done,gate_ok,deviation_exploded,C1_before,C1_after,A1_before,A1_after,A2_before,A2_after,B2_before,B2_after,A3_before,A3_after,S3_before,S3_after,C3_before,C3_after
40832,2,520,-1,,,,,,,,,False,False,False,16.304412841796875,16.304412841796875,40.80726623535156,40.80726623535156,218.82635498046875,218.82635498046875,427.95697021484375,427.95697021484375,2572.777587890625,2572.777587890625,1687.939697265625,1687.939697265625,2518.79833984375,2518.79833984375
40832,2,520,0,12,40,C1,pct_button,100,,,-89.67633628845215,False,False,False,16.304412841796875,-4.063143730163574,40.80726623535156,40.7750244140625,218.82635498046875,218.82635498046875,427.95697021484375,427.95697021484375,2572.777587890625,2572.777587890625,1687.939697265625,1687.939697265625,2518.79833984375,2518.79833984375
40840,2,520,1,2,22,A1,pct_button,30,,,-41.66769599914551,False,False,False,-4.063143730163574,-7.6529130935668945,40.7750244140625,13.18093490600586,218.82635498046875,218.82635498046875,427.95697021484375,427.95697021484375,2572.777587890625,2572.777587890625,1687.939697265625,1687.939697265625,2518.79833984375,2518.79833984375
40848,2,520,2,2,22,A1,pct_button,30,,,-25.095727920532227,False,False,False,-7.6529130935668945,-8.286994934082031,13.18093490600586,4.260869026184082,218.82635498046875,218.82635498046875,427.95697021484375,427.95697021484375,2572.777587890625,2572.777587890625,1687.939697265625,1687.939697265625,2518.79833984375,2518.79833984375
40856,2,520,3,1,21,A1,pct_button,20,,,-19.006781578063965,False,False,False,-8.286994934082031,-8.126022338867188,4.260869026184082,1.377368450164795,218.82635498046875,218.82635498046875,427.95697021484375,427.95697021484375,2572.777587890625,2572.777587890625,1687.939697265625,1687.939697265625,2518.79833984375,2518.79833984375
40864,2,520,4,12,40,C1,pct_button,100,,,3.384598731994629,True,True,False,-8.126022338867188,7.505268573760986,1.377368450164795,11.939535140991211,218.82635498046875,132.72711181640625,427.95697021484375,139.56089782714844,2572.777587890625,2922.929931640625,1687.939697265625,1534.795166015625,2518.79833984375,-1005.593017578125
