t,env_id,episode_id,step_in_ep,action_sub_idx,base_action_idx,target,type,pct,step,dir,reward,done,gate_ok,deviation_exploded,C1_before,C1_after,A1_before,A1_after,A2_before,A2_after,B2_before,B2_after,A3_before,A3_after,S3_before,S3_after,C3_before,C3_after
42464,3,560,-1,,,,,,,,,False,False,False,-5.2956976890563965,-5.2956976890563965,8.518792152404785,8.518792152404785,110.63992309570312,110.63992309570312,298.4620056152344,298.4620056152344,2652.414306640625,2652.414306640625,2694.966796875,2694.966796875,-1250.7532958984375,-1250.7532958984375
42464,3,560,0,1,21,A1,pct_button,20,,,-16.574217796325684,False,False,False,-5.2956976890563965,-5.533324241638184,8.518792152404785,2.753784656524658,110.63992309570312,110.63992309570312,298.4620056152344,298.4620056152344,2652.414306640625,2652.414306640625,2694.966796875,2694.966796875,-1250.7532958984375,-1250.7532958984375
42472,3,560,1,12,40,C1,pct_button,100,,,-11.5454683303833,False,False,False,-5.533324241638184,2.3330061435699463,2.753784656524658,3.439728021621704,110.63992309570312,110.63992309570312,298.4620056152344,298.4620056152344,2652.414306640625,2652.414306640625,2694.966796875,2694.966796875,-1250.7532958984375,-1250.7532958984375
42480,3,560,2,3,23,A1,pct_button,50,,,-5.626978397369385,False,False,False,2.3330061435699463,1.701562762260437,3.439728021621704,1.1119264364242554,110.63992309570312,110.63992309570312,298.4620056152344,298.4620056152344,2652.414306640625,2652.414306640625,2694.966796875,2694.966796875,-1250.7532958984375,-1250.7532958984375
42488,3,560,3,12,40,C1,pct_button,100,,,1.592671275138855,True,True,False,1.701562762260437,-7.38848876953125,1.1119264364242554,18.07966423034668,110.63992309570312,167.10263061523438,298.4620056152344,325.0256042480469,2652.414306640625,2238.142822265625,2694.966796875,2089.8935546875,-1250.7532958984375,911.679931640625
