t,env_id,episode_id,step_in_ep,action_sub_idx,base_action_idx,target,type,pct,step,dir,reward,done,gate_ok,deviation_exploded,C1_before,C1_after,A1_before,A1_after,A2_before,A2_after,B2_before,B2_after,A3_before,A3_after,S3_before,S3_after,C3_before,C3_after
50984,5,720,-1,,,,,,,,,False,False,False,-1.1854248046875,-1.1854248046875,20.123241424560547,20.123241424560547,190.11997985839844,190.11997985839844,205.83624267578125,205.83624267578125,1264.7679443359375,1264.7679443359375,1109.1351318359375,1109.1351318359375,-965.8899536132812,-965.8899536132812
50984,5,720,0,12,40,C1,pct_button,100,,,-41.63567757606506,False,False,False,-1.1854248046875,1.3746415376663208,20.123241424560547,19.44319725036621,190.11997985839844,190.11997985839844,205.83624267578125,205.83624267578125,1264.7679443359375,1264.7679443359375,1109.1351318359375,1109.1351318359375,-965.8899536132812,-965.8899536132812
50992,5,720,1,3,23,A1,pct_button,50,,,-17.744271278381348,False,False,False,1.3746415376663208,-2.5869274139404297,19.44319725036621,6.285208225250244,190.11997985839844,190.11997985839844,205.83624267578125,205.83624267578125,1264.7679443359375,1264.7679443359375,1109.1351318359375,1109.1351318359375,-965.8899536132812,-965.8899536132812
51000,5,720,2,12,40,C1,pct_button,100,,,-11.897091388702393,False,False,False,-2.5869274139404297,0.3122580051422119,6.285208225250244,5.636287689208984,190.11997985839844,190.11997985839844,205.83624267578125,205.83624267578125,1264.7679443359375,1264.7679443359375,1109.1351318359375,1109.1351318359375,-965.8899536132812,-965.8899536132812
51008,5,720,3,2,22,A1,pct_button,30,,,0.7235220670700073,True,True,False,0.3122580051422119,14.118558883666992,5.636287689208984,11.968609809875488,190.11997985839844,235.8227081298828,205.83624267578125,176.6032257080078,1264.7679443359375,2852.3251953125,1109.1351318359375,2243.0322265625,-965.8899536132812,1606.4622802734375
