t,env_id,episode_id,step_in_ep,action_sub_idx,base_action_idx,target,type,pct,step,dir,reward,done,gate_ok,deviation_exploded,C1_before,C1_after,A1_before,A1_after
19112,3,40,-1,,,,,,,,,False,True,False,-0.11946897953748703,-0.11946897953748703,0.18033210933208466,0.18033210933208466
19112,3,40,0,8,36,C1,pct_button,15,,,1.14389662206173,True,True,False,-0.11946897953748703,-18.631675720214844,0.18033210933208466,36.89810562133789
