t,env_id,episode_id,step_in_ep,action_sub_idx,base_action_idx,target,type,pct,step,dir,reward,done,gate_ok,deviation_exploded,C1_before,C1_after,A1_before,A1_after,A2_before,A2_after,B2_before,B2_after,A3_before,A3_after,S3_before,S3_after,C3_before,C3_after
32144,2,250,-1,,,,,,,,,False,False,False,0.6086133122444153,0.6086133122444153,26.975568771362305,26.975568771362305,180.47689819335938,180.47689819335938,434.3483581542969,434.3483581542969,1041.1837158203125,1041.1837158203125,2018.3299560546875,2018.3299560546875,2386.447509765625,2386.447509765625
32144,2,250,0,1,21,A1,pct_button,20,,,37.29429613292218,False,False,False,0.6086133122444153,-0.302134245634079,26.975568771362305,8.720122337341309,180.47689819335938,180.47689819335938,434.3483581542969,434.3483581542969,1041.1837158203125,1041.1837158203125,2018.3299560546875,2018.3299560546875,2386.447509765625,2386.447509765625
32152,2,250,1,1,21,A1,pct_button,20,,,11.327063740491868,False,False,False,-0.302134245634079,-0.5687339901924133,8.720122337341309,2.818866729736328,180.47689819335938,180.47689819335938,434.3483581542969,434.3483581542969,1041.1837158203125,1041.1837158203125,2018.3299560546875,2018.3299560546875,2386.447509765625,2386.447509765625
32160,2,250,2,2,22,A1,pct_button,30,,,8.731672310829163,True,True,False,-0.5687339901924133,-17.94263458251953,2.818866729736328,36.2119140625,180.47689819335938,109.53878021240234,434.3483581542969,163.36146545410156,1041.1837158203125,1439.8182373046875,2018.3299560546875,2156.73583984375,2386.447509765625,820.2523803710938
