t,env_id,episode_id,step_in_ep,action_sub_idx,base_action_idx,target,type,pct,step,dir,reward,done,gate_ok,deviation_exploded,C1_before,C1_after,A1_before,A1_after,A2_before,A2_after,B2_before,B2_after,A3_before,A3_after,S3_before,S3_after,C3_before,C3_after
9080,0,80,-1,,,,,,,,,False,True,False,-0.46521833539009094,-0.46521833539009094,3.153818130493164,3.153818130493164,469.1326904296875,469.1326904296875,376.5389099121094,376.5389099121094,1052.08154296875,1052.08154296875,1692.0489501953125,1692.0489501953125,2761.920654296875,2761.920654296875
9080,0,80,0,0,20,A1,pct_button,10,,,10.552549273967744,True,True,False,-0.46521833539009094,8.307538986206055,3.153818130493164,34.84422302246094,469.1326904296875,188.51600646972656,376.5389099121094,413.1340026855469,1052.08154296875,2010.916748046875,1692.0489501953125,1249.142822265625,2761.920654296875,1871.61376953125
