t,env_id,episode_id,step_in_ep,action_sub_idx,base_action_idx,target,type,pct,step,dir,reward,done,gate_ok,deviation_exploded,C1_before,C1_after,A1_before,A1_after,A2_before,A2_after,B2_before,B2_after,A3_before,A3_after,S3_before,S3_after,C3_before,C3_after
12680,7,130,-1,,,,,,,,,False,False,False,16.978546142578125,16.978546142578125,19.623849868774414,19.623849868774414,190.7733917236328,190.7733917236328,121.29306030273438,121.29306030273438,1723.9490966796875,1723.9490966796875,2003.82958984375,2003.82958984375,2724.810791015625,2724.810791015625
12680,7,130,0,12,40,C1,pct_button,100,,,-47.20097732543945,False,False,False,16.978546142578125,4.358924865722656,19.623849868774414,19.24156379699707,190.7733917236328,190.7733917236328,121.29306030273438,121.29306030273438,1723.9490966796875,1723.9490966796875,2003.82958984375,2003.82958984375,2724.810791015625,2724.810791015625
12688,7,130,1,12,40,C1,pct_button,100,,,-39.53681421279907,False,False,False,4.358924865722656,0.28978466987609863,19.24156379699707,19.478622436523438,190.7733917236328,190.7733917236328,121.29306030273438,121.29306030273438,1723.9490966796875,1723.9490966796875,2003.82958984375,2003.82958984375,2724.810791015625,2724.810791015625
12696,7,130,2,0,20,A1,pct_button,10,,,-12.685364283621311,False,False,False,0.28978466987609863,0.046022672206163406,19.478622436523438,6.296659469604492,190.7733917236328,190.7733917236328,121.29306030273438,121.29306030273438,1723.9490966796875,1723.9490966796875,2003.82958984375,2003.82958984375,2724.810791015625,2724.810791015625
12704,7,130,3,3,23,A1,pct_button,50,,,-0.9669229984283447,True,True,False,0.046022672206163406,-19.687408447265625,6.296659469604492,19.530542373657227,190.7733917236328,207.3259735107422,121.29306030273438,189.02789306640625,1723.9490966796875,2527.921142578125,2003.82958984375,1692.9071044921875,2724.810791015625,-1982.768310546875
