t,env_id,episode_id,step_in_ep,action_sub_idx,base_action_idx,target,type,pct,step,dir,reward,done,gate_ok,deviation_exploded,C1_before,C1_after,A1_before,A1_after
32296,5,310,-1,,,,,,,,,False,False,False,4.082043170928955,4.082043170928955,10.01504135131836,10.01504135131836
32296,5,310,0,1,21,A1,pct_button,20,,,18.075619676113128,False,False,False,4.082043170928955,3.940492868423462,10.01504135131836,1.1648350954055786
32304,5,310,1,1,21,A1,pct_button,20,,,2.310301847457886,False,False,False,3.940492868423462,3.6730616092681885,1.1648350954055786,0.3119657039642334
32312,5,310,2,11,39,C1,pct_button,50,,,4.8803697684407235,False,False,False,3.6730616092681885,1.4010365009307861,0.3119657039642334,0.15435989201068878
32320,5,310,3,12,40,C1,pct_button,100,,,3.8548318076133734,True,True,False,1.4010365009307861,17.228763580322266,0.15435989201068878,19.921777725219727
