t,env_id,episode_id,step_in_ep,action_sub_idx,base_action_idx,target,type,pct,step,dir,reward,done,gate_ok,deviation_exploded,C1_before,C1_after,A1_before,A1_after
35864,1,340,-1,,,,,,,,,False,False,False,-17.529356002807617,-17.529356002807617,29.1562442779541,29.1562442779541
35864,1,340,0,0,20,A1,pct_button,10,,,39.83398363113404,False,False,False,-17.529356002807617,-18.094322204589844,29.1562442779541,8.93962574005127
35872,1,340,1,0,20,A1,pct_button,10,,,15.221175413131716,False,False,False,-18.094322204589844,-18.281871795654297,8.93962574005127,1.3326334953308105
35880,1,340,2,8,36,C1,pct_button,15,,,5.225364401340483,False,False,False,-18.281871795654297,-15.626338005065918,1.3326334953308105,1.5421701669692993
35888,1,340,3,6,34,C1,pct_button,5,,,1.9508036327362086,False,False,False,-15.626338005065918,-14.829123497009277,1.5421701669692993,1.5224990844726562
35896,1,340,4,6,34,C1,pct_button,5,,,1.6643580746650686,False,False,False,-14.829123497009277,-14.20803165435791,1.5224990844726562,1.4631234407424927
35904,1,340,5,12,40,C1,pct_button,100,,,32.53582307517529,True,True,False,-14.20803165435791,-8.83566665649414,1.4631234407424927,36.27661895751953
