t,env_id,episode_id,step_in_ep,action_sub_idx,base_action_idx,target,type,pct,step,dir,reward,done,gate_ok,deviation_exploded,C1_before,C1_after,A1_before,A1_after,A2_before,A2_after,B2_before,B2_after,A3_before,A3_after,S3_before,S3_after,C3_before,C3_after
21504,2,180,-1,,,,,,,,,False,False,False,1.2353384494781494,1.2353384494781494,17.761140823364258,17.761140823364258,477.2046203613281,477.2046203613281,297.97161865234375,297.97161865234375,1522.8875732421875,1522.8875732421875,1736.080810546875,1736.080810546875,-2698.90869140625,-2698.90869140625
21504,2,180,0,0,20,A1,pct_button,10,,,25.135503960847853,False,False,False,1.2353384494781494,0.7471473813056946,17.761140823364258,5.741466045379639,477.2046203613281,477.2046203613281,297.97161865234375,297.97161865234375,1522.8875732421875,1522.8875732421875,1736.080810546875,1736.080810546875,-2698.90869140625,-2698.90869140625
21512,2,180,1,0,20,A1,pct_button,10,,,13.392899901866913,True,True,False,0.7471473813056946,16.281343460083008,5.741466045379639,16.574386596679688,477.2046203613281,267.66790771484375,297.97161865234375,264.9026184082031,1522.8875732421875,2254.72509765625,1736.080810546875,2744.92578125,-2698.90869140625,-2863.578125
