t,env_id,episode_id,step_in_ep,action_sub_idx,base_action_idx,target,type,pct,step,dir,reward,done,gate_ok,deviation_exploded,C1_before,C1_after,A1_before,A1_after
34448,7,340,-1,,,,,,,,,False,False,False,4.287290573120117,4.287290573120117,25.728605270385742,25.728605270385742
34448,7,340,0,1,21,A1,pct_button,20,,,38.1850546836853,False,False,False,4.287290573120117,3.425786018371582,25.728605270385742,7.602869033813477
34456,7,340,1,6,34,C1,pct_button,5,,,0.7420734596252438,False,False,False,3.425786018371582,3.2795987129211426,7.602869033813477,7.480621814727783
34464,7,340,2,0,20,A1,pct_button,10,,,8.684985938072204,False,False,False,3.2795987129211426,3.179309844970703,7.480621814727783,3.2981927394866943
34472,7,340,3,1,21,A1,pct_button,20,,,5.468269498348237,False,False,False,3.179309844970703,2.866072177886963,3.2981927394866943,0.9100569486618042
34480,7,340,4,9,37,C1,pct_button,20,,,1.4268769097328187,False,False,False,2.866072177886963,2.1216344833374023,0.9100569486618042,0.9669419527053833
34488,7,340,5,6,34,C1,pct_button,5,,,0.07984475135803205,False,False,False,2.1216344833374023,2.0500552654266357,0.9669419527053833,1.0243427753448486
34496,7,340,6,12,40,C1,pct_button,100,,,8.170236608665437,True,True,False,2.0500552654266357,6.508206844329834,1.0243427753448486,10.436917304992676
