t,env_id,episode_id,step_in_ep,action_sub_idx,base_action_idx,target,type,pct,step,dir,reward,done,gate_ok,deviation_exploded,C1_before,C1_after,A1_before,A1_after,A2_before,A2_after,B2_before,B2_after,A3_before,A3_after,S3_before,S3_after,C3_before,C3_after
21752,3,240,-1,,,,,,,,,False,False,False,5.23503303527832,5.23503303527832,42.71405029296875,42.71405029296875,134.41580200195312,134.41580200195312,267.0811767578125,267.0811767578125,2373.812744140625,2373.812744140625,1934.4521484375,1934.4521484375,2843.327880859375,2843.327880859375
21752,3,240,0,3,23,A1,pct_button,50,,,-29.922409057617188,False,False,False,5.23503303527832,1.1534614562988281,42.71405029296875,13.807743072509766,134.41580200195312,134.41580200195312,267.0811767578125,267.0811767578125,2373.812744140625,2373.812744140625,1934.4521484375,1934.4521484375,2843.327880859375,2843.327880859375
21760,3,240,1,3,23,A1,pct_button,50,,,-9.462709963321686,False,False,False,1.1534614562988281,-0.26786401867866516,13.807743072509766,4.463490962982178,134.41580200195312,134.41580200195312,267.0811767578125,267.0811767578125,2373.812744140625,2373.812744140625,1934.4521484375,1934.4521484375,2843.327880859375,2843.327880859375
21768,3,240,2,7,35,C1,pct_button,10,,,-9.577292889356613,False,False,False,-0.26786401867866516,-0.15628360211849213,4.463490962982178,4.6323628425598145,134.41580200195312,134.41580200195312,267.0811767578125,267.0811767578125,2373.812744140625,2373.812744140625,1934.4521484375,1934.4521484375,2843.327880859375,2843.327880859375
21776,3,240,3,0,20,A1,pct_button,10,,,1.522622674703598,True,True,False,-0.15628360211849213,7.5846381187438965,4.6323628425598145,16.082698822021484,134.41580200195312,365.2221984863281,267.0811767578125,262.6110534667969,2373.812744140625,1225.9324951171875,1934.4521484375,2188.9775390625,2843.327880859375,-1878.9864501953125
