t,env_id,episode_id,step_in_ep,action_sub_idx,base_action_idx,target,type,pct,step,dir,reward,done,gate_ok,deviation_exploded,C1_before,C1_after,A1_before,A1_after,A2_before,A2_after,B2_before,B2_after,A3_before,A3_after,S3_before,S3_after,C3_before,C3_after
26704,6,230,-1,,,,,,,,,False,False,False,18.22772789001465,18.22772789001465,30.645706176757812,30.645706176757812,464.6891174316406,464.6891174316406,413.9878845214844,413.9878845214844,2156.7919921875,2156.7919921875,2369.07568359375,2369.07568359375,-818.767578125,-818.767578125
26704,6,230,0,2,22,A1,pct_button,30,,,0.967468681335452,False,False,False,18.22772789001465,18.22772789001465,30.645706176757812,30.645706176757812,464.6891174316406,464.6891174316406,413.9878845214844,413.9878845214844,2156.7919921875,2156.7919921875,2369.07568359375,2369.07568359375,-818.767578125,-818.767578125
26712,6,230,1,11,39,C1,pct_button,50,,,22.10308723449707,False,False,False,18.22772789001465,8.386802673339844,30.645706176757812,29.812076568603516,464.6891174316406,464.6891174316406,413.9878845214844,413.9878845214844,2156.7919921875,2156.7919921875,2369.07568359375,2369.07568359375,-818.767578125,-818.767578125
26720,6,230,2,1,21,A1,pct_button,20,,,47.45342101097107,False,False,False,8.386802673339844,5.4040398597717285,29.812076568603516,9.209261894226074,464.6891174316406,464.6891174316406,413.9878845214844,413.9878845214844,2156.7919921875,2156.7919921875,2369.07568359375,2369.07568359375,-818.767578125,-818.767578125
26728,6,230,3,0,20,A1,pct_button,10,,,12.78155324935913,False,False,False,5.4040398597717285,5.083831310272217,9.209261894226074,3.2166991233825684,464.6891174316406,464.6891174316406,413.9878845214844,413.9878845214844,2156.7919921875,2156.7919921875,2369.07568359375,2369.07568359375,-818.767578125,-818.767578125
26736,6,230,4,10,38,C1,pct_button,30,,,2.956153178215027,False,False,False,5.083831310272217,3.6231236457824707,3.2166991233825684,3.263193368911743,464.6891174316406,464.6891174316406,413.9878845214844,413.9878845214844,2156.7919921875,2156.7919921875,2369.07568359375,2369.07568359375,-818.767578125,-818.767578125
26744,6,230,5,4,24,A1,pct_button,100,,,14.534587707519531,True,True,False,3.6231236457824707,-2.5342483520507812,3.263193368911743,6.401395797729492,464.6891174316406,427.3972473144531,413.9878845214844,338.47381591796875,2156.7919921875,1424.808349609375,2369.07568359375,1268.2279052734375,-818.767578125,-2121.033935546875
