t,env_id,episode_id,step_in_ep,action_sub_idx,base_action_idx,target,type,pct,step,dir,reward,done,gate_ok,deviation_exploded,C1_before,C1_after,A1_before,A1_after,A2_before,A2_after,B2_before,B2_after,A3_before,A3_after,S3_before,S3_after,C3_before,C3_after
10776,1,110,-1,,,,,,,,,False,False,False,18.73513412475586,18.73513412475586,47.118988037109375,47.118988037109375,251.4761199951172,251.4761199951172,463.4389953613281,463.4389953613281,2610.103271484375,2610.103271484375,2779.197021484375,2779.197021484375,-1077.5556640625,-1077.5556640625
10776,1,110,0,4,24,A1,pct_button,100,,,-39.371283531188965,False,False,False,18.73513412475586,4.4539570808410645,47.118988037109375,15.231684684753418,251.4761199951172,251.4761199951172,463.4389953613281,463.4389953613281,2610.103271484375,2610.103271484375,2779.197021484375,2779.197021484375,-1077.5556640625,-1077.5556640625
10784,1,110,1,2,22,A1,pct_button,30,,,-15.99495553970337,False,False,False,4.4539570808410645,3.073683500289917,15.231684684753418,4.923794269561768,251.4761199951172,251.4761199951172,463.4389953613281,463.4389953613281,2610.103271484375,2610.103271484375,2779.197021484375,2779.197021484375,-1077.5556640625,-1077.5556640625
10792,1,110,2,9,37,C1,pct_button,20,,,-15.183226585388184,False,False,False,3.073683500289917,2.6293587684631348,4.923794269561768,4.962254524230957,251.4761199951172,251.4761199951172,463.4389953613281,463.4389953613281,2610.103271484375,2610.103271484375,2779.197021484375,2779.197021484375,-1077.5556640625,-1077.5556640625
10800,1,110,3,2,22,A1,pct_button,30,,,-7.481375455856323,False,False,False,2.6293587684631348,2.136589288711548,4.962254524230957,1.6040984392166138,251.4761199951172,251.4761199951172,463.4389953613281,463.4389953613281,2610.103271484375,2610.103271484375,2779.197021484375,2779.197021484375,-1077.5556640625,-1077.5556640625
10808,1,110,4,11,39,C1,pct_button,50,,,-0.9689856767654419,True,True,False,2.136589288711548,-8.307699203491211,1.6040984392166138,25.283647537231445,251.4761199951172,326.3226318359375,463.4389953613281,496.5931091308594,2610.103271484375,2336.8779296875,2779.197021484375,2468.080810546875,-1077.5556640625,2765.495849609375
