t,env_id,episode_id,step_in_ep,action_sub_idx,base_action_idx,target,type,pct,step,dir,reward,done,gate_ok,deviation_exploded,C1_before,C1_after,A1_before,A1_after,A2_before,A2_after,B2_before,B2_after,A3_before,A3_after,S3_before,S3_after,C3_before,C3_after
32704,4,410,-1,,,,,,,,,False,False,False,-6.263851642608643,-6.263851642608643,2.8156418800354004,2.8156418800354004,237.7550048828125,237.7550048828125,315.6906433105469,315.6906433105469,2769.97705078125,2769.97705078125,1304.0908203125,1304.0908203125,2823.052001953125,2823.052001953125
32704,4,410,0,12,40,C1,pct_button,100,,,-7.6745487451553345,False,False,False,-6.263851642608643,-0.5900540947914124,2.8156418800354004,3.247220277786255,237.7550048828125,237.7550048828125,315.6906433105469,315.6906433105469,2769.97705078125,2769.97705078125,1304.0908203125,1304.0908203125,2823.052001953125,2823.052001953125
32712,4,410,1,1,21,A1,pct_button,20,,,1.356977105140686,True,True,False,-0.5900540947914124,12.039506912231445,3.247220277786255,35.63597869873047,237.7550048828125,356.548095703125,315.6906433105469,463.1123352050781,2769.97705078125,2648.834716796875,1304.0908203125,2071.224609375,2823.052001953125,-2505.292236328125
