t,env_id,episode_id,step_in_ep,action_sub_idx,base_action_idx,target,type,pct,step,dir,reward,done,gate_ok,deviation_exploded,C1_before,C1_after,A1_before,A1_after
10456,1,80,-1,,,,,,,,,False,False,False,11.522587776184082,11.522587776184082,46.52214431762695,46.52214431762695
10456,1,80,0,2,22,A1,pct_button,30,,,17.62082511901855,False,False,False,11.522587776184082,9.843204498291016,46.52214431762695,39.88338088989258
10464,1,80,1,4,24,A1,pct_button,100,,,47.186858377456666,False,False,False,9.843204498291016,5.264700412750244,39.88338088989258,21.127376556396484
10472,1,80,2,4,24,A1,pct_button,100,,,33.95511323094368,False,False,False,5.264700412750244,0.5995367169380188,21.127376556396484,8.905029296875
10480,1,80,3,3,23,A1,pct_button,50,,,7.8790569126606,False,False,False,0.5995367169380188,-0.4839349389076233,8.905029296875,5.132264614105225
10488,1,80,4,4,24,A1,pct_button,100,,,3.6920090413093574,False,False,False,-0.4839349389076233,-2.7933146953582764,5.132264614105225,1.0099126100540161
10496,1,80,5,12,40,C1,pct_button,100,,,11.698727978765966,True,True,False,-2.7933146953582764,-1.0796469449996948,1.0099126100540161,38.29571533203125
