t,env_id,episode_id,step_in_ep,action_sub_idx,base_action_idx,target,type,pct,step,dir,reward,done,gate_ok,deviation_exploded,C1_before,C1_after,A1_before,A1_after,A2_before,A2_after,B2_before,B2_after,A3_before,A3_after,S3_before,S3_after,C3_before,C3_after
44872,0,600,-1,,,,,,,,,False,False,False,3.2699432373046875,3.2699432373046875,2.949505567550659,2.949505567550659,120.74459838867188,120.74459838867188,335.97845458984375,335.97845458984375,2917.44287109375,2917.44287109375,2572.902587890625,2572.902587890625,-2982.92578125,-2982.92578125
44872,0,600,0,12,40,C1,pct_button,100,,,-6.939990162849426,False,False,False,3.2699432373046875,-0.5731955170631409,2.949505567550659,2.8967995643615723,120.74459838867188,120.74459838867188,335.97845458984375,335.97845458984375,2917.44287109375,2917.44287109375,2572.902587890625,2572.902587890625,-2982.92578125,-2982.92578125
44880,0,600,1,1,21,A1,pct_button,20,,,2.671107530593872,True,True,False,-0.5731955170631409,-0.2158006727695465,2.8967995643615723,15.320540428161621,120.74459838867188,481.43603515625,335.97845458984375,383.7105712890625,2917.44287109375,1959.6944580078125,2572.902587890625,2799.545654296875,-2982.92578125,1930.135498046875
