t,env_id,episode_id,step_in_ep,action_sub_idx,base_action_idx,target,type,pct,step,dir,reward,done,gate_ok,deviation_exploded,C1_before,C1_after,A1_before,A1_after,A2_before,A2_after,B2_before,B2_after,A3_before,A3_after,S3_before,S3_after,C3_before,C3_after
25040,6,230,-1,,,,,,,,,False,False,False,2.5148637294769287,2.5148637294769287,20.37570571899414,20.37570571899414,352.972412109375,352.972412109375,244.91754150390625,244.91754150390625,1239.5428466796875,1239.5428466796875,2066.3388671875,2066.3388671875,2582.587646484375,2582.587646484375
25040,6,230,0,2,22,A1,pct_button,30,,,29.716449093818664,False,False,False,2.5148637294769287,-0.0639955997467041,20.37570571899414,8.04443359375,352.972412109375,352.972412109375,244.91754150390625,244.91754150390625,1239.5428466796875,1239.5428466796875,2066.3388671875,2066.3388671875,2582.587646484375,2582.587646484375
25048,6,230,1,0,20,A1,pct_button,10,,,9.743341655731202,False,False,False,-0.0639955997467041,-0.4710714817047119,8.04443359375,2.7933309078216553,352.972412109375,352.972412109375,244.91754150390625,244.91754150390625,1239.5428466796875,1239.5428466796875,2066.3388671875,2066.3388671875,2582.587646484375,2582.587646484375
25056,6,230,2,12,40,C1,pct_button,100,,,7.534984778165818,True,True,False,-0.4710714817047119,0.8727225661277771,2.7933309078216553,15.243389129638672,352.972412109375,475.8046875,244.91754150390625,394.8531799316406,1239.5428466796875,2914.414794921875,2066.3388671875,1003.228515625,2582.587646484375,-1316.6597900390625
