t,env_id,episode_id,step_in_ep,action_sub_idx,base_action_idx,target,type,pct,step,dir,reward,done,gate_ok,deviation_exploded,C1_before,C1_after,A1_before,A1_after,A2_before,A2_after,B2_before,B2_after,A3_before,A3_after,S3_before,S3_after,C3_before,C3_after
46184,5,340,-1,,,,,,,,,False,True,False,-0.8720359206199646,-0.8720359206199646,2.6022379398345947,2.6022379398345947,367.0086669921875,367.0086669921875,447.2148742675781,447.2148742675781,1259.5865478515625,1259.5865478515625,2009.216796875,2009.216796875,1030.324951171875,1030.324951171875
46184,5,340,0,10,38,C1,pct_button,30,,,6.781856002211571,True,True,False,-0.8720359206199646,11.977960586547852,2.6022379398345947,30.675785064697266,367.0086669921875,350.2029113769531,447.2148742675781,256.9671630859375,1259.5865478515625,2303.67822265625,2009.216796875,2906.2470703125,1030.324951171875,-2258.199462890625
