t,env_id,episode_id,step_in_ep,action_sub_idx,base_action_idx,target,type,pct,step,dir,reward,done,gate_ok,deviation_exploded,C1_before,C1_after,A1_before,A1_after
17488,5,170,-1,,,,,,,,,False,False,False,-6.190626621246338,-6.190626621246338,47.20317840576172,47.20317840576172
17488,5,170,0,2,22,A1,pct_button,30,,,50.94690704345703,False,False,False,-6.190626621246338,-12.707928657531738,47.20317840576172,15.489396095275879
17496,5,170,1,12,40,C1,pct_button,100,,,13.076724796295165,False,False,False,-12.707928657531738,6.775012969970703,15.489396095275879,15.097676277160645
17504,5,170,2,2,22,A1,pct_button,30,,,26.03860921859741,False,False,False,6.775012969970703,5.020727157592773,15.097676277160645,3.9170351028442383
17512,5,170,3,10,38,C1,pct_button,30,,,0.16875524520874108,False,False,False,5.020727157592773,5.020727157592773,3.9170351028442383,3.9170351028442383
17520,5,170,4,3,23,A1,pct_button,50,,,7.570128792524338,False,False,False,5.020727157592773,4.6110663414001465,3.9170351028442383,0.5886284708976746
17528,5,170,5,11,39,C1,pct_button,50,,,11.792486642599107,True,True,False,4.6110663414001465,16.889686584472656,0.5886284708976746,29.966148376464844
