t,env_id,episode_id,step_in_ep,action_sub_idx,base_action_idx,target,type,pct,step,dir,reward,done,gate_ok,deviation_exploded,C1_before,C1_after,A1_before,A1_after,A2_before,A2_after,B2_before,B2_after,A3_before,A3_after,S3_before,S3_after,C3_before,C3_after
49800,4,690,-1,,,,,,,,,False,False,False,15.262923240661621,15.262923240661621,10.3615083694458,10.3615083694458,277.6534118652344,277.6534118652344,249.44424438476562,249.44424438476562,1752.2130126953125,1752.2130126953125,1207.702392578125,1207.702392578125,-2516.791748046875,-2516.791748046875
49800,4,690,0,1,21,A1,pct_button,20,,,-36.15190076828003,False,False,False,15.262923240661621,14.726489067077637,10.3615083694458,3.349461317062378,277.6534118652344,277.6534118652344,249.44424438476562,249.44424438476562,1752.2130126953125,1752.2130126953125,1207.702392578125,1207.702392578125,-2516.791748046875,-2516.791748046875
49808,4,690,1,12,40,C1,pct_button,100,,,-11.814851462841034,False,False,False,14.726489067077637,5.596404075622559,3.349461317062378,0.3110216557979584,277.6534118652344,277.6534118652344,249.44424438476562,249.44424438476562,1752.2130126953125,1752.2130126953125,1207.702392578125,1207.702392578125,-2516.791748046875,-2516.791748046875
49816,4,690,2,12,40,C1,pct_button,100,,,-4.090353608131409,False,False,False,5.596404075622559,1.8111281394958496,0.3110216557979584,0.23404866456985474,277.6534118652344,277.6534118652344,249.44424438476562,249.44424438476562,1752.2130126953125,1752.2130126953125,1207.702392578125,1207.702392578125,-2516.791748046875,-2516.791748046875
49824,4,690,3,3,23,A1,pct_button,50,,,-4.525817885994911,False,False,False,1.8111281394958496,2.1872503757476807,0.23404866456985474,0.07565856724977493,277.6534118652344,277.6534118652344,249.44424438476562,249.44424438476562,1752.2130126953125,1752.2130126953125,1207.702392578125,1207.702392578125,-2516.791748046875,-2516.791748046875
49832,4,690,4,12,40,C1,pct_button,100,,,2.726114869117737,True,True,False,2.1872503757476807,13.535196304321289,0.07565856724977493,3.665604591369629,277.6534118652344,355.26678466796875,249.44424438476562,468.7135314941406,1752.2130126953125,1215.12646484375,1207.702392578125,2298.346435546875,-2516.791748046875,-1598.6400146484375
