t,env_id,episode_id,step_in_ep,action_sub_idx,base_action_idx,target,type,pct,step,dir,reward,done,gate_ok,deviation_exploded,C1_before,C1_after,A1_before,A1_after,A2_before,A2_after,B2_before,B2_after,A3_before,A3_after,S3_before,S3_after,C3_before,C3_after
45600,4,620,-1,,,,,,,,,False,False,False,-5.358296871185303,-5.358296871185303,7.702061653137207,7.702061653137207,189.78924560546875,189.78924560546875,469.197998046875,469.197998046875,2379.863037109375,2379.863037109375,1098.8720703125,1098.8720703125,1344.7501220703125,1344.7501220703125
45600,4,620,0,4,24,A1,pct_button,100,,,-26.12071704864502,False,False,False,-5.358296871185303,-5.358296871185303,7.702061653137207,7.702061653137207,189.78924560546875,189.78924560546875,469.197998046875,469.197998046875,2379.863037109375,2379.863037109375,1098.8720703125,1098.8720703125,1344.7501220703125,1344.7501220703125
45608,4,620,1,2,22,A1,pct_button,30,,,-17.31964111328125,False,False,False,-5.358296871185303,-6.1700520515441895,7.702061653137207,2.4897685050964355,189.78924560546875,189.78924560546875,469.197998046875,469.197998046875,2379.863037109375,2379.863037109375,1098.8720703125,1098.8720703125,1344.7501220703125,1344.7501220703125
45616,4,620,2,2,22,A1,pct_button,30,,,-15.393980264663696,False,False,False,-6.1700520515441895,-6.892147541046143,2.4897685050964355,0.8048425912857056,189.78924560546875,189.78924560546875,469.197998046875,469.197998046875,2379.863037109375,2379.863037109375,1098.8720703125,1098.8720703125,1344.7501220703125,1344.7501220703125
45624,4,620,3,12,40,C1,pct_button,100,,,0.6165006160736084,True,True,False,-6.892147541046143,-3.9991774559020996,0.8048425912857056,31.84116554260254,189.78924560546875,151.9679718017578,469.197998046875,359.83355712890625,2379.863037109375,1678.4027099609375,1098.8720703125,2410.970458984375,1344.7501220703125,1725.989013671875
