t,env_id,episode_id,step_in_ep,action_sub_idx,base_action_idx,target,type,pct,step,dir,reward,done,gate_ok,deviation_exploded,C1_before,C1_after,A1_before,A1_after,A2_before,A2_after,B2_before,B2_after,A3_before,A3_after,S3_before,S3_after,C3_before,C3_after
13136,4,140,-1,,,,,,,,,False,False,False,-1.8935271501541138,-1.8935271501541138,9.457552909851074,9.457552909851074,333.84625244140625,333.84625244140625,332.6581726074219,332.6581726074219,2240.197265625,2240.197265625,1411.9368896484375,1411.9368896484375,1464.1373291015625,1464.1373291015625
13136,4,140,0,3,23,A1,pct_button,50,,,-10.317095756530762,False,False,False,-1.8935271501541138,-2.101299285888672,9.457552909851074,3.057248592376709,333.84625244140625,333.84625244140625,332.6581726074219,332.6581726074219,2240.197265625,2240.197265625,1411.9368896484375,1411.9368896484375,1464.1373291015625,1464.1373291015625
13144,4,140,1,1,21,A1,pct_button,20,,,-6.487886667251587,False,False,False,-2.101299285888672,-2.255657196044922,3.057248592376709,0.9882861375808716,333.84625244140625,333.84625244140625,332.6581726074219,332.6581726074219,2240.197265625,2240.197265625,1411.9368896484375,1411.9368896484375,1464.1373291015625,1464.1373291015625
13152,4,140,2,12,40,C1,pct_button,100,,,1.2409814596176147,True,True,False,-2.255657196044922,-19.52486801147461,0.9882861375808716,32.72019958496094,333.84625244140625,161.28875732421875,332.6581726074219,463.6936950683594,2240.197265625,1172.5972900390625,1411.9368896484375,1382.220703125,1464.1373291015625,2555.22021484375
