t,env_id,episode_id,step_in_ep,action_sub_idx,base_action_idx,target,type,pct,step,dir,reward,done,gate_ok,deviation_exploded,C1_before,C1_after,A1_before,A1_after
43888,1,330,-1,,,,,,,,,False,False,False,2.1118388175964355,2.1118388175964355,3.2462708950042725,3.2462708950042725
43888,1,330,0,10,38,C1,pct_button,30,,,0.583392572402955,False,False,False,2.1118388175964355,1.4817636013031006,3.2462708950042725,3.630775213241577
43896,1,330,1,10,38,C1,pct_button,30,,,1.6481328487396245,False,False,False,1.4817636013031006,1.1643214225769043,3.630775213241577,3.1624183654785156
43904,1,330,2,3,23,A1,pct_button,50,,,11.558567185997964,True,True,False,1.1643214225769043,-3.173936367034912,3.1624183654785156,21.809555053710938
