t,env_id,episode_id,step_in_ep,action_sub_idx,base_action_idx,target,type,pct,step,dir,reward,done,gate_ok,deviation_exploded,C1_before,C1_after,A1_before,A1_after,A2_before,A2_after,B2_before,B2_after,A3_before,A3_after,S3_before,S3_after,C3_before,C3_after
36736,2,480,-1,,,,,,,,,False,False,False,7.782474994659424,7.782474994659424,41.916046142578125,41.916046142578125,162.9969940185547,162.9969940185547,499.5164794921875,499.5164794921875,1358.8306884765625,1358.8306884765625,2548.69677734375,2548.69677734375,-2837.11083984375,-2837.11083984375
36736,2,480,0,0,20,A1,pct_button,10,,,-38.910813331604004,False,False,False,7.782474994659424,5.905624866485596,41.916046142578125,13.549781799316406,162.9969940185547,162.9969940185547,499.5164794921875,499.5164794921875,1358.8306884765625,1358.8306884765625,2548.69677734375,2548.69677734375,-2837.11083984375,-2837.11083984375
36744,2,480,1,2,22,A1,pct_button,30,,,-17.779141426086426,False,False,False,5.905624866485596,4.5094685554504395,13.549781799316406,4.380102157592773,162.9969940185547,162.9969940185547,499.5164794921875,499.5164794921875,1358.8306884765625,1358.8306884765625,2548.69677734375,2548.69677734375,-2837.11083984375,-2837.11083984375
36752,2,480,2,12,40,C1,pct_button,100,,,-13.113782405853271,False,False,False,4.5094685554504395,-2.2628233432769775,4.380102157592773,4.294067859649658,162.9969940185547,162.9969940185547,499.5164794921875,499.5164794921875,1358.8306884765625,1358.8306884765625,2548.69677734375,2548.69677734375,-2837.11083984375,-2837.11083984375
36760,2,480,3,12,40,C1,pct_button,100,,,-9.705224990844727,False,False,False,-2.2628233432769775,0.9289920330047607,4.294067859649658,3.9236204624176025,162.9969940185547,162.9969940185547,499.5164794921875,499.5164794921875,1358.8306884765625,1358.8306884765625,2548.69677734375,2548.69677734375,-2837.11083984375,-2837.11083984375
36768,2,480,4,0,20,A1,pct_button,10,,,0.9434788227081299,True,True,False,0.9289920330047607,-14.499025344848633,3.9236204624176025,45.05237579345703,162.9969940185547,322.5113220214844,499.5164794921875,377.1320495605469,1358.8306884765625,1885.92431640625,2548.69677734375,1548.71923828125,-2837.11083984375,-1170.270263671875
