t,env_id,episode_id,step_in_ep,action_sub_idx,base_action_idx,target,type,pct,step,dir,reward,done,gate_ok,deviation_exploded,C1_before,C1_after,A1_before,A1_after,A2_before,A2_after,B2_before,B2_after,A3_before,A3_after,S3_before,S3_after,C3_before,C3_after
18048,6,200,-1,,,,,,,,,False,False,False,10.949361801147461,10.949361801147461,7.957304000854492,7.957304000854492,248.111083984375,248.111083984375,228.04322814941406,228.04322814941406,1356.6435546875,1356.6435546875,1465.5494384765625,1465.5494384765625,2618.2421875,2618.2421875
18048,6,200,0,12,40,C1,pct_button,100,,,-37.813331604003906,False,False,False,10.949361801147461,10.949361801147461,7.957304000854492,7.957304000854492,248.111083984375,248.111083984375,228.04322814941406,228.04322814941406,1356.6435546875,1356.6435546875,1465.5494384765625,1465.5494384765625,2618.2421875,2618.2421875
18056,6,200,1,7,35,C1,pct_button,10,,,-37.813331604003906,False,False,False,10.949361801147461,10.949361801147461,7.957304000854492,7.957304000854492,248.111083984375,248.111083984375,228.04322814941406,228.04322814941406,1356.6435546875,1356.6435546875,1465.5494384765625,1465.5494384765625,2618.2421875,2618.2421875
18064,6,200,2,0,20,A1,pct_button,10,,,-26.725067615509033,False,False,False,10.949361801147461,10.790255546569824,7.957304000854492,2.5722782611846924,248.111083984375,248.111083984375,228.04322814941406,228.04322814941406,1356.6435546875,1356.6435546875,1465.5494384765625,1465.5494384765625,2618.2421875,2618.2421875
18072,6,200,3,0,20,A1,pct_button,10,,,-23.092575669288635,False,False,False,10.790255546569824,10.714773178100586,2.5722782611846924,0.8315146565437317,248.111083984375,248.111083984375,228.04322814941406,228.04322814941406,1356.6435546875,1356.6435546875,1465.5494384765625,1465.5494384765625,2618.2421875,2618.2421875
18080,6,200,4,12,40,C1,pct_button,100,,,-0.2286306768655777,True,True,False,10.714773178100586,6.270791053771973,0.8315146565437317,46.65581130981445,248.111083984375,409.54840087890625,228.04322814941406,241.94947814941406,1356.6435546875,1337.525634765625,1465.5494384765625,2269.0185546875,2618.2421875,2243.789794921875
