t,env_id,episode_id,step_in_ep,action_sub_idx,base_action_idx,target,type,pct,step,dir,reward,done,gate_ok,deviation_exploded,C1_before,C1_after,A1_before,A1_after,A2_before,A2_after,B2_before,B2_after,A3_before,A3_after,S3_before,S3_after,C3_before,C3_after
18792,3,210,-1,,,,,,,,,False,False,False,4.713381767272949,4.713381767272949,29.361881256103516,29.361881256103516,482.4720764160156,482.4720764160156,271.9372253417969,271.9372253417969,2991.611083984375,2991.611083984375,2188.608154296875,2188.608154296875,-1840.4456787109375,-1840.4456787109375
18792,3,210,0,3,23,A1,pct_button,50,,,-21.481341123580933,False,False,False,4.713381767272949,1.2491487264633179,29.361881256103516,9.491521835327148,482.4720764160156,482.4720764160156,271.9372253417969,271.9372253417969,2991.611083984375,2991.611083984375,2188.608154296875,2188.608154296875,-1840.4456787109375,-1840.4456787109375
18800,3,210,1,12,40,C1,pct_button,100,,,-19.34866738319397,False,False,False,1.2491487264633179,1.4488555192947388,9.491521835327148,8.225478172302246,482.4720764160156,482.4720764160156,271.9372253417969,271.9372253417969,2991.611083984375,2991.611083984375,2188.608154296875,2188.608154296875,-1840.4456787109375,-1840.4456787109375
18808,3,210,2,9,37,C1,pct_button,20,,,-18.19319713115692,False,False,False,1.4488555192947388,0.8981160521507263,8.225478172302246,8.198482513427734,482.4720764160156,482.4720764160156,271.9372253417969,271.9372253417969,2991.611083984375,2991.611083984375,2188.608154296875,2188.608154296875,-1840.4456787109375,-1840.4456787109375
18816,3,210,3,1,21,A1,pct_button,20,,,-5.94073086977005,False,False,False,0.8981160521507263,0.3201240599155426,8.198482513427734,2.6502413749694824,482.4720764160156,482.4720764160156,271.9372253417969,271.9372253417969,2991.611083984375,2991.611083984375,2188.608154296875,2188.608154296875,-1840.4456787109375,-1840.4456787109375
18824,3,210,4,3,23,A1,pct_button,50,,,2.4332793951034546,True,True,False,0.3201240599155426,-9.010459899902344,2.6502413749694824,26.956714630126953,482.4720764160156,343.04705810546875,271.9372253417969,214.35337829589844,2991.611083984375,1446.0487060546875,2188.608154296875,1659.4005126953125,-1840.4456787109375,-2576.63232421875
