t,env_id,episode_id,step_in_ep,action_sub_idx,base_action_idx,target,type,pct,step,dir,reward,done,gate_ok,deviation_exploded,C1_before,C1_after,A1_before,A1_after,A2_before,A2_after,B2_before,B2_after,A3_before,A3_after,S3_before,S3_after,C3_before,C3_after
35624,6,460,-1,,,,,,,,,False,False,False,-18.584890365600586,-18.584890365600586,34.50014114379883,34.50014114379883,154.0415802001953,154.0415802001953,216.1576385498047,216.1576385498047,2755.98828125,2755.98828125,2463.508056640625,2463.508056640625,-2699.857666015625,-2699.857666015625
35624,6,460,0,1,21,A1,pct_button,20,,,-62.08260726928711,False,False,False,-18.584890365600586,-19.8887882232666,34.50014114379883,11.152515411376953,154.0415802001953,154.0415802001953,216.1576385498047,216.1576385498047,2755.98828125,2755.98828125,2463.508056640625,2463.508056640625,-2699.857666015625,-2699.857666015625
35632,6,460,1,0,20,A1,pct_button,10,,,-47.13850116729736,False,False,False,-19.8887882232666,-19.964088439941406,11.152515411376953,3.6051621437072754,154.0415802001953,154.0415802001953,216.1576385498047,216.1576385498047,2755.98828125,2755.98828125,2463.508056640625,2463.508056640625,-2699.857666015625,-2699.857666015625
35640,6,460,2,12,40,C1,pct_button,100,,,-12.696339845657349,False,False,False,-19.964088439941406,1.3679910898208618,3.6051621437072754,4.9801788330078125,154.0415802001953,154.0415802001953,216.1576385498047,216.1576385498047,2755.98828125,2755.98828125,2463.508056640625,2463.508056640625,-2699.857666015625,-2699.857666015625
35648,6,460,3,0,20,A1,pct_button,10,,,-5.675103664398193,False,False,False,1.3679910898208618,1.2276592254638672,4.9801788330078125,1.6098926067352295,154.0415802001953,154.0415802001953,216.1576385498047,216.1576385498047,2755.98828125,2755.98828125,2463.508056640625,2463.508056640625,-2699.857666015625,-2699.857666015625
35656,6,460,4,0,20,A1,pct_button,10,,,1.6306657791137695,True,True,False,1.2276592254638672,5.2235002517700195,1.6098926067352295,43.66042709350586,154.0415802001953,103.46305084228516,216.1576385498047,191.5662384033203,2755.98828125,2778.908447265625,2463.508056640625,2480.315185546875,-2699.857666015625,-2350.450927734375
