t,env_id,episode_id,step_in_ep,action_sub_idx,base_action_idx,target,type,pct,step,dir,reward,done,gate_ok,deviation_exploded,C1_before,C1_after,A1_before,A1_after,A2_before,A2_after,B2_before,B2_after,A3_before,A3_after,S3_before,S3_after,C3_before,C3_after
12016,3,110,-1,,,,,,,,,False,False,False,-7.196666717529297,-7.196666717529297,32.609310150146484,32.609310150146484,214.56869506835938,214.56869506835938,126.46621704101562,126.46621704101562,1521.84423828125,1521.84423828125,1496.06396484375,1496.06396484375,1591.4835205078125,1591.4835205078125
12016,3,110,0,12,40,C1,pct_button,100,,,6.595112423896785,False,False,False,-7.196666717529297,2.8904144763946533,32.609310150146484,33.981727600097656,214.56869506835938,214.56869506835938,126.46621704101562,126.46621704101562,1521.84423828125,1521.84423828125,1496.06396484375,1496.06396484375,1591.4835205078125,1591.4835205078125
12024,3,110,1,2,22,A1,pct_button,30,,,0.7274428415298411,False,False,False,2.8904144763946533,2.8904144763946533,33.981727600097656,33.981727600097656,214.56869506835938,214.56869506835938,126.46621704101562,126.46621704101562,1521.84423828125,1521.84423828125,1496.06396484375,1496.06396484375,1591.4835205078125,1591.4835205078125
12032,3,110,2,2,22,A1,pct_button,30,,,61.35686937546358,False,False,False,2.8904144763946533,-0.009650065563619137,33.981727600097656,6.241569519042969,214.56869506835938,214.56869506835938,126.46621704101562,126.46621704101562,1521.84423828125,1521.84423828125,1496.06396484375,1496.06396484375,1591.4835205078125,1591.4835205078125
12040,3,110,3,3,23,A1,pct_button,50,,,10.545662080571056,True,True,False,-0.009650065563619137,-9.025915145874023,6.241569519042969,41.236175537109375,214.56869506835938,415.463623046875,126.46621704101562,495.8975524902344,1521.84423828125,1447.2757568359375,1496.06396484375,1390.250244140625,1591.4835205078125,-2095.01318359375
