t,env_id,episode_id,step_in_ep,action_sub_idx,base_action_idx,target,type,pct,step,dir,reward,done,gate_ok,deviation_exploded,C1_before,C1_after,A1_before,A1_after,A2_before,A2_after,B2_before,B2_after,A3_before,A3_after,S3_before,S3_after,C3_before,C3_after
20784,6,240,-1,,,,,,,,,False,False,False,-14.582402229309082,-14.582402229309082,3.512652635574341,3.512652635574341,281.571533203125,281.571533203125,124.5596694946289,124.5596694946289,2439.089111328125,2439.089111328125,2501.516845703125,2501.516845703125,-2667.478515625,-2667.478515625
20784,6,240,0,0,20,A1,pct_button,10,,,-31.216964960098267,False,False,False,-14.582402229309082,-14.472982406616211,3.512652635574341,1.1355000734329224,281.571533203125,281.571533203125,124.5596694946289,124.5596694946289,2439.089111328125,2439.089111328125,2501.516845703125,2501.516845703125,-2667.478515625,-2667.478515625
20792,6,240,1,3,23,A1,pct_button,50,,,-31.84772902727127,False,False,False,-14.472982406616211,-15.556802749633789,1.1355000734329224,0.3670617640018463,281.571533203125,281.571533203125,124.5596694946289,124.5596694946289,2439.089111328125,2439.089111328125,2501.516845703125,2501.516845703125,-2667.478515625,-2667.478515625
20800,6,240,2,12,40,C1,pct_button,100,,,-7.068538337945938,False,False,False,-15.556802749633789,3.34131121635437,0.3670617640018463,0.19295795261859894,281.571533203125,281.571533203125,124.5596694946289,124.5596694946289,2439.089111328125,2439.089111328125,2501.516845703125,2501.516845703125,-2667.478515625,-2667.478515625
20808,6,240,3,11,39,C1,pct_button,50,,,2.7204527258872986,True,True,False,3.34131121635437,8.176204681396484,0.19295795261859894,7.549734592437744,281.571533203125,489.2782897949219,124.5596694946289,143.1998748779297,2439.089111328125,2729.63623046875,2501.516845703125,1274.2767333984375,-2667.478515625,-1194.6558837890625
