t,env_id,episode_id,step_in_ep,action_sub_idx,base_action_idx,target,type,pct,step,dir,reward,done,gate_ok,deviation_exploded,C1_before,C1_after,A1_before,A1_after
25952,5,250,-1,,,,,,,,,False,True,False,-1.0234936475753784,-1.0234936475753784,1.0650358200073242,1.0650358200073242
25952,5,250,0,0,20,A1,pct_button,10,,,5.897820550203323,True,True,False,-1.0234936475753784,-19.685333251953125,1.0650358200073242,41.74493408203125
