t,env_id,episode_id,step_in_ep,action_sub_idx,base_action_idx,target,type,pct,step,dir,reward,done,gate_ok,deviation_exploded,C1_before,C1_after,A1_before,A1_after,A2_before,A2_after,B2_before,B2_after,A3_before,A3_after,S3_before,S3_after,C3_before,C3_after
36080,1,300,-1,,,,,,,,,False,False,False,1.6672935485839844,1.6672935485839844,27.087230682373047,27.087230682373047,425.07159423828125,425.07159423828125,333.8570556640625,333.8570556640625,2965.77392578125,2965.77392578125,1741.8572998046875,1741.8572998046875,1925.0504150390625,1925.0504150390625
36080,1,300,0,0,20,A1,pct_button,10,,,39.75925123751164,False,False,False,1.6672935485839844,0.43901529908180237,27.087230682373047,8.520478248596191,425.07159423828125,425.07159423828125,333.8570556640625,333.8570556640625,2965.77392578125,2965.77392578125,1741.8572998046875,1741.8572998046875,1925.0504150390625,1925.0504150390625
36088,1,300,1,2,22,A1,pct_button,30,,,18.089912304878233,True,True,False,0.43901529908180237,-6.4092583656311035,8.520478248596191,15.007554054260254,425.07159423828125,373.0299987792969,333.8570556640625,135.08233642578125,2965.77392578125,2538.012451171875,1741.8572998046875,1468.6666259765625,1925.0504150390625,885.4063720703125
