t,env_id,episode_id,step_in_ep,action_sub_idx,base_action_idx,target,type,pct,step,dir,reward,done,gate_ok,deviation_exploded,C1_before,C1_after,A1_before,A1_after,A2_before,A2_after,B2_before,B2_after,A3_before,A3_after,S3_before,S3_after,C3_before,C3_after
15496,4,170,-1,,,,,,,,,False,False,False,0.5292453169822693,0.5292453169822693,5.030065059661865,5.030065059661865,264.0683898925781,264.0683898925781,220.65716552734375,220.65716552734375,1744.4176025390625,1744.4176025390625,1838.3123779296875,1838.3123779296875,-1156.2330322265625,-1156.2330322265625
15496,4,170,0,11,39,C1,pct_button,50,,,-10.129218697547913,False,False,False,0.5292453169822693,0.10641652345657349,5.030065059661865,4.958192825317383,264.0683898925781,264.0683898925781,220.65716552734375,220.65716552734375,1744.4176025390625,1744.4176025390625,1838.3123779296875,1838.3123779296875,-1156.2330322265625,-1156.2330322265625
15504,4,170,1,12,40,C1,pct_button,100,,,-13.666017532348633,False,False,False,0.10641652345657349,0.9869990348815918,4.958192825317383,5.846009731292725,264.0683898925781,264.0683898925781,220.65716552734375,220.65716552734375,1744.4176025390625,1744.4176025390625,1838.3123779296875,1838.3123779296875,-1156.2330322265625,-1156.2330322265625
15512,4,170,2,12,40,C1,pct_button,100,,,-14.025509119033813,False,False,False,0.9869990348815918,-1.1134940385818481,5.846009731292725,5.899260520935059,264.0683898925781,264.0683898925781,220.65716552734375,220.65716552734375,1744.4176025390625,1744.4176025390625,1838.3123779296875,1838.3123779296875,-1156.2330322265625,-1156.2330322265625
15520,4,170,3,1,21,A1,pct_button,20,,,-1.1651051044464111,True,True,False,-1.1134940385818481,6.811822891235352,5.899260520935059,17.450355529785156,264.0683898925781,275.9765930175781,220.65716552734375,242.81300354003906,1744.4176025390625,2436.582275390625,1838.3123779296875,2402.8515625,-1156.2330322265625,2783.68359375
