t,env_id,episode_id,step_in_ep,action_sub_idx,base_action_idx,target,type,pct,step,dir,reward,done,gate_ok,deviation_exploded,C1_before,C1_after,A1_before,A1_after,A2_before,A2_after,B2_before,B2_after,A3_before,A3_after,S3_before,S3_after,C3_before,C3_after
39344,1,320,-1,,,,,,,,,False,False,False,-8.508354187011719,-8.508354187011719,8.363032341003418,8.363032341003418,197.4200439453125,197.4200439453125,111.37248229980469,111.37248229980469,2690.93896484375,2690.93896484375,2773.855712890625,2773.855712890625,-2286.68359375,-2286.68359375
39344,1,320,0,10,38,C1,pct_button,30,,,6.588826322555542,False,False,False,-8.508354187011719,-5.634214878082275,8.363032341003418,8.074849128723145,197.4200439453125,197.4200439453125,111.37248229980469,111.37248229980469,2690.93896484375,2690.93896484375,2773.855712890625,2773.855712890625,-2286.68359375,-2286.68359375
39352,1,320,1,2,22,A1,pct_button,30,,,8.073059592247011,False,False,False,-5.634214878082275,-6.405817985534668,8.074849128723145,3.359368085861206,197.4200439453125,197.4200439453125,111.37248229980469,111.37248229980469,2690.93896484375,2690.93896484375,2773.855712890625,2773.855712890625,-2286.68359375,-2286.68359375
39360,1,320,2,12,40,C1,pct_button,100,,,21.79771323263645,True,True,False,-6.405817985534668,9.046479225158691,3.359368085861206,43.15353012084961,197.4200439453125,132.45599365234375,111.37248229980469,104.80079650878906,2690.93896484375,2756.909912109375,2773.855712890625,2058.889892578125,-2286.68359375,-1333.912841796875
