t,env_id,episode_id,step_in_ep,action_sub_idx,base_action_idx,target,type,pct,step,dir,reward,done,gate_ok,deviation_exploded,C1_before,C1_after,A1_before,A1_after
27056,2,270,-1,,,,,,,,,False,False,False,5.963139533996582,5.963139533996582,14.385153770446777,14.385153770446777
27056,2,270,0,4,24,A1,pct_button,100,,,32.84683665037155,False,False,False,5.963139533996582,0.6390262842178345,14.385153770446777,3.3204433917999268
27064,2,270,1,0,20,A1,pct_button,10,,,0.06918939352035537,False,False,False,0.6390262842178345,0.6390262842178345,3.3204433917999268,3.3204433917999268
27072,2,270,2,1,21,A1,pct_button,20,,,7.8861050391197205,True,True,False,0.6390262842178345,-9.599705696105957,3.3204433917999268,27.652347564697266
