t,env_id,episode_id,step_in_ep,action_sub_idx,base_action_idx,target,type,pct,step,dir,reward,done,gate_ok,deviation_exploded,C1_before,C1_after,A1_before,A1_after
36200,7,360,-1,,,,,,,,,False,False,False,1.7161486148834229,1.7161486148834229,40.689186096191406,40.689186096191406
36200,7,360,0,1,21,A1,pct_button,20,,,56.57228013515473,False,False,False,1.7161486148834229,-1.4699933528900146,40.689186096191406,12.786768913269043
36208,7,360,1,0,20,A1,pct_button,10,,,16.998164930343627,False,False,False,-1.4699933528900146,-1.9708232879638672,12.786768913269043,3.8399643898010254
36216,7,360,2,5,33,C1,pct_button,1,,,0.12495594024658253,False,False,False,-1.9708232879638672,-1.9479331970214844,3.8399643898010254,3.8533897399902344
36224,7,360,3,3,23,A1,pct_button,50,,,1.2973491621017457,False,False,False,-1.9479331970214844,-2.163578510284424,3.8533897399902344,3.0360662937164307
36232,7,360,4,12,40,C1,pct_button,100,,,10.736481987833976,True,True,False,-2.163578510284424,-14.613529205322266,3.0360662937164307,48.65243148803711
