t,env_id,episode_id,step_in_ep,action_sub_idx,base_action_idx,target,type,pct,step,dir,reward,done,gate_ok,deviation_exploded,C1_before,C1_after,A1_before,A1_after,A2_before,A2_after,B2_before,B2_after,A3_before,A3_after,S3_before,S3_after,C3_before,C3_after
33296,1,420,-1,,,,,,,,,False,False,False,-8.68536376953125,-8.68536376953125,2.7595956325531006,2.7595956325531006,305.10064697265625,305.10064697265625,127.75799560546875,127.75799560546875,2595.300048828125,2595.300048828125,1011.0466918945312,1011.0466918945312,-1083.2379150390625,-1083.2379150390625
33296,1,420,0,7,35,C1,pct_button,10,,,-22.8899188041687,False,False,False,-8.68536376953125,-8.68536376953125,2.7595956325531006,2.7595956325531006,305.10064697265625,305.10064697265625,127.75799560546875,127.75799560546875,2595.300048828125,2595.300048828125,1011.0466918945312,1011.0466918945312,-1083.2379150390625,-1083.2379150390625
33304,1,420,1,2,22,A1,pct_button,30,,,-19.28371787071228,False,False,False,-8.68536376953125,-8.749792098999023,2.7595956325531006,0.8920668363571167,305.10064697265625,305.10064697265625,127.75799560546875,127.75799560546875,2595.300048828125,2595.300048828125,1011.0466918945312,1011.0466918945312,-1083.2379150390625,-1083.2379150390625
33312,1,420,2,3,23,A1,pct_button,50,,,-19.28371787071228,False,False,False,-8.749792098999023,-8.749792098999023,0.8920668363571167,0.8920668363571167,305.10064697265625,305.10064697265625,127.75799560546875,127.75799560546875,2595.300048828125,2595.300048828125,1011.0466918945312,1011.0466918945312,-1083.2379150390625,-1083.2379150390625
33320,1,420,3,1,21,A1,pct_button,20,,,-17.956379652023315,False,False,False,-8.749792098999023,-8.689820289611816,0.8920668363571167,0.2883695363998413,305.10064697265625,305.10064697265625,127.75799560546875,127.75799560546875,2595.300048828125,2595.300048828125,1011.0466918945312,1011.0466918945312,-1083.2379150390625,-1083.2379150390625
33328,1,420,4,12,40,C1,pct_button,100,,,2.6838459372520447,True,True,False,-8.689820289611816,17.198999404907227,0.2883695363998413,41.06919479370117,305.10064697265625,439.2804870605469,127.75799560546875,394.75860595703125,2595.300048828125,2771.041015625,1011.0466918945312,1487.7806396484375,-1083.2379150390625,1146.3880615234375
