t,env_id,episode_id,step_in_ep,action_sub_idx,base_action_idx,target,type,pct,step,dir,reward,done,gate_ok,deviation_exploded,C1_before,C1_after,A1_before,A1_after
43424,1,410,-1,,,,,,,,,False,False,False,-8.047880172729492,-8.047880172729492,9.250356674194336,9.250356674194336
43424,1,410,0,0,20,A1,pct_button,10,,,12.647908620834352,False,False,False,-8.047880172729492,-8.140816688537598,9.250356674194336,2.9392666816711426
43432,1,410,1,7,35,C1,pct_button,10,,,1.1944196128845215,False,False,False,-8.140816688537598,-7.630568981170654,2.9392666816711426,2.953141689300537
43440,1,410,2,6,34,C1,pct_button,5,,,0.6204464340209961,False,False,False,-7.630568981170654,-7.414153575897217,2.953141689300537,2.9580559730529785
43448,1,410,3,11,39,C1,pct_button,50,,,7.135701146125793,False,False,False,-7.414153575897217,-4.262607097625732,2.9580559730529785,2.6054322719573975
43456,1,410,4,3,23,A1,pct_button,50,,,0.12736078739166223,False,False,False,-4.262607097625732,-4.262607097625732,2.6054322719573975,2.6054322719573975
43464,1,410,5,4,24,A1,pct_button,100,,,4.419936316013336,False,False,False,-4.262607097625732,-3.716571807861328,2.6054322719573975,0.9835001230239868
43472,1,410,6,6,34,C1,pct_button,5,,,0.48974703907966677,False,False,False,-3.716571807861328,-3.573777437210083,0.9835001230239868,0.9213724732398987
43480,1,410,7,12,40,C1,pct_button,100,,,10.129127608537674,True,True,False,-3.573777437210083,-6.501848220825195,0.9213724732398987,23.089929580688477
