t,env_id,episode_id,step_in_ep,action_sub_idx,base_action_idx,target,type,pct,step,dir,reward,done,gate_ok,deviation_exploded,C1_before,C1_after,A1_before,A1_after
10560,6,90,-1,,,,,,,,,False,False,False,4.623558521270752,4.623558521270752,34.78673553466797,34.78673553466797
10560,6,90,0,12,40,C1,pct_button,100,,,6.2183610391616835,False,False,False,4.623558521270752,1.6433775424957275,34.78673553466797,35.01936340332031
10568,6,90,1,0,20,A1,pct_button,10,,,47.320604872703555,False,False,False,1.6433775424957275,0.9766557216644287,35.01936340332031,12.152070045471191
10576,6,90,2,1,21,A1,pct_button,20,,,17.67478551626205,False,False,False,0.9766557216644287,0.43372833728790283,12.152070045471191,3.8959009647369385
10584,6,90,3,12,40,C1,pct_button,100,,,1.6686684969067576,False,False,False,0.43372833728790283,-0.22061629593372345,3.8959009647369385,3.30493426322937
10592,6,90,4,12,40,C1,pct_button,100,,,6.261863317489624,True,True,False,-0.22061629593372345,5.326840877532959,3.30493426322937,3.8220951557159424
