t,env_id,episode_id,step_in_ep,action_sub_idx,base_action_idx,target,type,pct,step,dir,reward,done,gate_ok,deviation_exploded,C1_before,C1_after,A1_before,A1_after
29432,5,280,-1,,,,,,,,,False,False,False,1.3371038436889648,1.3371038436889648,33.972450256347656,33.972450256347656
29432,5,280,0,1,21,A1,pct_button,20,,,46.7625145572424,False,False,False,1.3371038436889648,0.3477416932582855,33.972450256347656,11.695992469787598
29440,5,280,1,7,35,C1,pct_button,10,,,0.23087468326091964,False,False,False,0.3477416932582855,0.3477416932582855,11.695992469787598,11.695992469787598
29448,5,280,2,1,21,A1,pct_button,20,,,17.802265262603758,False,False,False,0.3477416932582855,-0.3362365961074829,11.695992469787598,2.8330578804016113
29456,5,280,3,1,21,A1,pct_button,20,,,-0.7862817695736883,False,False,False,-0.3362365961074829,-0.22133640944957733,2.8330578804016113,3.372032642364502
29464,5,280,4,5,33,C1,pct_button,1,,,0.08812868565320976,False,False,False,-0.22133640944957733,-0.22201965749263763,3.372032642364502,3.358086109161377
29472,5,280,5,0,20,A1,pct_button,10,,,7.229548661112785,True,True,False,-0.22201965749263763,-5.89577579498291,3.358086109161377,48.672943115234375
