t,env_id,episode_id,step_in_ep,action_sub_idx,base_action_idx,target,type,pct,step,dir,reward,done,gate_ok,deviation_exploded,C1_before,C1_after,A1_before,A1_after
6008,4,50,-1,,,,,,,,,False,False,False,11.5258207321167,11.5258207321167,48.11741256713867,48.11741256713867
6008,4,50,0,4,24,A1,pct_button,100,,,83.27186427116393,False,False,False,11.5258207321167,-3.014777660369873,48.11741256713867,15.169364929199219
6016,4,50,1,12,40,C1,pct_button,100,,,3.7939316952228577,False,False,False,-3.014777660369873,-0.9149001240730286,15.169364929199219,15.531743049621582
6024,4,50,2,12,40,C1,pct_button,100,,,1.8587884366512293,False,False,False,-0.9149001240730286,-0.5343348383903503,15.531743049621582,15.134603500366211
6032,4,50,3,3,23,A1,pct_button,50,,,18.359835543632506,False,False,False,-0.5343348383903503,-2.3310093879699707,15.134603500366211,4.218506336212158
6040,4,50,4,3,23,A1,pct_button,50,,,0.1209903144836433,False,False,False,-2.3310093879699707,-2.3310093879699707,4.218506336212158,4.218506336212158
6048,4,50,5,11,39,C1,pct_button,50,,,5.20189292371273,False,False,False,-2.3310093879699707,-0.3792818486690521,4.218506336212158,3.604121446609497
6056,4,50,6,7,35,C1,pct_button,10,,,0.14556427597999622,False,False,False,-0.3792818486690521,-0.5027572512626648,3.604121446609497,3.442314624786377
6064,4,50,7,1,21,A1,pct_button,20,,,10.743235640525818,True,True,False,-0.5027572512626648,1.4204189777374268,3.442314624786377,48.86691665649414
