t,env_id,episode_id,step_in_ep,action_sub_idx,base_action_idx,target,type,pct,step,dir,reward,done,gate_ok,deviation_exploded,C1_before,C1_after,A1_before,A1_after,A2_before,A2_after,B2_before,B2_after,A3_before,A3_after,S3_before,S3_after,C3_before,C3_after
40560,6,530,-1,,,,,,,,,False,False,False,10.485555648803711,10.485555648803711,30.53400230407715,30.53400230407715,287.5640563964844,287.5640563964844,240.9315948486328,240.9315948486328,1721.5802001953125,1721.5802001953125,1616.7314453125,1616.7314453125,-2193.098876953125,-2193.098876953125
40560,6,530,0,0,20,A1,pct_button,10,,,-39.257612228393555,False,False,False,10.485555648803711,9.758384704589844,30.53400230407715,9.870421409606934,287.5640563964844,287.5640563964844,240.9315948486328,240.9315948486328,1721.5802001953125,1721.5802001953125,1616.7314453125,1616.7314453125,-2193.098876953125,-2193.098876953125
40568,6,530,1,12,40,C1,pct_button,100,,,-30.754780769348145,False,False,False,9.758384704589844,3.6101717948913574,9.870421409606934,11.767218589782715,287.5640563964844,287.5640563964844,240.9315948486328,240.9315948486328,1721.5802001953125,1721.5802001953125,1616.7314453125,1616.7314453125,-2193.098876953125,-2193.098876953125
40576,6,530,2,2,22,A1,pct_button,30,,,-13.06673812866211,False,False,False,3.6101717948913574,2.7294981479644775,11.767218589782715,3.803870916366577,287.5640563964844,287.5640563964844,240.9315948486328,240.9315948486328,1721.5802001953125,1721.5802001953125,1616.7314453125,1616.7314453125,-2193.098876953125,-2193.098876953125
40584,6,530,3,1,21,A1,pct_button,20,,,-7.14451789855957,False,False,False,2.7294981479644775,2.3426196575164795,3.803870916366577,1.2296392917633057,287.5640563964844,287.5640563964844,240.9315948486328,240.9315948486328,1721.5802001953125,1721.5802001953125,1616.7314453125,1616.7314453125,-2193.098876953125,-2193.098876953125
40592,6,530,4,12,40,C1,pct_button,100,,,3.6111620850861073,True,True,False,2.3426196575164795,-16.599550247192383,1.2296392917633057,47.053062438964844,287.5640563964844,200.4368438720703,240.9315948486328,164.2696990966797,1721.5802001953125,2794.73583984375,1616.7314453125,1957.603515625,-2193.098876953125,-1696.546142578125
