t,env_id,episode_id,step_in_ep,action_sub_idx,base_action_idx,target,type,pct,step,dir,reward,done,gate_ok,deviation_exploded,C1_before,C1_after,A1_before,A1_after
41888,0,410,-1,,,,,,,,,False,False,False,-4.926589012145996,-4.926589012145996,38.539955139160156,38.539955139160156
41888,0,410,0,1,21,A1,pct_button,20,,,50.71602889060974,False,False,False,-4.926589012145996,-6.291447162628174,38.539955139160156,11.994946479797363
41896,0,410,1,0,20,A1,pct_button,10,,,15.17299084663391,False,False,False,-6.291447162628174,-6.573343753814697,11.994946479797363,4.229583740234375
41904,0,410,2,0,20,A1,pct_button,10,,,0.20605854988098016,False,False,False,-6.573343753814697,-6.573343753814697,4.229583740234375,4.229583740234375
41912,0,410,3,0,20,A1,pct_button,10,,,3.7126605558395394,False,False,False,-6.573343753814697,-6.713929653167725,4.229583740234375,2.3179867267608643
41920,0,410,4,8,36,C1,pct_button,15,,,2.4099995279312143,False,False,False,-6.713929653167725,-5.756484508514404,2.3179867267608643,2.1444413661956787
41928,0,410,5,11,39,C1,pct_button,50,,,4.675681233406067,False,False,False,-5.756484508514404,-3.505612373352051,2.1444413661956787,2.1086151599884033
41936,0,410,6,12,40,C1,pct_button,100,,,12.609640520513057,True,True,False,-3.505612373352051,6.679798603057861,2.1086151599884033,8.206393241882324
