t,env_id,episode_id,step_in_ep,action_sub_idx,base_action_idx,target,type,pct,step,dir,reward,done,gate_ok,deviation_exploded,C1_before,C1_after,A1_before,A1_after,A2_before,A2_after,B2_before,B2_after,A3_before,A3_after,S3_before,S3_after,C3_before,C3_after
49888,5,700,-1,,,,,,,,,False,False,False,-15.20677661895752,-15.20677661895752,2.7713911533355713,2.7713911533355713,446.3442687988281,446.3442687988281,451.0628967285156,451.0628967285156,1080.9383544921875,1080.9383544921875,2281.4775390625,2281.4775390625,-2583.979248046875,-2583.979248046875
49888,5,700,0,1,21,A1,pct_button,20,,,-32.736807107925415,False,False,False,-15.20677661895752,-15.47252368927002,2.7713911533355713,0.895879864692688,446.3442687988281,446.3442687988281,451.0628967285156,451.0628967285156,1080.9383544921875,1080.9383544921875,2281.4775390625,2281.4775390625,-2583.979248046875,-2583.979248046875
49896,5,700,1,12,40,C1,pct_button,100,,,-32.736807107925415,False,False,False,-15.47252368927002,-15.47252368927002,0.895879864692688,0.895879864692688,446.3442687988281,446.3442687988281,451.0628967285156,451.0628967285156,1080.9383544921875,1080.9383544921875,2281.4775390625,2281.4775390625,-2583.979248046875,-2583.979248046875
49904,5,700,2,12,40,C1,pct_button,100,,,-8.90101844072342,False,False,False,-15.47252368927002,-4.032815933227539,0.895879864692688,0.41769328713417053,446.3442687988281,446.3442687988281,451.0628967285156,451.0628967285156,1080.9383544921875,1080.9383544921875,2281.4775390625,2281.4775390625,-2583.979248046875,-2583.979248046875
49912,5,700,3,12,40,C1,pct_button,100,,,2.654131829738617,True,True,False,-4.032815933227539,6.013506889343262,0.41769328713417053,40.828731536865234,446.3442687988281,444.08465576171875,451.0628967285156,313.529296875,1080.9383544921875,2099.37548828125,2281.4775390625,2430.0107421875,-2583.979248046875,2189.197509765625
