t,env_id,episode_id,step_in_ep,action_sub_idx,base_action_idx,target,type,pct,step,dir,reward,done,gate_ok,deviation_exploded,C1_before,C1_after,A1_before,A1_after,A2_before,A2_after,B2_before,B2_after,A3_before,A3_after,S3_before,S3_after,C3_before,C3_after
41032,1,550,-1,,,,,,,,,False,False,False,-9.381460189819336,-9.381460189819336,27.049190521240234,27.049190521240234,370.8809814453125,370.8809814453125,352.0101013183594,352.0101013183594,2399.1904296875,2399.1904296875,2474.197265625,2474.197265625,-1747.5841064453125,-1747.5841064453125
41032,1,550,0,12,40,C1,pct_button,100,,,-61.29149389266968,False,False,False,-9.381460189819336,2.776074171066284,27.049190521240234,27.869672775268555,370.8809814453125,370.8809814453125,352.0101013183594,352.0101013183594,2399.1904296875,2399.1904296875,2474.197265625,2474.197265625,-1747.5841064453125,-1747.5841064453125
41040,1,550,1,4,24,A1,pct_button,100,,,-24.77379322052002,False,False,False,2.776074171066284,-3.377746105194092,27.869672775268555,9.009150505065918,370.8809814453125,370.8809814453125,352.0101013183594,352.0101013183594,2399.1904296875,2399.1904296875,2474.197265625,2474.197265625,-1747.5841064453125,-1747.5841064453125
41048,1,550,2,0,20,A1,pct_button,10,,,-13.470418453216553,False,False,False,-3.377746105194092,-3.822911262512207,9.009150505065918,2.9122979640960693,370.8809814453125,370.8809814453125,352.0101013183594,352.0101013183594,2399.1904296875,2399.1904296875,2474.197265625,2474.197265625,-1747.5841064453125,-1747.5841064453125
41056,1,550,3,12,40,C1,pct_button,100,,,-13.470418453216553,False,False,False,-3.822911262512207,-3.822911262512207,2.9122979640960693,2.9122979640960693,370.8809814453125,370.8809814453125,352.0101013183594,352.0101013183594,2399.1904296875,2399.1904296875,2474.197265625,2474.197265625,-1747.5841064453125,-1747.5841064453125
41064,1,550,4,12,40,C1,pct_button,100,,,0.774583101272583,True,True,False,-3.822911262512207,1.3909763097763062,2.9122979640960693,41.98727798461914,370.8809814453125,450.8415222167969,352.0101013183594,172.26824951171875,2399.1904296875,1274.5784912109375,2474.197265625,1640.183349609375,-1747.5841064453125,1098.238037109375
