t,env_id,episode_id,step_in_ep,action_sub_idx,base_action_idx,target,type,pct,step,dir,reward,done,gate_ok,deviation_exploded,C1_before,C1_after,A1_before,A1_after
8880,5,10,-1,,,,,,,,,False,False,False,-4.8041839599609375,-4.8041839599609375,27.99608612060547,27.99608612060547
8880,5,10,0,2,22,A1,pct_button,30,,,14.545150289535526,False,False,False,-4.8041839599609375,-7.312530040740967,27.99608612060547,18.46796989440918
8888,5,10,1,4,24,A1,pct_button,100,,,41.18509618401527,False,False,False,-7.312530040740967,0.2999315857887268,18.46796989440918,4.935373306274414
8896,5,10,2,8,36,C1,pct_button,15,,,-1.7791718947887427,False,False,False,0.2999315857887268,-0.40951162576675415,4.935373306274414,5.772196292877197
8904,5,10,3,3,23,A1,pct_button,50,,,1.5766127395629892,False,False,False,-0.40951162576675415,2.3286893367767334,5.772196292877197,3.114140510559082
8912,5,10,4,2,22,A1,pct_button,30,,,12.380348629951477,True,True,False,2.3286893367767334,1.6054080724716187,3.114140510559082,39.370826721191406
