t,env_id,episode_id,step_in_ep,action_sub_idx,base_action_idx,target,type,pct,step,dir,reward,done,gate_ok,deviation_exploded,C1_before,C1_after,A1_before,A1_after
27144,7,260,-1,,,,,,,,,False,False,False,-7.735879421234131,-7.735879421234131,6.862919807434082,6.862919807434082
27144,7,260,0,2,22,A1,pct_button,30,,,10.849311304092408,False,False,False,-7.735879421234131,-8.364346504211426,6.862919807434082,0.8974146842956543
27152,7,260,1,12,40,C1,pct_button,100,,,12.212382910251618,False,False,False,-8.364346504211426,1.250509262084961,0.8974146842956543,1.9318844079971313
27160,7,260,2,11,39,C1,pct_button,50,,,0.3527664709091185,False,False,False,1.250509262084961,1.4848624467849731,1.9318844079971313,1.5464612245559692
27168,7,260,3,2,22,A1,pct_button,30,,,0.050626473426818704,False,False,False,1.4848624467849731,1.4848624467849731,1.5464612245559692,1.5464612245559692
27176,7,260,4,7,35,C1,pct_button,10,,,0.7490895366668704,False,False,False,1.4848624467849731,1.233361005783081,1.5464612245559692,1.4452035427093506
27184,7,260,5,4,24,A1,pct_button,100,,,1.4574240043759346,False,False,False,1.233361005783081,-1.8116384744644165,1.4452035427093506,0.15285904705524445
27192,7,260,6,7,35,C1,pct_button,10,,,0.27885646104812634,False,False,False,-1.8116384744644165,-1.6159703731536865,0.15285904705524445,0.22248345613479614
27200,7,260,7,11,39,C1,pct_button,50,,,6.316193987727165,True,True,False,-1.6159703731536865,19.0200138092041,0.22248345613479614,22.868671417236328
