t,env_id,episode_id,step_in_ep,action_sub_idx,base_action_idx,target,type,pct,step,dir,reward,done,gate_ok,deviation_exploded,C1_before,C1_after,A1_before,A1_after,A2_before,A2_after,B2_before,B2_after,A3_before,A3_after,S3_before,S3_after,C3_before,C3_after
45432,6,600,-1,,,,,,,,,False,False,False,-6.0764079093933105,-6.0764079093933105,10.30901050567627,10.30901050567627,291.9547424316406,291.9547424316406,258.379150390625,258.379150390625,1188.40625,1188.40625,2171.49267578125,2171.49267578125,2315.40185546875,2315.40185546875
45432,6,600,0,4,24,A1,pct_button,100,,,-23.435967922210693,False,False,False,-6.0764079093933105,-8.385493278503418,10.30901050567627,3.3324906826019287,291.9547424316406,291.9547424316406,258.379150390625,258.379150390625,1188.40625,1188.40625,2171.49267578125,2171.49267578125,2315.40185546875,2315.40185546875
45440,6,600,1,12,40,C1,pct_button,100,,,-11.05289077758789,False,False,False,-8.385493278503418,2.4864697456359863,3.3324906826019287,3.039975643157959,291.9547424316406,291.9547424316406,258.379150390625,258.379150390625,1188.40625,1188.40625,2171.49267578125,2171.49267578125,2315.40185546875,2315.40185546875
45448,6,600,2,11,39,C1,pct_button,50,,,-8.801496982574463,False,False,False,2.4864697456359863,1.5997357368469238,3.039975643157959,2.8010127544403076,291.9547424316406,291.9547424316406,258.379150390625,258.379150390625,1188.40625,1188.40625,2171.49267578125,2171.49267578125,2315.40185546875,2315.40185546875
45456,6,600,3,11,39,C1,pct_button,50,,,-7.290252685546875,False,False,False,1.5997357368469238,0.7954196929931641,2.8010127544403076,2.8497066497802734,291.9547424316406,291.9547424316406,258.379150390625,258.379150390625,1188.40625,1188.40625,2171.49267578125,2171.49267578125,2315.40185546875,2315.40185546875
45464,6,600,4,3,23,A1,pct_button,50,,,2.222430169582367,True,True,False,0.7954196929931641,12.91465950012207,2.8497066497802734,10.758563995361328,291.9547424316406,337.9358215332031,258.379150390625,128.51553344726562,1188.40625,1169.06494140625,2171.49267578125,1477.7783203125,2315.40185546875,-1783.647216796875
