t,env_id,episode_id,step_in_ep,action_sub_idx,base_action_idx,target,type,pct,step,dir,reward,done,gate_ok,deviation_exploded,C1_before,C1_after,A1_before,A1_after
47304,0,470,-1,,,,,,,,,False,False,False,10.631597518920898,10.631597518920898,45.52579116821289,45.52579116821289
47304,0,470,0,1,21,A1,pct_button,20,,,66.6083602142334,False,False,False,10.631597518920898,9.159914016723633,45.52579116821289,13.919084548950195
47312,0,470,1,1,21,A1,pct_button,20,,,16.050664386749265,False,False,False,9.159914016723633,8.555281639099121,13.919084548950195,6.645391464233398
47320,0,470,2,2,22,A1,pct_button,30,,,9.98753529548645,False,False,False,8.555281639099121,7.9393720626831055,6.645391464233398,2.3655829429626465
47328,0,470,3,5,33,C1,pct_button,1,,,0.40475397586822637,False,False,False,7.9393720626831055,7.824408054351807,2.3655829429626465,2.3751657009124756
47336,0,470,4,12,40,C1,pct_button,100,,,11.74289517402649,False,False,False,7.824408054351807,-2.3485665321350098,2.3751657009124756,2.0182275772094727
47344,0,470,5,0,20,A1,pct_button,10,,,3.4556042772531512,False,False,False,-2.3485665321350098,-2.4198110103607178,2.0182275772094727,0.24078693985939026
47352,0,470,6,7,35,C1,pct_button,10,,,0.6142953738570209,False,False,False,-2.4198110103607178,-2.193080186843872,0.24078693985939026,0.17909179627895355
47360,0,470,7,11,39,C1,pct_button,50,,,7.771512104868889,True,True,False,-2.193080186843872,16.397289276123047,0.17909179627895355,14.780110359191895
