t,env_id,episode_id,step_in_ep,action_sub_idx,base_action_idx,target,type,pct,step,dir,reward,done,gate_ok,deviation_exploded,C1_before,C1_after,A1_before,A1_after,A2_before,A2_after,B2_before,B2_after,A3_before,A3_after,S3_before,S3_after,C3_before,C3_after
51112,4,390,-1,,,,,,,,,False,True,False,0.07263234257698059,0.07263234257698059,18.123666763305664,18.123666763305664,408.0444641113281,408.0444641113281,319.57330322265625,319.57330322265625,1352.355224609375,1352.355224609375,2539.69921875,2539.69921875,1196.7498779296875,1196.7498779296875
51112,4,390,0,2,22,A1,pct_button,30,,,34.45645879030228,True,True,False,0.07263234257698059,8.304571151733398,18.123666763305664,1.290784239768982,408.0444641113281,313.7367248535156,319.57330322265625,176.33685302734375,1352.355224609375,2849.1630859375,2539.69921875,2213.61669921875,1196.7498779296875,-1886.1700439453125
