t,env_id,episode_id,step_in_ep,action_sub_idx,base_action_idx,target,type,pct,step,dir,reward,done,gate_ok,deviation_exploded,C1_before,C1_after,A1_before,A1_after,A2_before,A2_after,B2_before,B2_after,A3_before,A3_after,S3_before,S3_after,C3_before,C3_after
22128,1,250,-1,,,,,,,,,False,False,False,-12.610177040100098,-12.610177040100098,23.70931625366211,23.70931625366211,468.7203063964844,468.7203063964844,138.33505249023438,138.33505249023438,2081.60546875,2081.60546875,2393.616943359375,2393.616943359375,1478.906494140625,1478.906494140625
22128,1,250,0,12,40,C1,pct_button,100,,,-47.04721653461456,False,False,False,-12.610177040100098,0.9332838654518127,23.70931625366211,22.59032440185547,468.7203063964844,468.7203063964844,138.33505249023438,138.33505249023438,2081.60546875,2081.60546875,2393.616943359375,2393.616943359375,1478.906494140625,1478.906494140625
22136,1,250,1,0,20,A1,pct_button,10,,,-16.137723207473755,False,False,False,0.9332838654518127,0.7663131952285767,22.59032440185547,7.302548408508301,468.7203063964844,468.7203063964844,138.33505249023438,138.33505249023438,2081.60546875,2081.60546875,2393.616943359375,2393.616943359375,1478.906494140625,1478.906494140625
22144,1,250,2,0,20,A1,pct_button,10,,,-0.7859716415405273,True,True,False,0.7663131952285767,-0.8641100525856018,7.302548408508301,22.662063598632812,468.7203063964844,183.2383270263672,138.33505249023438,484.824462890625,2081.60546875,1109.251708984375,2393.616943359375,2769.425537109375,1478.906494140625,2377.481689453125
