t,env_id,episode_id,step_in_ep,action_sub_idx,base_action_idx,target,type,pct,step,dir,reward,done,gate_ok,deviation_exploded,C1_before,C1_after,A1_before,A1_after
22664,7,210,-1,,,,,,,,,False,False,False,11.935803413391113,11.935803413391113,45.71925735473633,45.71925735473633
22664,7,210,0,4,24,A1,pct_button,100,,,81.17181608200072,False,False,False,11.935803413391113,1.8404569625854492,45.71925735473633,15.396060943603516
22672,7,210,1,1,21,A1,pct_button,20,,,0.33473035812377616,False,False,False,1.8404569625854492,1.8404569625854492,15.396060943603516,15.396060943603516
22680,7,210,2,1,21,A1,pct_button,20,,,0.33473035812377616,False,False,False,1.8404569625854492,1.8404569625854492,15.396060943603516,15.396060943603516
22688,7,210,3,1,21,A1,pct_button,20,,,19.649264731407165,False,False,False,1.8404569625854492,1.3107693195343018,15.396060943603516,6.170933246612549
22696,7,210,4,1,21,A1,pct_button,20,,,15.327480472326279,True,True,False,1.3107693195343018,-4.577121257781982,6.170933246612549,12.845100402832031
