t,env_id,episode_id,step_in_ep,action_sub_idx,base_action_idx,target,type,pct,step,dir,reward,done,gate_ok,deviation_exploded,C1_before,C1_after,A1_before,A1_after,A2_before,A2_after,B2_before,B2_after,A3_before,A3_after,S3_before,S3_after,C3_before,C3_after
34528,1,440,-1,,,,,,,,,False,False,False,-4.9981770515441895,-4.9981770515441895,26.657175064086914,26.657175064086914,413.83721923828125,413.83721923828125,203.216552734375,203.216552734375,1800.730224609375,1800.730224609375,2079.795166015625,2079.795166015625,-1013.3197021484375,-1013.3197021484375
34528,1,440,0,3,23,A1,pct_button,50,,,-39.102088928222656,False,False,False,-4.9981770515441895,-10.933846473693848,26.657175064086914,8.61719799041748,413.83721923828125,413.83721923828125,203.216552734375,203.216552734375,1800.730224609375,1800.730224609375,2079.795166015625,2079.795166015625,-1013.3197021484375,-1013.3197021484375
34536,1,440,1,12,40,C1,pct_button,100,,,-28.225584983825684,False,False,False,-10.933846473693848,5.022428035736084,8.61719799041748,9.090364456176758,413.83721923828125,413.83721923828125,203.216552734375,203.216552734375,1800.730224609375,1800.730224609375,2079.795166015625,2079.795166015625,-1013.3197021484375,-1013.3197021484375
34544,1,440,2,11,39,C1,pct_button,50,,,-18.208306312561035,False,False,False,5.022428035736084,1.0185303688049316,9.090364456176758,8.085622787475586,413.83721923828125,413.83721923828125,203.216552734375,203.216552734375,1800.730224609375,1800.730224609375,2079.795166015625,2079.795166015625,-1013.3197021484375,-1013.3197021484375
34552,1,440,3,0,20,A1,pct_button,10,,,-6.73457145690918,False,False,False,1.0185303688049316,0.7535274028778076,8.085622787475586,2.6137583255767822,413.83721923828125,413.83721923828125,203.216552734375,203.216552734375,1800.730224609375,1800.730224609375,2079.795166015625,2079.795166015625,-1013.3197021484375,-1013.3197021484375
34560,1,440,4,3,23,A1,pct_button,50,,,2.863808810710907,True,True,False,0.7535274028778076,-6.466591835021973,2.6137583255767822,17.501131057739258,413.83721923828125,472.48077392578125,203.216552734375,315.6470031738281,1800.730224609375,2713.609375,2079.795166015625,2377.055908203125,-1013.3197021484375,1020.664306640625
