t,env_id,episode_id,step_in_ep,action_sub_idx,base_action_idx,target,type,pct,step,dir,reward,done,gate_ok,deviation_exploded,C1_before,C1_after,A1_before,A1_after,A2_before,A2_after,B2_before,B2_after,A3_before,A3_after,S3_before,S3_after,C3_before,C3_after
8480,0,70,-1,,,,,,,,,False,False,False,11.275128364562988,11.275128364562988,12.656598091125488,12.656598091125488,301.396240234375,301.396240234375,361.4148254394531,361.4148254394531,1984.99658203125,1984.99658203125,1151.251220703125,1151.251220703125,-2383.693359375,-2383.693359375
8480,0,70,0,4,24,A1,pct_button,100,,,23.19824243545532,False,False,False,11.275128364562988,8.424116134643555,12.656598091125488,4.028010368347168,301.396240234375,301.396240234375,361.4148254394531,361.4148254394531,1984.99658203125,1984.99658203125,1151.251220703125,1151.251220703125,-2383.693359375,-2383.693359375
8488,0,70,1,2,22,A1,pct_button,30,,,6.419562638998032,False,False,False,8.424116134643555,8.742419242858887,4.028010368347168,0.5882324576377869,301.396240234375,301.396240234375,361.4148254394531,361.4148254394531,1984.99658203125,1984.99658203125,1151.251220703125,1151.251220703125,-2383.693359375,-2383.693359375
8496,0,70,2,12,40,C1,pct_button,100,,,18.43777843594551,True,True,False,8.742419242858887,-3.7763173580169678,0.5882324576377869,48.19892883300781,301.396240234375,269.2619323730469,361.4148254394531,161.24761962890625,1984.99658203125,2228.087158203125,1151.251220703125,1972.108642578125,-2383.693359375,2544.74462890625
