t,env_id,episode_id,step_in_ep,action_sub_idx,base_action_idx,target,type,pct,step,dir,reward,done,gate_ok,deviation_exploded,C1_before,C1_after,A1_before,A1_after,A2_before,A2_after,B2_before,B2_after,A3_before,A3_after,S3_before,S3_after,C3_before,C3_after
45896,2,620,-1,,,,,,,,,False,False,False,-3.404383420944214,-3.404383420944214,10.341552734375,10.341552734375,174.80059814453125,174.80059814453125,350.12054443359375,350.12054443359375,2857.869384765625,2857.869384765625,1520.68017578125,1520.68017578125,-2391.626708984375,-2391.626708984375
45896,2,620,0,0,20,A1,pct_button,10,,,-13.856162071228027,False,False,False,-3.404383420944214,-3.5850706100463867,10.341552734375,3.343010425567627,174.80059814453125,174.80059814453125,350.12054443359375,350.12054443359375,2857.869384765625,2857.869384765625,1520.68017578125,1520.68017578125,-2391.626708984375,-2391.626708984375
45904,2,620,1,12,40,C1,pct_button,100,,,-8.009432554244995,False,False,False,-3.5850706100463867,1.4594899415969849,3.343010425567627,2.5452263355255127,174.80059814453125,174.80059814453125,350.12054443359375,350.12054443359375,2857.869384765625,2857.869384765625,1520.68017578125,1520.68017578125,-2391.626708984375,-2391.626708984375
45912,2,620,2,11,39,C1,pct_button,50,,,-6.241241067647934,False,False,False,1.4594899415969849,-0.1714187115430832,2.5452263355255127,2.949201822280884,174.80059814453125,174.80059814453125,350.12054443359375,350.12054443359375,2857.869384765625,2857.869384765625,1520.68017578125,1520.68017578125,-2391.626708984375,-2391.626708984375
45920,2,620,3,1,21,A1,pct_button,20,,,1.9833390712738037,True,True,False,-0.1714187115430832,-13.878901481628418,2.949201822280884,26.776172637939453,174.80059814453125,449.324462890625,350.12054443359375,491.2565002441406,2857.869384765625,1205.77587890625,1520.68017578125,1076.01220703125,-2391.626708984375,-2622.9052734375
