t,env_id,episode_id,step_in_ep,action_sub_idx,base_action_idx,target,type,pct,step,dir,reward,done,gate_ok,deviation_exploded,C1_before,C1_after,A1_before,A1_after
15632,1,150,-1,,,,,,,,,False,False,False,-1.5953223705291748,-1.5953223705291748,19.126131057739258,19.126131057739258
15632,1,150,0,0,20,A1,pct_button,10,,,23.020165486335753,False,False,False,-1.5953223705291748,-2.4092776775360107,19.126131057739258,6.890086650848389
15640,1,150,1,1,21,A1,pct_button,20,,,9.805449621677399,False,False,False,-2.4092776775360107,-2.6122870445251465,6.890086650848389,1.8237124681472778
15648,1,150,2,6,34,C1,pct_button,5,,,0.32657522201538014,False,False,False,-2.6122870445251465,-2.4350333213806152,1.8237124681472778,1.8757867813110352
15656,1,150,3,0,20,A1,pct_button,10,,,0.7348113679885866,False,False,False,-2.4350333213806152,-2.5649359226226807,1.8757867813110352,1.4132604598999023
15664,1,150,4,12,40,C1,pct_button,100,,,10.621013432741165,True,True,False,-2.5649359226226807,-0.24516399204730988,1.4132604598999023,4.09052038192749
