t,env_id,episode_id,step_in_ep,action_sub_idx,base_action_idx,target,type,pct,step,dir,reward,done,gate_ok,deviation_exploded,C1_before,C1_after,A1_before,A1_after,A2_before,A2_after,B2_before,B2_after,A3_before,A3_after,S3_before,S3_after,C3_before,C3_after
19200,7,220,-1,,,,,,,,,False,False,False,-19.20963478088379,-19.20963478088379,22.608049392700195,22.608049392700195,495.3070983886719,495.3070983886719,297.1968994140625,297.1968994140625,2246.24365234375,2246.24365234375,2785.6240234375,2785.6240234375,1965.240966796875,1965.240966796875
19200,7,220,0,1,21,A1,pct_button,20,,,-54.64550495147705,False,False,False,-19.20963478088379,-20.014474868774414,22.608049392700195,7.308277606964111,495.3070983886719,495.3070983886719,297.1968994140625,297.1968994140625,2246.24365234375,2246.24365234375,2785.6240234375,2785.6240234375,1965.240966796875,1965.240966796875
19208,7,220,1,4,24,A1,pct_button,100,,,-54.64550495147705,False,False,False,-20.014474868774414,-20.014474868774414,7.308277606964111,7.308277606964111,495.3070983886719,495.3070983886719,297.1968994140625,297.1968994140625,2246.24365234375,2246.24365234375,2785.6240234375,2785.6240234375,1965.240966796875,1965.240966796875
19216,7,220,2,12,40,C1,pct_button,100,,,-18.01268458366394,False,False,False,-20.014474868774414,1.6381281614303589,7.308277606964111,7.368214130401611,495.3070983886719,495.3070983886719,297.1968994140625,297.1968994140625,2246.24365234375,2246.24365234375,2785.6240234375,2785.6240234375,1965.240966796875,1965.240966796875
19224,7,220,3,0,20,A1,pct_button,10,,,-7.944281339645386,False,False,False,1.6381281614303589,1.5902916193008423,7.368214130401611,2.3818490505218506,495.3070983886719,495.3070983886719,297.1968994140625,297.1968994140625,2246.24365234375,2246.24365234375,2785.6240234375,2785.6240234375,1965.240966796875,1965.240966796875
19232,7,220,4,12,40,C1,pct_button,100,,,0.7030519247055054,True,True,False,1.5902916193008423,19.68701171875,2.3818490505218506,27.296361923217773,495.3070983886719,482.4014587402344,297.1968994140625,213.50149536132812,2246.24365234375,2514.0361328125,2785.6240234375,1482.7581787109375,1965.240966796875,-2372.993896484375
