t,env_id,episode_id,step_in_ep,action_sub_idx,base_action_idx,target,type,pct,step,dir,reward,done,gate_ok,deviation_exploded,C1_before,C1_after,A1_before,A1_after,A2_before,A2_after,B2_before,B2_after,A3_before,A3_after,S3_before,S3_after,C3_before,C3_after
21536,1,200,-1,,,,,,,,,False,False,False,16.940017700195312,16.940017700195312,20.59212875366211,20.59212875366211,203.23599243164062,203.23599243164062,484.73638916015625,484.73638916015625,1458.2431640625,1458.2431640625,2100.044189453125,2100.044189453125,878.9457397460938,878.9457397460938
21536,1,200,0,3,23,A1,pct_button,50,,,34.063692502975464,False,False,False,16.940017700195312,13.842057228088379,20.59212875366211,6.860266208648682,203.23599243164062,203.23599243164062,484.73638916015625,484.73638916015625,1458.2431640625,1458.2431640625,2100.044189453125,2100.044189453125,878.9457397460938,878.9457397460938
21544,1,200,1,8,36,C1,pct_button,15,,,4.13612316131592,False,False,False,13.842057228088379,11.907283782958984,6.860266208648682,6.910152435302734,203.23599243164062,203.23599243164062,484.73638916015625,484.73638916015625,1458.2431640625,1458.2431640625,2100.044189453125,2100.044189453125,878.9457397460938,878.9457397460938
21552,1,200,2,4,24,A1,pct_button,100,,,13.918106453418732,False,False,False,11.907283782958984,10.2034912109375,6.910152435302734,1.7696229219436646,203.23599243164062,203.23599243164062,484.73638916015625,484.73638916015625,1458.2431640625,1458.2431640625,2100.044189453125,2100.044189453125,878.9457397460938,878.9457397460938
21560,1,200,3,12,40,C1,pct_button,100,,,23.48813574314117,True,True,False,10.2034912109375,-9.04161548614502,1.7696229219436646,27.73253631591797,203.23599243164062,239.4652862548828,484.73638916015625,495.2018127441406,1458.2431640625,2325.580810546875,2100.044189453125,1574.4154052734375,878.9457397460938,1311.46435546875
