t,env_id,episode_id,step_in_ep,action_sub_idx,base_action_idx,target,type,pct,step,dir,reward,done,gate_ok,deviation_exploded,C1_before,C1_after,A1_before,A1_after
45264,4,460,-1,,,,,,,,,False,False,False,-2.832892656326294,-2.832892656326294,34.16880798339844,34.16880798339844
45264,4,460,0,0,20,A1,pct_button,10,,,44.668448128700255,False,False,False,-2.832892656326294,-3.738940477371216,34.16880798339844,11.07164192199707
45272,4,460,1,1,21,A1,pct_button,20,,,11.500966176986696,False,False,False,-3.738940477371216,-4.027863502502441,11.07164192199707,5.118701457977295
45280,4,460,2,9,37,C1,pct_button,20,,,0.1729312992095957,False,False,False,-4.027863502502441,-4.027863502502441,5.118701457977295,5.118701457977295
45288,4,460,3,8,36,C1,pct_button,15,,,1.9498515558242795,False,False,False,-4.027863502502441,-3.37278151512146,5.118701457977295,4.876348972320557
45296,4,460,4,2,22,A1,pct_button,30,,,6.5904426407814025,False,False,False,-3.37278151512146,-3.8328685760498047,4.876348972320557,1.1660295724868774
45304,4,460,5,11,39,C1,pct_button,50,,,10.47849528670311,True,True,False,-3.8328685760498047,-2.6028335094451904,1.1660295724868774,8.231284141540527
