t,env_id,episode_id,step_in_ep,action_sub_idx,base_action_idx,target,type,pct,step,dir,reward,done,gate_ok,deviation_exploded,C1_before,C1_after,A1_before,A1_after,A2_before,A2_after,B2_before,B2_after,A3_before,A3_after,S3_before,S3_after,C3_before,C3_after
30688,2,380,-1,,,,,,,,,False,False,False,-8.522089958190918,-8.522089958190918,1.5969513654708862,1.5969513654708862,166.48458862304688,166.48458862304688,306.40838623046875,306.40838623046875,2812.36474609375,2812.36474609375,2895.64404296875,2895.64404296875,2763.136962890625,2763.136962890625
30688,2,380,0,1,21,A1,pct_button,20,,,-18.21177840232849,False,False,False,-8.522089958190918,-8.589658737182617,1.5969513654708862,0.5162304639816284,166.48458862304688,166.48458862304688,306.40838623046875,306.40838623046875,2812.36474609375,2812.36474609375,2895.64404296875,2895.64404296875,2763.136962890625,2763.136962890625
30696,2,380,1,1,21,A1,pct_button,20,,,-17.19138503074646,False,False,False,-8.589658737182617,-8.428815841674805,0.5162304639816284,0.1668766736984253,166.48458862304688,166.48458862304688,306.40838623046875,306.40838623046875,2812.36474609375,2812.36474609375,2895.64404296875,2895.64404296875,2763.136962890625,2763.136962890625
30704,2,380,2,12,40,C1,pct_button,100,,,2.7017201855778694,True,True,False,-8.428815841674805,-9.781984329223633,0.1668766736984253,11.36446475982666,166.48458862304688,205.18051147460938,306.40838623046875,282.7038879394531,2812.36474609375,2536.258056640625,2895.64404296875,2665.157958984375,2763.136962890625,-1947.58251953125
