t,env_id,episode_id,step_in_ep,action_sub_idx,base_action_idx,target,type,pct,step,dir,reward,done,gate_ok,deviation_exploded,C1_before,C1_after,A1_before,A1_after,A2_before,A2_after,B2_before,B2_after,A3_before,A3_after,S3_before,S3_after,C3_before,C3_after
50240,7,700,-1,,,,,,,,,False,False,False,-8.760714530944824,-8.760714530944824,21.540218353271484,21.540218353271484,489.8795471191406,489.8795471191406,282.1663513183594,282.1663513183594,1585.8319091796875,1585.8319091796875,2831.840087890625,2831.840087890625,-2479.256591796875,-2479.256591796875
50240,7,700,0,1,21,A1,pct_button,20,,,-33.440781593322754,False,False,False,-8.760714530944824,-9.757299423217773,21.540218353271484,6.9630913734436035,489.8795471191406,489.8795471191406,282.1663513183594,282.1663513183594,1585.8319091796875,1585.8319091796875,2831.840087890625,2831.840087890625,-2479.256591796875,-2479.256591796875
50248,7,700,1,12,40,C1,pct_button,100,,,-16.340532779693604,False,False,False,-9.757299423217773,-1.3371760845184326,6.9630913734436035,6.833090305328369,489.8795471191406,489.8795471191406,282.1663513183594,282.1663513183594,1585.8319091796875,1585.8319091796875,2831.840087890625,2831.840087890625,-2479.256591796875,-2479.256591796875
50256,7,700,2,12,40,C1,pct_button,100,,,-13.374810356646776,False,False,False,-1.3371760845184326,0.019781658425927162,6.833090305328369,6.667623519897461,489.8795471191406,489.8795471191406,282.1663513183594,282.1663513183594,1585.8319091796875,1585.8319091796875,2831.840087890625,2831.840087890625,-2479.256591796875,-2479.256591796875
50264,7,700,3,0,20,A1,pct_button,10,,,0.07995384931564331,True,True,False,0.019781658425927162,1.3312116861343384,6.667623519897461,45.36204528808594,489.8795471191406,333.98516845703125,282.1663513183594,348.0024719238281,1585.8319091796875,1435.0648193359375,2831.840087890625,2730.229736328125,-2479.256591796875,-2845.9541015625
