t,env_id,episode_id,step_in_ep,action_sub_idx,base_action_idx,target,type,pct,step,dir,reward,done,gate_ok,deviation_exploded,C1_before,C1_after,A1_before,A1_after,A2_before,A2_after,B2_before,B2_after,A3_before,A3_after,S3_before,S3_after,C3_before,C3_after
13640,1,130,-1,,,,,,,,,False,False,False,2.980940580368042,2.980940580368042,26.047773361206055,26.047773361206055,312.680419921875,312.680419921875,358.8822021484375,358.8822021484375,2647.59033203125,2647.59033203125,2774.4833984375,2774.4833984375,-2407.760498046875,-2407.760498046875
13640,1,130,0,9,37,C1,pct_button,20,,,2.0627199840545654,False,False,False,2.980940580368042,2.2936253547668457,26.047773361206055,25.98147964477539,312.680419921875,312.680419921875,358.8822021484375,358.8822021484375,2647.59033203125,2647.59033203125,2774.4833984375,2774.4833984375,-2407.760498046875,-2407.760498046875
13648,1,130,1,0,20,A1,pct_button,10,,,35.98705965518952,False,False,False,2.2936253547668457,2.065335512161255,25.98147964477539,8.315043449401855,312.680419921875,312.680419921875,358.8822021484375,358.8822021484375,2647.59033203125,2647.59033203125,2774.4833984375,2774.4833984375,-2407.760498046875,-2407.760498046875
13656,1,130,2,3,23,A1,pct_button,50,,,15.970502057075501,False,False,False,2.065335512161255,1.389495849609375,8.315043449401855,1.0247747898101807,312.680419921875,312.680419921875,358.8822021484375,358.8822021484375,2647.59033203125,2647.59033203125,2774.4833984375,2774.4833984375,-2407.760498046875,-2407.760498046875
13664,1,130,3,11,39,C1,pct_button,50,,,8.092425507605077,True,True,False,1.389495849609375,-19.257802963256836,1.0247747898101807,26.153013229370117,312.680419921875,406.46014404296875,358.8822021484375,260.80987548828125,2647.59033203125,2807.063720703125,2774.4833984375,2828.654296875,-2407.760498046875,2155.509033203125
