t,env_id,episode_id,step_in_ep,action_sub_idx,base_action_idx,target,type,pct,step,dir,reward,done,gate_ok,deviation_exploded,C1_before,C1_after,A1_before,A1_after
37064,6,370,-1,,,,,,,,,False,False,False,9.882226943969727,9.882226943969727,28.9451904296875,28.9451904296875
37064,6,370,0,11,39,C1,pct_button,50,,,10.603218431472774,False,False,False,9.882226943969727,5.583740711212158,28.9451904296875,28.27566146850586
37072,6,370,1,1,21,A1,pct_button,20,,,0.6671880435943558,False,False,False,5.583740711212158,5.583740711212158,28.27566146850586,28.27566146850586
37080,6,370,2,1,21,A1,pct_button,20,,,45.40783585548401,False,False,False,5.583740711212158,3.7029404640197754,28.27566146850586,7.560174942016602
37088,6,370,3,12,40,C1,pct_button,100,,,1.9135385307669652,False,False,False,3.7029404640197754,0.18722711503505707,7.560174942016602,10.218173027038574
37096,6,370,4,0,20,A1,pct_button,10,,,11.903891784250737,False,False,False,0.18722711503505707,-0.15611501038074493,10.218173027038574,4.337273120880127
37104,6,370,5,10,38,C1,pct_button,30,,,0.2693531346321103,False,False,False,-0.15611501038074493,0.15279966592788696,4.337273120880127,4.244888782501221
37112,6,370,6,1,21,A1,pct_button,20,,,10.313709397315979,True,True,False,0.15279966592788696,-12.627938270568848,4.244888782501221,16.30419921875
