t,env_id,episode_id,step_in_ep,action_sub_idx,base_action_idx,target,type,pct,step,dir,reward,done,gate_ok,deviation_exploded,C1_before,C1_after,A1_before,A1_after,A2_before,A2_after,B2_before,B2_after,A3_before,A3_after,S3_before,S3_after,C3_before,C3_after
30320,0,370,-1,,,,,,,,,False,False,False,19.406675338745117,19.406675338745117,14.24557876586914,14.24557876586914,268.175537109375,268.175537109375,159.3495635986328,159.3495635986328,1830.387451171875,1830.387451171875,1582.6593017578125,1582.6593017578125,-1730.9490966796875,-1730.9490966796875
30320,0,370,0,12,40,C1,pct_button,100,,,-38.94329643249512,False,False,False,19.406675338745117,5.708041191101074,14.24557876586914,13.763607025146484,268.175537109375,268.175537109375,159.3495635986328,159.3495635986328,1830.387451171875,1830.387451171875,1582.6593017578125,1582.6593017578125,-1730.9490966796875,-1730.9490966796875
30328,0,370,1,0,20,A1,pct_button,10,,,-19.606687545776367,False,False,False,5.708041191101074,5.354119777679443,13.763607025146484,4.44922399520874,268.175537109375,268.175537109375,159.3495635986328,159.3495635986328,1830.387451171875,1830.387451171875,1582.6593017578125,1582.6593017578125,-1730.9490966796875,-1730.9490966796875
30336,0,370,2,12,40,C1,pct_button,100,,,-9.219804495573044,False,False,False,5.354119777679443,0.15837465226650238,4.44922399520874,4.4515275955200195,268.175537109375,268.175537109375,159.3495635986328,159.3495635986328,1830.387451171875,1830.387451171875,1582.6593017578125,1582.6593017578125,-1730.9490966796875,-1730.9490966796875
30344,0,370,3,1,21,A1,pct_button,20,,,-9.219804495573044,False,False,False,0.15837465226650238,0.15837465226650238,4.4515275955200195,4.4515275955200195,268.175537109375,268.175537109375,159.3495635986328,159.3495635986328,1830.387451171875,1830.387451171875,1582.6593017578125,1582.6593017578125,-1730.9490966796875,-1730.9490966796875
30352,0,370,4,1,21,A1,pct_button,20,,,1.8947692811489105,True,True,False,0.15837465226650238,19.41172981262207,4.4515275955200195,46.736209869384766,268.175537109375,446.5404052734375,159.3495635986328,110.74390411376953,1830.387451171875,2980.672607421875,1582.6593017578125,1851.9547119140625,-1730.9490966796875,-2975.025634765625
