t,env_id,episode_id,step_in_ep,action_sub_idx,base_action_idx,target,type,pct,step,dir,reward,done,gate_ok,deviation_exploded,C1_before,C1_after,A1_before,A1_after,A2_before,A2_after,B2_before,B2_after,A3_before,A3_after,S3_before,S3_after,C3_before,C3_after
21736,5,250,-1,,,,,,,,,False,False,False,-12.353805541992188,-12.353805541992188,8.863131523132324,8.863131523132324,140.06822204589844,140.06822204589844,282.0167541503906,282.0167541503906,1216.8787841796875,1216.8787841796875,1700.351806640625,1700.351806640625,1812.2918701171875,1812.2918701171875
21736,5,250,0,3,23,A1,pct_button,50,,,-32.138293743133545,False,False,False,-12.353805541992188,-13.20405101776123,8.863131523132324,2.865095853805542,140.06822204589844,140.06822204589844,282.0167541503906,282.0167541503906,1216.8787841796875,1216.8787841796875,1700.351806640625,1700.351806640625,1812.2918701171875,1812.2918701171875
21744,5,250,1,2,22,A1,pct_button,30,,,-29.14069664478302,False,False,False,-13.20405101776123,-13.644177436828613,2.865095853805542,0.9261708855628967,140.06822204589844,140.06822204589844,282.0167541503906,282.0167541503906,1216.8787841796875,1216.8787841796875,1700.351806640625,1700.351806640625,1812.2918701171875,1812.2918701171875
21752,5,250,2,12,40,C1,pct_button,100,,,3.04003769159317,True,True,False,-13.644177436828613,18.505352020263672,0.9261708855628967,16.4735050201416,140.06822204589844,269.10040283203125,282.0167541503906,456.03192138671875,1216.8787841796875,2772.057373046875,1700.351806640625,1974.095947265625,1812.2918701171875,-1438.58544921875
