t,env_id,episode_id,step_in_ep,action_sub_idx,base_action_idx,target,type,pct,step,dir,reward,done,gate_ok,deviation_exploded,C1_before,C1_after,A1_before,A1_after
9056,4,80,-1,,,,,,,,,False,False,False,-5.666566371917725,-5.666566371917725,41.44041061401367,41.44041061401367
9056,4,80,0,3,23,A1,pct_button,50,,,55.160109539031986,False,False,False,-5.666566371917725,-6.958076477050781,41.44041061401367,12.76103687286377
9064,4,80,1,12,40,C1,pct_button,100,,,14.652776055336,False,False,False,-6.958076477050781,1.2772324085235596,12.76103687286377,11.235621452331543
9072,4,80,2,1,21,A1,pct_button,20,,,16.601890017986296,False,False,False,1.2772324085235596,1.231237769126892,11.235621452331543,3.018165111541748
9080,4,80,3,9,37,C1,pct_button,20,,,0.7775583553314209,False,False,False,1.231237769126892,0.9762828350067139,3.018165111541748,2.9182865619659424
9088,4,80,4,2,22,A1,pct_button,30,,,8.820997210741044,True,True,False,0.9762828350067139,-6.037203788757324,2.9182865619659424,32.9456787109375
