t,env_id,episode_id,step_in_ep,action_sub_idx,base_action_idx,target,type,pct,step,dir,reward,done,gate_ok,deviation_exploded,C1_before,C1_after,A1_before,A1_after,A2_before,A2_after,B2_before,B2_after,A3_before,A3_after,S3_before,S3_after,C3_before,C3_after
49808,6,370,-1,,,,,,,,,False,False,False,3.75742506980896,3.75742506980896,25.447622299194336,25.447622299194336,204.16441345214844,204.16441345214844,242.2960205078125,242.2960205078125,1900.3917236328125,1900.3917236328125,2295.17333984375,2295.17333984375,2051.227783203125,2051.227783203125
49808,6,370,0,1,21,A1,pct_button,20,,,41.09856269359589,False,False,False,3.75742506980896,2.064340353012085,25.447622299194336,6.673807144165039,204.16441345214844,204.16441345214844,242.2960205078125,242.2960205078125,1900.3917236328125,1900.3917236328125,2295.17333984375,2295.17333984375,2051.227783203125,2051.227783203125
49816,6,370,1,0,20,A1,pct_button,10,,,11.006440336704253,False,False,False,2.064340353012085,1.9375343322753906,6.673807144165039,1.3250185251235962,204.16441345214844,204.16441345214844,242.2960205078125,242.2960205078125,1900.3917236328125,1900.3917236328125,2295.17333984375,2295.17333984375,2051.227783203125,2051.227783203125
49824,6,370,2,4,24,A1,pct_button,100,,,7.814061880111694,True,True,False,1.9375343322753906,9.188704490661621,1.3250185251235962,15.944806098937988,204.16441345214844,386.6856384277344,242.2960205078125,430.89752197265625,1900.3917236328125,2699.1513671875,2295.17333984375,2298.20458984375,2051.227783203125,1545.3245849609375
