t,env_id,episode_id,step_in_ep,action_sub_idx,base_action_idx,target,type,pct,step,dir,reward,done,gate_ok,deviation_exploded,C1_before,C1_after,A1_before,A1_after,A2_before,A2_after,B2_before,B2_after,A3_before,A3_after,S3_before,S3_after,C3_before,C3_after
15088,0,150,-1,,,,,,,,,False,False,False,-6.337109565734863,-6.337109565734863,31.96637725830078,31.96637725830078,359.350341796875,359.350341796875,312.2114562988281,312.2114562988281,2588.387451171875,2588.387451171875,2234.4091796875,2234.4091796875,1601.8116455078125,1601.8116455078125
15088,0,150,0,12,40,C1,pct_button,100,,,-69.96139574050903,False,False,False,-6.337109565734863,1.3141520023345947,31.96637725830078,33.66654586791992,359.350341796875,359.350341796875,312.2114562988281,312.2114562988281,2588.387451171875,2588.387451171875,2234.4091796875,2234.4091796875,1601.8116455078125,1601.8116455078125
15096,0,150,1,2,22,A1,pct_button,30,,,-27.085927486419678,False,False,False,1.3141520023345947,-2.659916639328003,33.66654586791992,10.883047103881836,359.350341796875,359.350341796875,312.2114562988281,312.2114562988281,2588.387451171875,2588.387451171875,2234.4091796875,2234.4091796875,1601.8116455078125,1601.8116455078125
15104,0,150,2,4,24,A1,pct_button,100,,,-19.47410011291504,False,False,False,-2.659916639328003,-6.218996047973633,10.883047103881836,3.5180540084838867,359.350341796875,359.350341796875,312.2114562988281,312.2114562988281,2588.387451171875,2588.387451171875,2234.4091796875,2234.4091796875,1601.8116455078125,1601.8116455078125
15112,0,150,3,4,24,A1,pct_button,100,,,-19.47410011291504,False,False,False,-6.218996047973633,-6.218996047973633,3.5180540084838867,3.5180540084838867,359.350341796875,359.350341796875,312.2114562988281,312.2114562988281,2588.387451171875,2588.387451171875,2234.4091796875,2234.4091796875,1601.8116455078125,1601.8116455078125
15120,0,150,4,12,40,C1,pct_button,100,,,0.2282385528087616,True,True,False,-6.218996047973633,0.3790171146392822,3.5180540084838867,7.3090128898620605,359.350341796875,481.1506652832031,312.2114562988281,357.5238952636719,2588.387451171875,1036.7607421875,2234.4091796875,2817.22021484375,1601.8116455078125,2047.654541015625
