t,env_id,episode_id,step_in_ep,action_sub_idx,base_action_idx,target,type,pct,step,dir,reward,done,gate_ok,deviation_exploded,C1_before,C1_after,A1_before,A1_after,A2_before,A2_after,B2_before,B2_after,A3_before,A3_after,S3_before,S3_after,C3_before,C3_after
7440,3,70,-1,,,,,,,,,False,False,False,15.06429386138916,15.06429386138916,23.507755279541016,23.507755279541016,297.4183349609375,297.4183349609375,321.2347717285156,321.2347717285156,2577.7724609375,2577.7724609375,1781.5814208984375,1781.5814208984375,-2059.179931640625,-2059.179931640625
7440,3,70,0,2,22,A1,pct_button,30,,,-41.926950454711914,False,False,False,15.06429386138916,13.364357948303223,23.507755279541016,7.599117279052734,297.4183349609375,297.4183349609375,321.2347717285156,321.2347717285156,2577.7724609375,2577.7724609375,1781.5814208984375,1781.5814208984375,-2059.179931640625,-2059.179931640625
7448,3,70,1,11,39,C1,pct_button,50,,,-24.046896934509277,False,False,False,13.364357948303223,5.089532852172852,7.599117279052734,6.933915615081787,297.4183349609375,297.4183349609375,321.2347717285156,321.2347717285156,2577.7724609375,2577.7724609375,1781.5814208984375,1781.5814208984375,-2059.179931640625,-2059.179931640625
7456,3,70,2,11,39,C1,pct_button,50,,,-20.204096794128418,False,False,False,5.089532852172852,2.7905826568603516,6.933915615081787,7.311465740203857,297.4183349609375,297.4183349609375,321.2347717285156,321.2347717285156,2577.7724609375,2577.7724609375,1781.5814208984375,1781.5814208984375,-2059.179931640625,-2059.179931640625
7464,3,70,3,1,21,A1,pct_button,20,,,-10.189334869384766,False,False,False,2.7905826568603516,2.7311630249023438,7.311465740203857,2.363504409790039,297.4183349609375,297.4183349609375,321.2347717285156,321.2347717285156,2577.7724609375,2577.7724609375,1781.5814208984375,1781.5814208984375,-2059.179931640625,-2059.179931640625
7472,3,70,4,12,40,C1,pct_button,100,,,-1.2734782695770264,True,True,False,2.7311630249023438,-1.3158806562423706,2.363504409790039,3.661160707473755,297.4183349609375,216.9393768310547,321.2347717285156,384.8782653808594,2577.7724609375,1759.137451171875,1781.5814208984375,1280.6881103515625,-2059.179931640625,2815.73486328125
