t,env_id,episode_id,step_in_ep,action_sub_idx,base_action_idx,target,type,pct,step,dir,reward,done,gate_ok,deviation_exploded,C1_before,C1_after,A1_before,A1_after,A2_before,A2_after,B2_before,B2_after,A3_before,A3_after,S3_before,S3_after,C3_before,C3_after
5296,7,40,-1,,,,,,,,,False,False,False,-1.8091022968292236,-1.8091022968292236,3.0170388221740723,3.0170388221740723,323.200439453125,323.200439453125,181.13372802734375,181.13372802734375,2789.837890625,2789.837890625,1136.71630859375,1136.71630859375,-2814.419921875,-2814.419921875
5296,7,40,0,7,35,C1,pct_button,10,,,0.8682437133789056,False,False,False,-1.8091022968292236,-1.5393028259277344,3.0170388221740723,2.8920297622680664,323.200439453125,323.200439453125,181.13372802734375,181.13372802734375,2789.837890625,2789.837890625,1136.71630859375,1136.71630859375,-2814.419921875,-2814.419921875
5304,7,40,1,10,38,C1,pct_button,30,,,0.8020746636390681,False,False,False,-1.5393028259277344,-1.0028685331344604,2.8920297622680664,3.0630862712860107,323.200439453125,323.200439453125,181.13372802734375,181.13372802734375,2789.837890625,2789.837890625,1136.71630859375,1136.71630859375,-2814.419921875,-2814.419921875
5312,7,40,2,11,39,C1,pct_button,50,,,2.306416364610196,False,False,False,-1.0028685331344604,-0.15265987813472748,3.0630862712860107,2.7844579219818115,323.200439453125,323.200439453125,181.13372802734375,181.13372802734375,2789.837890625,2789.837890625,1136.71630859375,1136.71630859375,-2814.419921875,-2814.419921875
5320,7,40,3,7,35,C1,pct_button,10,,,0.1743637989461424,False,False,False,-0.15265987813472748,0.09637274593114853,2.7844579219818115,2.7772998809814453,323.200439453125,323.200439453125,181.13372802734375,181.13372802734375,2789.837890625,2789.837890625,1136.71630859375,1136.71630859375,-2814.419921875,-2814.419921875
5328,7,40,4,6,34,C1,pct_button,5,,,-0.024192593395709887,False,False,False,0.09637274593114853,0.09518153965473175,2.7772998809814453,2.8146860599517822,323.200439453125,323.200439453125,181.13372802734375,181.13372802734375,2789.837890625,2789.837890625,1136.71630859375,1136.71630859375,-2814.419921875,-2814.419921875
5336,7,40,5,1,21,A1,pct_button,20,,,5.377630761265755,True,True,False,0.09518153965473175,-12.921244621276855,2.8146860599517822,3.0478742122650146,323.200439453125,190.484130859375,181.13372802734375,470.3427429199219,2789.837890625,1348.2745361328125,1136.71630859375,1349.716064453125,-2814.419921875,-2196.28857421875
