t,env_id,episode_id,step_in_ep,action_sub_idx,base_action_idx,target,type,pct,step,dir,reward,done,gate_ok,deviation_exploded,C1_before,C1_after,A1_before,A1_after,A2_before,A2_after,B2_before,B2_after,A3_before,A3_after,S3_before,S3_after,C3_before,C3_after
11920,6,110,-1,,,,,,,,,False,False,False,6.439735412597656,6.439735412597656,22.573808670043945,22.573808670043945,353.86846923828125,353.86846923828125,152.49017333984375,152.49017333984375,1798.77880859375,1798.77880859375,2948.814208984375,2948.814208984375,-2293.110595703125,-2293.110595703125
11920,6,110,0,5,33,C1,pct_button,1,,,0.7318836307525609,False,False,False,6.439735412597656,6.360113620758057,22.573808670043945,22.571807861328125,353.86846923828125,353.86846923828125,152.49017333984375,152.49017333984375,1798.77880859375,1798.77880859375,2948.814208984375,2948.814208984375,-2293.110595703125,-2293.110595703125
11928,6,110,1,10,38,C1,pct_button,30,,,5.890485124588016,False,False,False,6.360113620758057,4.148619174957275,22.571807861328125,22.095500946044922,353.86846923828125,353.86846923828125,152.49017333984375,152.49017333984375,1798.77880859375,1798.77880859375,2948.814208984375,2948.814208984375,-2293.110595703125,-2293.110595703125
11936,6,110,2,0,20,A1,pct_button,10,,,35.325605301856996,False,False,False,4.148619174957275,3.518153429031372,22.095500946044922,5.144793510437012,353.86846923828125,353.86846923828125,152.49017333984375,152.49017333984375,1798.77880859375,1798.77880859375,2948.814208984375,2948.814208984375,-2293.110595703125,-2293.110595703125
11944,6,110,3,4,24,A1,pct_button,100,,,20.35588451683521,True,True,False,3.518153429031372,11.676445960998535,5.144793510437012,20.6905574798584,353.86846923828125,214.04844665527344,152.49017333984375,177.65916442871094,1798.77880859375,2734.937255859375,2948.814208984375,1494.13037109375,-2293.110595703125,2584.662353515625
