t,env_id,episode_id,step_in_ep,action_sub_idx,base_action_idx,target,type,pct,step,dir,reward,done,gate_ok,deviation_exploded,C1_before,C1_after,A1_before,A1_after,A2_before,A2_after,B2_before,B2_after,A3_before,A3_after,S3_before,S3_after,C3_before,C3_after
31080,5,390,-1,,,,,,,,,False,False,False,-14.30215835571289,-14.30215835571289,19.258243560791016,19.258243560791016,121.8881607055664,121.8881607055664,135.27615356445312,135.27615356445312,1701.32568359375,1701.32568359375,2624.069580078125,2624.069580078125,-2193.068359375,-2193.068359375
31080,5,390,0,0,20,A1,pct_button,10,,,-41.82476806640625,False,False,False,-14.30215835571289,-14.68696403503418,19.258243560791016,6.225419998168945,121.8881607055664,121.8881607055664,135.27615356445312,135.27615356445312,1701.32568359375,1701.32568359375,2624.069580078125,2624.069580078125,-2193.068359375,-2193.068359375
31088,5,390,1,1,21,A1,pct_button,20,,,-34.689537048339844,False,False,False,-14.68696403503418,-15.3323392868042,6.225419998168945,2.0124292373657227,121.8881607055664,121.8881607055664,135.27615356445312,135.27615356445312,1701.32568359375,1701.32568359375,2624.069580078125,2624.069580078125,-2193.068359375,-2193.068359375
31096,5,390,2,12,40,C1,pct_button,100,,,-1.7335515022277832,True,True,False,-15.3323392868042,-17.589998245239258,2.0124292373657227,22.464357376098633,121.8881607055664,168.86512756347656,135.27615356445312,198.23805236816406,1701.32568359375,2817.612060546875,2624.069580078125,2362.983154296875,-2193.068359375,-2312.598876953125
