t,env_id,episode_id,step_in_ep,action_sub_idx,base_action_idx,target,type,pct,step,dir,reward,done,gate_ok,deviation_exploded,C1_before,C1_after,A1_before,A1_after,A2_before,A2_after,B2_before,B2_after,A3_before,A3_after,S3_before,S3_after,C3_before,C3_after
25120,5,310,-1,,,,,,,,,False,False,False,-1.4190750122070312,-1.4190750122070312,11.802362442016602,11.802362442016602,145.80490112304688,145.80490112304688,138.69190979003906,138.69190979003906,2970.859619140625,2970.859619140625,1786.5555419921875,1786.5555419921875,-1290.2459716796875,-1290.2459716796875
25120,5,310,0,2,22,A1,pct_button,30,,,-12.062069416046143,False,False,False,-1.4190750122070312,-2.2158029079437256,11.802362442016602,3.8152318000793457,145.80490112304688,145.80490112304688,138.69190979003906,138.69190979003906,2970.859619140625,2970.859619140625,1786.5555419921875,1786.5555419921875,-1290.2459716796875,-1290.2459716796875
25128,5,310,1,12,40,C1,pct_button,100,,,-12.062069416046143,False,False,False,-2.2158029079437256,-2.2158029079437256,3.8152318000793457,3.8152318000793457,145.80490112304688,145.80490112304688,138.69190979003906,138.69190979003906,2970.859619140625,2970.859619140625,1786.5555419921875,1786.5555419921875,-1290.2459716796875,-1290.2459716796875
25136,5,310,2,12,40,C1,pct_button,100,,,-11.00367784500122,False,False,False,-2.2158029079437256,1.013972520828247,3.8152318000793457,4.487866401672363,145.80490112304688,145.80490112304688,138.69190979003906,138.69190979003906,2970.859619140625,2970.859619140625,1786.5555419921875,1786.5555419921875,-1290.2459716796875,-1290.2459716796875
25144,5,310,3,5,33,C1,pct_button,1,,,-10.978488564491272,False,False,False,1.013972520828247,0.9904678463935852,4.487866401672363,4.498776435852051,145.80490112304688,145.80490112304688,138.69190979003906,138.69190979003906,2970.859619140625,2970.859619140625,1786.5555419921875,1786.5555419921875,-1290.2459716796875,-1290.2459716796875
25152,5,310,4,1,21,A1,pct_button,20,,,1.0110554695129395,True,True,False,0.9904678463935852,-18.110618591308594,4.498776435852051,7.888250827789307,145.80490112304688,178.4107666015625,138.69190979003906,487.197265625,2970.859619140625,1117.1326904296875,1786.5555419921875,2841.646240234375,-1290.2459716796875,2109.089599609375
