t,env_id,episode_id,step_in_ep,action_sub_idx,base_action_idx,target,type,pct,step,dir,reward,done,gate_ok,deviation_exploded,C1_before,C1_after,A1_before,A1_after,A2_before,A2_after,B2_before,B2_after,A3_before,A3_after,S3_before,S3_after,C3_before,C3_after
17440,1,170,-1,,,,,,,,,False,False,False,0.707909107208252,0.707909107208252,8.439743995666504,8.439743995666504,214.64309692382812,214.64309692382812,227.5610809326172,227.5610809326172,1760.613037109375,1760.613037109375,2773.2265625,2773.2265625,2501.226806640625,2501.226806640625
17440,1,170,0,6,34,C1,pct_button,5,,,0.13452371239662297,False,False,False,0.707909107208252,0.6911812424659729,8.439743995666504,8.47588062286377,214.64309692382812,214.64309692382812,227.5610809326172,227.5610809326172,1760.613037109375,1760.613037109375,2773.2265625,2773.2265625,2501.226806640625,2501.226806640625
17448,1,170,1,0,20,A1,pct_button,10,,,18.809023827314377,True,True,False,0.6911812424659729,14.13312816619873,8.47588062286377,18.207279205322266,214.64309692382812,285.0186767578125,227.5610809326172,348.3694763183594,1760.613037109375,1319.505126953125,2773.2265625,2966.35107421875,2501.226806640625,-1538.626708984375
