t,env_id,episode_id,step_in_ep,action_sub_idx,base_action_idx,target,type,pct,step,dir,reward,done,gate_ok,deviation_exploded,C1_before,C1_after,A1_before,A1_after,A2_before,A2_after,B2_before,B2_after,A3_before,A3_after,S3_before,S3_after,C3_before,C3_after
26800,1,320,-1,,,,,,,,,False,False,False,-1.8991106748580933,-1.8991106748580933,43.10778045654297,43.10778045654297,172.55038452148438,172.55038452148438,380.2091979980469,380.2091979980469,1755.1051025390625,1755.1051025390625,1830.8558349609375,1830.8558349609375,-2403.74169921875,-2403.74169921875
26800,1,320,0,2,22,A1,pct_button,30,,,-36.97791767120361,False,False,False,-1.8991106748580933,-4.553938388824463,43.10778045654297,13.935020446777344,172.55038452148438,172.55038452148438,380.2091979980469,380.2091979980469,1755.1051025390625,1755.1051025390625,1830.8558349609375,1830.8558349609375,-2403.74169921875,-2403.74169921875
26808,1,320,1,1,21,A1,pct_button,20,,,-18.48036766052246,False,False,False,-4.553938388824463,-4.735548973083496,13.935020446777344,4.504634857177734,172.55038452148438,172.55038452148438,380.2091979980469,380.2091979980469,1755.1051025390625,1755.1051025390625,1830.8558349609375,1830.8558349609375,-2403.74169921875,-2403.74169921875
26816,1,320,2,3,23,A1,pct_button,50,,,-12.588072061538696,False,False,False,-4.735548973083496,-4.837867736816406,4.504634857177734,1.456168293952942,172.55038452148438,172.55038452148438,380.2091979980469,380.2091979980469,1755.1051025390625,1755.1051025390625,1830.8558349609375,1830.8558349609375,-2403.74169921875,-2403.74169921875
26824,1,320,3,3,23,A1,pct_button,50,,,-11.850418448448181,False,False,False,-4.837867736816406,-5.454488277435303,1.456168293952942,0.47072094678878784,172.55038452148438,172.55038452148438,380.2091979980469,380.2091979980469,1755.1051025390625,1755.1051025390625,1830.8558349609375,1830.8558349609375,-2403.74169921875,-2403.74169921875
26832,1,320,4,12,40,C1,pct_button,100,,,3.6808107495307922,True,True,False,-5.454488277435303,-10.90696907043457,0.47072094678878784,40.91044998168945,172.55038452148438,182.049560546875,380.2091979980469,200.4601287841797,1755.1051025390625,2781.7001953125,1830.8558349609375,2268.981689453125,-2403.74169921875,970.4385375976562
