t,env_id,episode_id,step_in_ep,action_sub_idx,base_action_idx,target,type,pct,step,dir,reward,done,gate_ok,deviation_exploded,C1_before,C1_after,A1_before,A1_after,A2_before,A2_after,B2_before,B2_after,A3_before,A3_after,S3_before,S3_after,C3_before,C3_after
49920,0,690,-1,,,,,,,,,False,False,False,-10.311203956604004,-10.311203956604004,18.425634384155273,18.425634384155273,431.6904296875,431.6904296875,168.67027282714844,168.67027282714844,2912.117919921875,2912.117919921875,2359.800048828125,2359.800048828125,-2277.80615234375,-2277.80615234375
49920,0,690,0,1,21,A1,pct_button,20,,,-33.548330307006836,False,False,False,-10.311203956604004,-10.81789493560791,18.425634384155273,5.956270217895508,431.6904296875,431.6904296875,168.67027282714844,168.67027282714844,2912.117919921875,2912.117919921875,2359.800048828125,2359.800048828125,-2277.80615234375,-2277.80615234375
49928,0,690,1,12,40,C1,pct_button,100,,,-16.22602081298828,False,False,False,-10.81789493560791,-2.7598276138305664,5.956270217895508,5.353182792663574,431.6904296875,431.6904296875,168.67027282714844,168.67027282714844,2912.117919921875,2912.117919921875,2359.800048828125,2359.800048828125,-2277.80615234375,-2277.80615234375
49936,0,690,2,12,40,C1,pct_button,100,,,-10.29825735092163,False,False,False,-2.7598276138305664,-1.398796796798706,5.353182792663574,3.7503318786621094,431.6904296875,431.6904296875,168.67027282714844,168.67027282714844,2912.117919921875,2912.117919921875,2359.800048828125,2359.800048828125,-2277.80615234375,-2277.80615234375
49944,0,690,3,12,40,C1,pct_button,100,,,-7.853416681289673,False,False,False,-1.398796796798706,-0.30253517627716064,3.7503318786621094,3.624173164367676,431.6904296875,431.6904296875,168.67027282714844,168.67027282714844,2912.117919921875,2912.117919921875,2359.800048828125,2359.800048828125,-2277.80615234375,-2277.80615234375
49952,0,690,4,0,20,A1,pct_button,10,,,1.9560338258743286,True,True,False,-0.30253517627716064,-7.064452171325684,3.624173164367676,45.992820739746094,431.6904296875,387.3067321777344,168.67027282714844,486.3434753417969,2912.117919921875,2429.890380859375,2359.800048828125,1797.73486328125,-2277.80615234375,-2195.607666015625
