t,env_id,episode_id,step_in_ep,action_sub_idx,base_action_idx,target,type,pct,step,dir,reward,done,gate_ok,deviation_exploded,C1_before,C1_after,A1_before,A1_after,A2_before,A2_after,B2_before,B2_after,A3_before,A3_after,S3_before,S3_after,C3_before,C3_after
7480,5,70,-1,,,,,,,,,False,False,False,-4.015078544616699,-4.015078544616699,41.826873779296875,41.826873779296875,280.9872741699219,280.9872741699219,430.521728515625,430.521728515625,1175.5762939453125,1175.5762939453125,1049.5823974609375,1049.5823974609375,-1115.6722412109375,-1115.6722412109375
7480,5,70,0,1,21,A1,pct_button,20,,,-39.40862274169922,False,False,False,-4.015078544616699,-6.183356285095215,41.826873779296875,13.520955085754395,280.9872741699219,280.9872741699219,430.521728515625,430.521728515625,1175.5762939453125,1175.5762939453125,1049.5823974609375,1049.5823974609375,-1115.6722412109375,-1115.6722412109375
7488,5,70,1,1,21,A1,pct_button,20,,,-22.705601692199707,False,False,False,-6.183356285095215,-6.9820170402526855,13.520955085754395,4.370783805847168,280.9872741699219,280.9872741699219,430.521728515625,430.521728515625,1175.5762939453125,1175.5762939453125,1049.5823974609375,1049.5823974609375,-1115.6722412109375,-1115.6722412109375
7496,5,70,2,1,21,A1,pct_button,20,,,-17.285484552383423,False,False,False,-6.9820170402526855,-7.229842662811279,4.370783805847168,1.4128996133804321,280.9872741699219,280.9872741699219,430.521728515625,430.521728515625,1175.5762939453125,1175.5762939453125,1049.5823974609375,1049.5823974609375,-1115.6722412109375,-1115.6722412109375
7504,5,70,3,12,40,C1,pct_button,100,,,-0.1377449631690979,True,True,False,-7.229842662811279,-8.719449043273926,1.4128996133804321,49.370914459228516,280.9872741699219,314.4512634277344,430.521728515625,469.6758117675781,1175.5762939453125,1757.9844970703125,1049.5823974609375,1529.8526611328125,-1115.6722412109375,-1507.560546875
