t,env_id,episode_id,step_in_ep,action_sub_idx,base_action_idx,target,type,pct,step,dir,reward,done,gate_ok,deviation_exploded,C1_before,C1_after,A1_before,A1_after
48888,1,110,-1,,,,,,,,,False,False,False,9.707486152648926,9.707486152648926,0.1177014708518982,0.1177014708518982
48888,1,110,0,0,20,A1,pct_button,10,,,-0.010364922881125551,False,False,False,9.707486152648926,9.69124698638916,0.1177014708518982,0.23336926102638245
48896,1,110,1,11,39,C1,pct_button,50,,,-10.07291710615158,False,False,False,9.69124698638916,9.61329460144043,0.23336926102638245,5.493851661682129
48904,1,110,2,8,36,C1,pct_button,15,,,5.3456591129302975,False,False,False,9.61329460144043,4.701936721801758,5.493851661682129,7.852928638458252
48912,1,110,3,11,39,C1,pct_button,50,,,16.003397617340088,False,False,False,4.701936721801758,2.5118746757507324,7.852928638458252,2.08223295211792
48920,1,110,4,10,38,C1,pct_button,30,,,11.832547351121903,True,True,False,2.5118746757507324,-9.713473320007324,2.08223295211792,16.260520935058594
