t,env_id,episode_id,step_in_ep,action_sub_idx,base_action_idx,target,type,pct,step,dir,reward,done,gate_ok,deviation_exploded,C1_before,C1_after,A1_before,A1_after
21936,0,210,-1,,,,,,,,,False,False,False,0.6500568389892578,0.6500568389892578,40.63515853881836,40.63515853881836
21936,0,210,0,0,20,A1,pct_button,10,,,57.74740493212827,False,False,False,0.6500568389892578,-0.005067307967692614,40.63515853881836,12.526763916015625
21944,0,210,1,5,33,C1,pct_button,1,,,0.24836784159764647,False,False,False,-0.005067307967692614,0.012982492335140705,12.526763916015625,12.514944076538086
21952,0,210,2,0,20,A1,pct_button,10,,,16.88658758111298,False,False,False,0.012982492335140705,-0.20831696689128876,12.514944076538086,3.9125242233276367
21960,0,210,3,4,24,A1,pct_button,100,,,12.430144853144885,True,True,False,-0.20831696689128876,9.123709678649902,3.9125242233276367,0.8640419840812683
