t,env_id,episode_id,step_in_ep,action_sub_idx,base_action_idx,target,type,pct,step,dir,reward,done,gate_ok,deviation_exploded,C1_before,C1_after,A1_before,A1_after,A2_before,A2_after,B2_before,B2_after,A3_before,A3_after,S3_before,S3_after,C3_before,C3_after
7488,6,70,-1,,,,,,,,,False,False,False,6.195218086242676,6.195218086242676,6.448348522186279,6.448348522186279,182.163330078125,182.163330078125,203.05810546875,203.05810546875,2833.06298828125,2833.06298828125,1326.0067138671875,1326.0067138671875,-1556.4530029296875,-1556.4530029296875
7488,6,70,0,3,23,A1,pct_button,50,,,-14.418500900268555,False,False,False,6.195218086242676,5.124757289886475,6.448348522186279,2.0844931602478027,182.163330078125,182.163330078125,203.05810546875,203.05810546875,2833.06298828125,2833.06298828125,1326.0067138671875,1326.0067138671875,-1556.4530029296875,-1556.4530029296875
7496,6,70,1,10,38,C1,pct_button,30,,,-11.688899517059326,False,False,False,5.124757289886475,3.7719202041625977,2.0844931602478027,2.0725295543670654,182.163330078125,182.163330078125,203.05810546875,203.05810546875,2833.06298828125,2833.06298828125,1326.0067138671875,1326.0067138671875,-1556.4530029296875,-1556.4530029296875
7504,6,70,2,12,40,C1,pct_button,100,,,0.6223918497562408,True,True,False,3.7719202041625977,7.905508995056152,2.0725295543670654,23.50676918029785,182.163330078125,114.2895278930664,203.05810546875,110.18649291992188,2833.06298828125,1690.6378173828125,1326.0067138671875,2425.779541015625,-1556.4530029296875,-2466.62890625
