t,env_id,episode_id,step_in_ep,action_sub_idx,base_action_idx,target,type,pct,step,dir,reward,done,gate_ok,deviation_exploded,C1_before,C1_after,A1_before,A1_after,A2_before,A2_after,B2_before,B2_after,A3_before,A3_after,S3_before,S3_after,C3_before,C3_after
6008,5,50,-1,,,,,,,,,False,False,False,-11.320838928222656,-11.320838928222656,23.50369644165039,23.50369644165039,433.4216613769531,433.4216613769531,133.8090057373047,133.8090057373047,1604.7462158203125,1604.7462158203125,2345.4951171875,2345.4951171875,1969.4210205078125,1969.4210205078125
6008,5,50,0,1,21,A1,pct_button,20,,,29.024402313232418,False,False,False,-11.320838928222656,-12.453603744506836,23.50369644165039,8.058855056762695,433.4216613769531,433.4216613769531,133.8090057373047,133.8090057373047,1604.7462158203125,1604.7462158203125,2345.4951171875,2345.4951171875,1969.4210205078125,1969.4210205078125
6016,5,50,1,0,20,A1,pct_button,10,,,13.432575457096101,False,False,False,-12.453603744506836,-12.602410316467285,8.058855056762695,1.3280655145645142,433.4216613769531,433.4216613769531,133.8090057373047,133.8090057373047,1604.7462158203125,1604.7462158203125,2345.4951171875,2345.4951171875,1969.4210205078125,1969.4210205078125
6024,5,50,2,12,40,C1,pct_button,100,,,16.49432913303375,False,False,False,-12.602410316467285,-3.6229043006896973,1.3280655145645142,2.1127636432647705,433.4216613769531,433.4216613769531,133.8090057373047,133.8090057373047,1604.7462158203125,1604.7462158203125,2345.4951171875,2345.4951171875,1969.4210205078125,1969.4210205078125
6032,5,50,3,12,40,C1,pct_button,100,,,12.250301862955094,True,True,False,-3.6229043006896973,-17.75963592529297,2.1127636432647705,15.758413314819336,433.4216613769531,187.41876220703125,133.8090057373047,130.5340118408203,1604.7462158203125,1087.1959228515625,2345.4951171875,1486.4483642578125,1969.4210205078125,-2988.26953125
