t,env_id,episode_id,step_in_ep,action_sub_idx,base_action_idx,target,type,pct,step,dir,reward,done,gate_ok,deviation_exploded,C1_before,C1_after,A1_before,A1_after
43688,4,360,-1,,,,,,,,,False,False,False,8.418167114257812,8.418167114257812,34.098758697509766,34.098758697509766
43688,4,360,0,4,24,A1,pct_button,100,,,26.94894115447998,False,False,False,8.418167114257812,-5.300235748291016,34.098758697509766,24.030527114868164
43696,4,360,1,2,22,A1,pct_button,30,,,19.079364566802976,False,False,False,-5.300235748291016,-8.294896125793457,24.030527114868164,11.691043853759766
43704,4,360,2,2,22,A1,pct_button,30,,,0.3897187995910636,False,False,False,-8.294896125793457,-8.294896125793457,11.691043853759766,11.691043853759766
43712,4,360,3,3,23,A1,pct_button,50,,,13.25403886795044,False,False,False,-8.294896125793457,-10.63097858428955,11.691043853759766,2.857830047607422
43720,4,360,4,3,23,A1,pct_button,50,,,2.285214445590972,False,False,False,-10.63097858428955,-11.302727699279785,2.857830047607422,1.1631323099136353
43728,4,360,5,12,40,C1,pct_button,100,,,16.546415751576422,False,False,False,-11.302727699279785,-0.33067587018013,1.1631323099136353,3.899275779724121
43736,4,360,6,2,22,A1,pct_button,30,,,8.119620145559312,True,True,False,-0.33067587018013,-13.858451843261719,3.899275779724121,25.7587890625
