t,env_id,episode_id,step_in_ep,action_sub_idx,base_action_idx,target,type,pct,step,dir,reward,done,gate_ok,deviation_exploded,C1_before,C1_after,A1_before,A1_after
8152,3,60,-1,,,,,,,,,False,False,False,7.291111946105957,7.291111946105957,14.010662078857422,14.010662078857422
8152,3,60,0,7,35,C1,pct_button,10,,,0.9084211635589605,False,False,False,7.291111946105957,6.85446310043335,14.010662078857422,14.198631286621094
8160,3,60,1,1,21,A1,pct_button,20,,,7.143320770263669,False,False,False,6.85446310043335,6.388989448547363,14.198631286621094,11.2639741897583
8168,3,60,2,12,40,C1,pct_button,100,,,11.852098650932314,False,False,False,6.388989448547363,2.375121831893921,11.2639741897583,9.465195655822754
8176,3,60,3,7,35,C1,pct_button,10,,,0.23830264091491826,False,False,False,2.375121831893921,2.3389601707458496,9.465195655822754,9.495551109313965
8184,3,60,4,10,38,C1,pct_button,30,,,1.4378190469741818,False,False,False,2.3389601707458496,1.6827366352081299,9.495551109313965,9.540093421936035
8192,3,60,5,7,35,C1,pct_button,10,,,0.214456601142883,False,False,False,1.6827366352081299,1.6827366352081299,9.540093421936035,9.540093421936035
8200,3,60,6,1,21,A1,pct_button,20,,,4.4876074433326725,False,False,False,1.6827366352081299,1.1980048418045044,9.540093421936035,7.866668224334717
8208,3,60,7,4,24,A1,pct_button,100,,,21.670297725647686,True,True,False,1.1980048418045044,3.455320358276367,7.866668224334717,9.53171157836914
