t,env_id,episode_id,step_in_ep,action_sub_idx,base_action_idx,target,type,pct,step,dir,reward,done,gate_ok,deviation_exploded,C1_before,C1_after,A1_before,A1_after
40800,5,390,-1,,,,,,,,,False,False,False,-2.1536874771118164,-2.1536874771118164,14.929946899414062,14.929946899414062
40800,5,390,0,1,21,A1,pct_button,20,,,21.044356789588928,False,False,False,-2.1536874771118164,-2.6167514324188232,14.929946899414062,4.005931377410889
40808,5,390,1,7,35,C1,pct_button,10,,,0.3972793579101557,False,False,False,-2.6167514324188232,-2.3933401107788086,4.005931377410889,4.090541839599609
40816,5,390,2,6,34,C1,pct_button,5,,,0.19761619567871036,False,False,False,-2.3933401107788086,-2.376796245574951,4.090541839599609,4.067722797393799
40824,5,390,3,0,20,A1,pct_button,10,,,3.622489557266235,False,False,False,-2.376796245574951,-2.442397356033325,4.067722797393799,2.2326271533966064
40832,5,390,4,12,40,C1,pct_button,100,,,1.331055083274842,False,False,False,-2.442397356033325,0.47817015647888184,2.2326271533966064,3.5667762756347656
40840,5,390,5,1,21,A1,pct_button,20,,,10.337723636943847,True,True,False,0.47817015647888184,-19.276325225830078,3.5667762756347656,1.4768297672271729
