t,env_id,episode_id,step_in_ep,action_sub_idx,base_action_idx,target,type,pct,step,dir,reward,done,gate_ok,deviation_exploded,C1_before,C1_after,A1_before,A1_after,A2_before,A2_after,B2_before,B2_after,A3_before,A3_after,S3_before,S3_after,C3_before,C3_after
34936,4,450,-1,,,,,,,,,False,False,False,-5.973292350769043,-5.973292350769043,4.161982536315918,4.161982536315918,305.5321044921875,305.5321044921875,401.3987731933594,401.3987731933594,2771.951904296875,2771.951904296875,2348.0595703125,2348.0595703125,2718.943359375,2718.943359375
34936,4,450,0,12,40,C1,pct_button,100,,,-6.135406643152237,False,False,False,-5.973292350769043,-0.11431272327899933,4.161982536315918,2.953390598297119,305.5321044921875,305.5321044921875,401.3987731933594,401.3987731933594,2771.951904296875,2771.951904296875,2348.0595703125,2348.0595703125,2718.943359375,2718.943359375
34944,4,450,1,0,20,A1,pct_button,10,,,2.81928089261055,True,True,False,-0.11431272327899933,13.102970123291016,2.953390598297119,23.35708999633789,305.5321044921875,456.7500305175781,401.3987731933594,219.4510040283203,2771.951904296875,2172.01708984375,2348.0595703125,1921.007080078125,2718.943359375,1768.28759765625
