t,env_id,episode_id,step_in_ep,action_sub_idx,base_action_idx,target,type,pct,step,dir,reward,done,gate_ok,deviation_exploded,C1_before,C1_after,A1_before,A1_after
48552,4,400,-1,,,,,,,,,False,False,False,7.646679878234863,7.646679878234863,11.179051399230957,11.179051399230957
48552,4,400,0,8,36,C1,pct_button,15,,,3.072847213745119,False,False,False,7.646679878234863,6.136980056762695,11.179051399230957,11.321916580200195
48560,4,400,1,4,24,A1,pct_button,100,,,0.3391779327392592,False,False,False,6.136980056762695,6.136980056762695,11.321916580200195,11.321916580200195
48568,4,400,2,4,24,A1,pct_button,100,,,26.423450735807418,False,False,False,6.136980056762695,3.5754001140594482,11.321916580200195,0.7096213698387146
48576,4,400,3,12,40,C1,pct_button,100,,,4.274016213417053,False,False,False,3.5754001140594482,-1.5477432012557983,0.7096213698387146,0.6169167757034302
48584,4,400,4,3,23,A1,pct_button,50,,,0.9906687027215957,False,False,False,-1.5477432012557983,-1.4030300378799438,0.6169167757034302,0.2781069576740265
48592,4,400,5,2,22,A1,pct_button,30,,,0.24448472440242752,False,False,False,-1.4030300378799438,-1.4728254079818726,0.2781069576740265,0.09676513075828552
48600,4,400,6,5,33,C1,pct_button,1,,,0.01721875220537173,False,False,False,-1.4728254079818726,-1.4466233253479004,0.09676513075828552,0.1250748187303543
48608,4,400,7,10,38,C1,pct_button,30,,,4.197333716154098,True,True,False,-1.4466233253479004,14.180304527282715,0.1250748187303543,27.562105178833008
