t,env_id,episode_id,step_in_ep,action_sub_idx,base_action_idx,target,type,pct,step,dir,reward,done,gate_ok,deviation_exploded,C1_before,C1_after,A1_before,A1_after,A2_before,A2_after,B2_before,B2_after,A3_before,A3_after,S3_before,S3_after,C3_before,C3_after
13120,5,130,-1,,,,,,,,,False,False,False,16.039554595947266,16.039554595947266,1.9902222156524658,1.9902222156524658,364.8434143066406,364.8434143066406,452.7138977050781,452.7138977050781,2957.506103515625,2957.506103515625,2011.9375,2011.9375,929.2776489257812,929.2776489257812
13120,5,130,0,0,20,A1,pct_button,10,,,0.9360564255714416,False,False,False,16.039554595947266,15.99178695678711,1.9902222156524658,1.7423025369644165,364.8434143066406,364.8434143066406,452.7138977050781,452.7138977050781,2957.506103515625,2957.506103515625,2011.9375,2011.9375,929.2776489257812,929.2776489257812
13128,5,130,1,12,40,C1,pct_button,100,,,36.109449696540835,True,True,False,15.99178695678711,-16.93155860900879,1.7423025369644165,8.782353401184082,364.8434143066406,230.65061950683594,452.7138977050781,141.7183074951172,2957.506103515625,1843.0753173828125,2011.9375,1844.593505859375,929.2776489257812,-1479.11083984375
