t,env_id,episode_id,step_in_ep,action_sub_idx,base_action_idx,target,type,pct,step,dir,reward,done,gate_ok,deviation_exploded,C1_before,C1_after,A1_before,A1_after,A2_before,A2_after,B2_before,B2_after,A3_before,A3_after,S3_before,S3_after,C3_before,C3_after
47496,5,660,-1,,,,,,,,,False,False,False,15.544008255004883,15.544008255004883,6.170825004577637,6.170825004577637,243.66078186035156,243.66078186035156,421.90570068359375,421.90570068359375,1628.6600341796875,1628.6600341796875,1195.7210693359375,1195.7210693359375,1435.54248046875,1435.54248046875
47496,5,660,0,1,21,A1,pct_button,20,,,-33.84198260307312,False,False,False,15.544008255004883,14.926210403442383,6.170825004577637,1.9947808980941772,243.66078186035156,243.66078186035156,421.90570068359375,421.90570068359375,1628.6600341796875,1628.6600341796875,1195.7210693359375,1195.7210693359375,1435.54248046875,1435.54248046875
47504,5,660,1,12,40,C1,pct_button,100,,,-18.24679708480835,False,False,False,14.926210403442383,5.510542392730713,1.9947808980941772,3.612856149673462,243.66078186035156,243.66078186035156,421.90570068359375,421.90570068359375,1628.6600341796875,1628.6600341796875,1195.7210693359375,1195.7210693359375,1435.54248046875,1435.54248046875
47512,5,660,2,12,40,C1,pct_button,100,,,-9.307112514972687,False,False,False,5.510542392730713,0.1279396116733551,3.612856149673462,4.525616645812988,243.66078186035156,243.66078186035156,421.90570068359375,421.90570068359375,1628.6600341796875,1628.6600341796875,1195.7210693359375,1195.7210693359375,1435.54248046875,1435.54248046875
47520,5,660,3,1,21,A1,pct_button,20,,,1.5928498804569244,True,True,False,0.1279396116733551,1.591071367263794,4.525616645812988,15.114293098449707,243.66078186035156,279.2507019042969,421.90570068359375,178.7347412109375,1628.6600341796875,1833.725341796875,1195.7210693359375,1292.980712890625,1435.54248046875,1555.0626220703125
