t,env_id,episode_id,step_in_ep,action_sub_idx,base_action_idx,target,type,pct,step,dir,reward,done,gate_ok,deviation_exploded,C1_before,C1_after,A1_before,A1_after,A2_before,A2_after,B2_before,B2_after,A3_before,A3_after,S3_before,S3_after,C3_before,C3_after
46192,2,340,-1,,,,,,,,,False,False,False,-14.948304176330566,-14.948304176330566,2.532390594482422,2.532390594482422,406.8097839355469,406.8097839355469,173.8560028076172,173.8560028076172,1139.1448974609375,1139.1448974609375,1440.76123046875,1440.76123046875,1781.5269775390625,1781.5269775390625
46192,2,340,0,2,22,A1,pct_button,30,,,0.33961389541626175,False,False,False,-14.948304176330566,-14.948304176330566,2.532390594482422,2.532390594482422,406.8097839355469,406.8097839355469,173.8560028076172,173.8560028076172,1139.1448974609375,1139.1448974609375,1440.76123046875,1440.76123046875,1781.5269775390625,1781.5269775390625
46200,2,340,1,4,24,A1,pct_button,100,,,2.730304416418077,False,False,False,-14.948304176330566,-15.454654693603516,2.532390594482422,0.8186206221580505,406.8097839355469,406.8097839355469,173.8560028076172,173.8560028076172,1139.1448974609375,1139.1448974609375,1440.76123046875,1440.76123046875,1781.5269775390625,1781.5269775390625
46208,2,340,2,5,33,C1,pct_button,1,,,0.6149642372131348,False,False,False,-15.454654693603516,-15.308195114135742,0.8186206221580505,0.8138182163238525,406.8097839355469,406.8097839355469,173.8560028076172,173.8560028076172,1139.1448974609375,1139.1448974609375,1440.76123046875,1440.76123046875,1781.5269775390625,1781.5269775390625
46216,2,340,3,12,40,C1,pct_button,100,,,25.397349231243133,False,False,False,-15.308195114135742,-2.0248327255249023,0.8138182163238525,1.4280346632003784,406.8097839355469,406.8097839355469,173.8560028076172,173.8560028076172,1139.1448974609375,1139.1448974609375,1440.76123046875,1440.76123046875,1781.5269775390625,1781.5269775390625
46224,2,340,4,11,39,C1,pct_button,50,,,6.924530155658722,True,True,False,-2.0248327255249023,11.312362670898438,1.4280346632003784,12.378840446472168,406.8097839355469,382.4783020019531,173.8560028076172,481.1556396484375,1139.1448974609375,2126.2294921875,1440.76123046875,2698.069091796875,1781.5269775390625,-2390.4892578125
