t,env_id,episode_id,step_in_ep,action_sub_idx,base_action_idx,target,type,pct,step,dir,reward,done,gate_ok,deviation_exploded,C1_before,C1_after,A1_before,A1_after,A2_before,A2_after,B2_before,B2_after,A3_before,A3_after,S3_before,S3_after,C3_before,C3_after
16736,5,180,-1,,,,,,,,,False,False,False,4.916816234588623,4.916816234588623,1.9112218618392944,1.9112218618392944,360.8355712890625,360.8355712890625,156.66354370117188,156.66354370117188,2705.979248046875,2705.979248046875,2926.4580078125,2926.4580078125,-2387.69873046875,-2387.69873046875
16736,5,180,0,1,21,A1,pct_button,20,,,-10.714823484420776,False,False,False,4.916816234588623,4.739590167999268,1.9112218618392944,0.6178215742111206,360.8355712890625,360.8355712890625,156.66354370117188,156.66354370117188,2705.979248046875,2705.979248046875,2926.4580078125,2926.4580078125,-2387.69873046875,-2387.69873046875
16744,5,180,1,11,39,C1,pct_button,50,,,-8.949935913085938,False,False,False,4.739590167999268,3.453681230545044,0.6178215742111206,1.0212867259979248,360.8355712890625,360.8355712890625,156.66354370117188,156.66354370117188,2705.979248046875,2705.979248046875,2926.4580078125,2926.4580078125,-2387.69873046875,-2387.69873046875
16752,5,180,2,12,40,C1,pct_button,100,,,3.2438173294067383,True,True,False,3.453681230545044,10.919133186340332,1.0212867259979248,26.542766571044922,360.8355712890625,121.06253051757812,156.66354370117188,181.31857299804688,2705.979248046875,1032.8760986328125,2926.4580078125,1585.2122802734375,-2387.69873046875,1694.8260498046875
