t,env_id,episode_id,step_in_ep,action_sub_idx,base_action_idx,target,type,pct,step,dir,reward,done,gate_ok,deviation_exploded,C1_before,C1_after,A1_before,A1_after,A2_before,A2_after,B2_before,B2_after,A3_before,A3_after,S3_before,S3_after,C3_before,C3_after
41672,7,520,-1,,,,,,,,,False,False,False,9.741839408874512,9.741839408874512,35.267452239990234,35.267452239990234,139.1320343017578,139.1320343017578,100.34087371826172,100.34087371826172,1452.385498046875,1452.385498046875,2276.1005859375,2276.1005859375,2227.66943359375,2227.66943359375
41672,7,520,0,2,22,A1,pct_button,30,,,-36.638543128967285,False,False,False,9.741839408874512,6.918715000152588,35.267452239990234,11.400556564331055,139.1320343017578,139.1320343017578,100.34087371826172,100.34087371826172,1452.385498046875,1452.385498046875,2276.1005859375,2276.1005859375,2227.66943359375,2227.66943359375
41680,7,520,1,3,23,A1,pct_button,50,,,-17.994466304779053,False,False,False,6.918715000152588,5.311889171600342,11.400556564331055,3.6853439807891846,139.1320343017578,139.1320343017578,100.34087371826172,100.34087371826172,1452.385498046875,1452.385498046875,2276.1005859375,2276.1005859375,2227.66943359375,2227.66943359375
41688,7,520,2,12,40,C1,pct_button,100,,,1.7559354156255722,True,True,False,5.311889171600342,-13.19392204284668,3.6853439807891846,14.380631446838379,139.1320343017578,416.9546813964844,100.34087371826172,252.46316528320312,1452.385498046875,1954.643310546875,2276.1005859375,2279.61181640625,2227.66943359375,2524.555908203125
