t,env_id,episode_id,step_in_ep,action_sub_idx,base_action_idx,target,type,pct,step,dir,reward,done,gate_ok,deviation_exploded,C1_before,C1_after,A1_before,A1_after,A2_before,A2_after,B2_before,B2_after,A3_before,A3_after,S3_before,S3_after,C3_before,C3_after
25800,6,310,-1,,,,,,,,,False,False,False,11.95019817352295,11.95019817352295,11.851811408996582,11.851811408996582,383.3724060058594,383.3724060058594,251.76113891601562,251.76113891601562,1129.091064453125,1129.091064453125,1668.2132568359375,1668.2132568359375,-1693.044189453125,-1693.044189453125
25800,6,310,0,11,39,C1,pct_button,50,,,-25.770236492156982,False,False,False,11.95019817352295,1.5421693325042725,11.851811408996582,11.342948913574219,383.3724060058594,383.3724060058594,251.76113891601562,251.76113891601562,1129.091064453125,1129.091064453125,1668.2132568359375,1668.2132568359375,-1693.044189453125,-1693.044189453125
25808,6,310,1,12,40,C1,pct_button,100,,,-24.578850269317627,False,False,False,1.5421693325042725,-1.0013716220855713,11.342948913574219,11.288053512573242,383.3724060058594,383.3724060058594,251.76113891601562,251.76113891601562,1129.091064453125,1129.091064453125,1668.2132568359375,1668.2132568359375,-1693.044189453125,-1693.044189453125
25816,6,310,2,0,20,A1,pct_button,10,,,-9.187242031097412,False,False,False,-1.0013716220855713,-0.9446446895599365,11.288053512573242,3.6489763259887695,383.3724060058594,383.3724060058594,251.76113891601562,251.76113891601562,1129.091064453125,1129.091064453125,1668.2132568359375,1668.2132568359375,-1693.044189453125,-1693.044189453125
25824,6,310,3,12,40,C1,pct_button,100,,,-8.424111366271973,False,False,False,-0.9446446895599365,0.8226158618927002,3.6489763259887695,3.389439821243286,383.3724060058594,383.3724060058594,251.76113891601562,251.76113891601562,1129.091064453125,1129.091064453125,1668.2132568359375,1668.2132568359375,-1693.044189453125,-1693.044189453125
25832,6,310,4,1,21,A1,pct_button,20,,,0.9914143085479736,True,True,False,0.8226158618927002,9.303239822387695,3.389439821243286,18.33268928527832,383.3724060058594,483.9334716796875,251.76113891601562,366.8840637207031,1129.091064453125,1135.119873046875,1668.2132568359375,1775.7550048828125,-1693.044189453125,2190.91162109375
