t,env_id,episode_id,step_in_ep,action_sub_idx,base_action_idx,target,type,pct,step,dir,reward,done,gate_ok,deviation_exploded,C1_before,C1_after,A1_before,A1_after,A2_before,A2_after,B2_before,B2_after,A3_before,A3_after,S3_before,S3_after,C3_before,C3_after
27632,0,330,-1,,,,,,,,,False,False,False,0.17746029794216156,0.17746029794216156,17.120447158813477,17.120447158813477,112.63318634033203,112.63318634033203,472.3725280761719,472.3725280761719,1394.2222900390625,1394.2222900390625,2804.4267578125,2804.4267578125,946.4413452148438,946.4413452148438
27632,0,330,0,0,20,A1,pct_button,10,,,-11.701655209064484,False,False,False,0.17746029794216156,-0.31647196412086487,17.120447158813477,5.534355640411377,112.63318634033203,112.63318634033203,472.3725280761719,472.3725280761719,1394.2222900390625,1394.2222900390625,2804.4267578125,2804.4267578125,946.4413452148438,946.4413452148438
27640,0,330,1,12,40,C1,pct_button,100,,,-16.32158863544464,False,False,False,-0.31647196412086487,0.7492170929908752,5.534355640411377,7.411577224731445,112.63318634033203,112.63318634033203,472.3725280761719,472.3725280761719,1394.2222900390625,1394.2222900390625,2804.4267578125,2804.4267578125,946.4413452148438,946.4413452148438
27648,0,330,2,4,24,A1,pct_button,100,,,-1.765721321105957,True,True,False,0.7492170929908752,14.57601547241211,7.411577224731445,43.63456726074219,112.63318634033203,256.95379638671875,472.3725280761719,226.55950927734375,1394.2222900390625,2747.09765625,2804.4267578125,1838.39111328125,946.4413452148438,-1091.1092529296875
