t,env_id,episode_id,step_in_ep,action_sub_idx,base_action_idx,target,type,pct,step,dir,reward,done,gate_ok,deviation_exploded,C1_before,C1_after,A1_before,A1_after,A2_before,A2_after,B2_before,B2_after,A3_before,A3_after,S3_before,S3_after,C3_before,C3_after
11360,3,100,-1,,,,,,,,,False,False,False,1.5294855833053589,1.5294855833053589,12.78943157196045,12.78943157196045,189.15740966796875,189.15740966796875,260.446533203125,260.446533203125,2273.798583984375,2273.798583984375,2152.193359375,2152.193359375,-1508.25927734375,-1508.25927734375
11360,3,100,0,6,34,C1,pct_button,5,,,0.55692079782486,False,False,False,1.5294855833053589,1.3984156847000122,12.78943157196045,12.778813362121582,189.15740966796875,189.15740966796875,260.446533203125,260.446533203125,2273.798583984375,2273.798583984375,2152.193359375,2152.193359375,-1508.25927734375,-1508.25927734375
11368,3,100,1,0,20,A1,pct_button,10,,,17.328181109428403,False,False,False,1.3984156847000122,1.1113269329071045,12.778813362121582,4.452449321746826,189.15740966796875,189.15740966796875,260.446533203125,260.446533203125,2273.798583984375,2273.798583984375,2152.193359375,2152.193359375,-1508.25927734375,-1508.25927734375
11376,3,100,2,0,20,A1,pct_button,10,,,11.521805790662766,True,True,False,1.1113269329071045,-13.403083801269531,4.452449321746826,27.861408233642578,189.15740966796875,264.4582214355469,260.446533203125,343.9863586425781,2273.798583984375,1683.3582763671875,2152.193359375,1952.197998046875,-1508.25927734375,2950.69091796875
