t,env_id,episode_id,step_in_ep,action_sub_idx,base_action_idx,target,type,pct,step,dir,reward,done,gate_ok,deviation_exploded,C1_before,C1_after,A1_before,A1_after
34768,2,350,-1,,,,,,,,,False,False,False,-9.706154823303223,-9.706154823303223,6.53212308883667,6.53212308883667
34768,2,350,0,1,21,A1,pct_button,20,,,9.957865488529206,False,False,False,-9.706154823303223,-9.842548370361328,6.53212308883667,1.5254770517349243
34776,2,350,1,10,38,C1,pct_button,30,,,6.02097912788391,False,False,False,-9.842548370361328,-6.956888198852539,1.5254770517349243,1.4800167083740234
34784,2,350,2,9,37,C1,pct_button,20,,,3.0598989033699038,False,False,False,-6.956888198852539,-5.46028470993042,1.4800167083740234,1.5113874673843384
34792,2,350,3,12,40,C1,pct_button,100,,,15.516937109231948,True,True,False,-5.46028470993042,17.036893844604492,1.5113874673843384,11.180983543395996
