t,env_id,episode_id,step_in_ep,action_sub_idx,base_action_idx,target,type,pct,step,dir,reward,done,gate_ok,deviation_exploded,C1_before,C1_after,A1_before,A1_after
21376,1,200,-1,,,,,,,,,False,False,False,3.032541513442993,3.032541513442993,2.7627882957458496,2.7627882957458496
21376,1,200,0,1,21,A1,pct_button,20,,,5.225464439988136,False,False,False,3.032541513442993,2.7937629222869873,2.7627882957458496,0.4159316122531891
21384,1,200,1,3,23,A1,pct_button,50,,,0.05419389069080328,False,False,False,2.7937629222869873,2.7937629222869873,0.4159316122531891,0.4159316122531891
21392,1,200,2,9,37,C1,pct_button,20,,,0.3133968889713292,False,False,False,2.7937629222869873,2.3040549755096436,0.4159316122531891,0.7747289538383484
21400,1,200,3,7,35,C1,pct_button,10,,,0.492063063383102,False,False,False,2.3040549755096436,2.1611077785491943,0.7747289538383484,0.6952077746391296
21408,1,200,4,2,22,A1,pct_button,30,,,2.3539731079339985,False,False,False,2.1611077785491943,1.2844854593276978,0.6952077746391296,0.4067559540271759
21416,1,200,5,4,24,A1,pct_button,100,,,2.2489646697044376,True,True,False,1.2844854593276978,2.0624217987060547,0.4067559540271759,9.934414863586426
