t,env_id,episode_id,step_in_ep,action_sub_idx,base_action_idx,target,type,pct,step,dir,reward,done,gate_ok,deviation_exploded,C1_before,C1_after,A1_before,A1_after
2752,3,20,-1,,,,,,,,,False,False,False,-13.307160377502441,-13.307160377502441,17.992801666259766,17.992801666259766
2752,3,20,0,8,36,C1,pct_button,15,,,6.807885704040528,False,False,False,-13.307160377502441,-10.293811798095703,17.992801666259766,17.878934860229492
2760,3,20,1,12,40,C1,pct_button,100,,,10.32267960548401,False,False,False,-10.293811798095703,5.485331058502197,17.878934860229492,17.753463745117188
2768,3,20,2,3,23,A1,pct_button,50,,,30.844029369354246,False,False,False,5.485331058502197,1.7108402252197266,17.753463745117188,6.17984676361084
2776,3,20,3,7,35,C1,pct_button,10,,,0.44902336597442605,False,False,False,1.7108402252197266,1.5373718738555908,6.17984676361084,6.201189041137695
2784,3,20,4,3,23,A1,pct_button,50,,,6.933804869651794,False,False,False,1.5373718738555908,1.6823787689208984,6.201189041137695,2.6273772716522217
2792,3,20,5,5,33,C1,pct_button,1,,,0.12107729673385649,False,False,False,1.6823787689208984,1.6597591638565063,2.6273772716522217,2.627329111099243
2800,3,20,6,2,22,A1,pct_button,30,,,7.724139947891236,True,True,False,1.6597591638565063,-13.887369155883789,2.627329111099243,27.21585464477539
