t,env_id,episode_id,step_in_ep,action_sub_idx,base_action_idx,target,type,pct,step,dir,reward,done,gate_ok,deviation_exploded,C1_before,C1_after,A1_before,A1_after
25104,1,240,-1,,,,,,,,,False,False,False,-3.821146249771118,-3.821146249771118,21.4901065826416,21.4901065826416
25104,1,240,0,1,21,A1,pct_button,20,,,30.460566110610962,False,False,False,-3.821146249771118,-4.559732913970947,21.4901065826416,5.618014335632324
25112,1,240,1,0,20,A1,pct_button,10,,,8.501090610027314,False,False,False,-4.559732913970947,-4.6281819343566895,5.618014335632324,1.3538402318954468
25120,1,240,2,10,38,C1,pct_button,30,,,4.171329016685486,False,False,False,-4.6281819343566895,-2.8235299587249756,1.3538402318954468,1.1071343421936035
25128,1,240,3,0,20,A1,pct_button,10,,,0.06861328601837148,False,False,False,-2.8235299587249756,-2.8235299587249756,1.1071343421936035,1.1071343421936035
25136,1,240,4,11,39,C1,pct_button,50,,,1.964182367324829,False,False,False,-2.8235299587249756,-2.203380584716797,1.1071343421936035,0.769925594329834
25144,1,240,5,10,38,C1,pct_button,30,,,0.9759879779815674,False,False,False,-2.203380584716797,-1.603201985359192,0.769925594329834,0.9021638631820679
25152,1,240,6,10,38,C1,pct_button,30,,,6.9734112167358395,True,True,False,-1.603201985359192,-2.845654249191284,0.9021638631820679,17.8638973236084
