t,env_id,episode_id,step_in_ep,action_sub_idx,base_action_idx,target,type,pct,step,dir,reward,done,gate_ok,deviation_exploded,C1_before,C1_after,A1_before,A1_after,A2_before,A2_after,B2_before,B2_after,A3_before,A3_after,S3_before,S3_after,C3_before,C3_after
35056,4,430,-1,,,,,,,,,False,False,False,16.145444869995117,16.145444869995117,14.431702613830566,14.431702613830566,322.658203125,322.658203125,256.9107971191406,256.9107971191406,2432.946533203125,2432.946533203125,2760.789794921875,2760.789794921875,2226.80078125,2226.80078125
35056,4,430,0,1,21,A1,pct_button,20,,,-40.86251354217529,False,False,False,16.145444869995117,15.766064643859863,14.431702613830566,4.665192127227783,322.658203125,322.658203125,256.9107971191406,256.9107971191406,2432.946533203125,2432.946533203125,2760.789794921875,2760.789794921875,2226.80078125,2226.80078125
35064,4,430,1,12,40,C1,pct_button,100,,,-40.86251354217529,False,False,False,15.766064643859863,15.766064643859863,4.665192127227783,4.665192127227783,322.658203125,322.658203125,256.9107971191406,256.9107971191406,2432.946533203125,2432.946533203125,2760.789794921875,2760.789794921875,2226.80078125,2226.80078125
35072,4,430,2,12,40,C1,pct_button,100,,,-40.86251354217529,False,False,False,15.766064643859863,15.766064643859863,4.665192127227783,4.665192127227783,322.658203125,322.658203125,256.9107971191406,256.9107971191406,2432.946533203125,2432.946533203125,2760.789794921875,2760.789794921875,2226.80078125,2226.80078125
35080,4,430,3,12,40,C1,pct_button,100,,,-15.291977882385254,False,False,False,15.766064643859863,4.72007942199707,4.665192127227783,2.9259095191955566,322.658203125,322.658203125,256.9107971191406,256.9107971191406,2432.946533203125,2432.946533203125,2760.789794921875,2760.789794921875,2226.80078125,2226.80078125
35088,4,430,4,12,40,C1,pct_button,100,,,-9.997692227363586,False,False,False,4.72007942199707,0.9366403222084045,2.9259095191955566,4.062205791473389,322.658203125,322.658203125,256.9107971191406,256.9107971191406,2432.946533203125,2432.946533203125,2760.789794921875,2760.789794921875,2226.80078125,2226.80078125
35096,4,430,5,2,22,A1,pct_button,30,,,1.8979566097259521,True,True,False,0.9366403222084045,-1.154155969619751,4.062205791473389,49.14278793334961,322.658203125,448.5314025878906,256.9107971191406,119.76996612548828,2432.946533203125,1692.8800048828125,2760.789794921875,1164.97998046875,2226.80078125,-2119.98046875
