t,env_id,episode_id,step_in_ep,action_sub_idx,base_action_idx,target,type,pct,step,dir,reward,done,gate_ok,deviation_exploded,C1_before,C1_after,A1_before,A1_after,A2_before,A2_after,B2_before,B2_after,A3_before,A3_after,S3_before,S3_after,C3_before,C3_after
25008,6,310,-1,,,,,,,,,False,False,False,0.36285898089408875,0.36285898089408875,10.87523365020752,10.87523365020752,280.88861083984375,280.88861083984375,335.5463562011719,335.5463562011719,1348.1973876953125,1348.1973876953125,1867.2470703125,1867.2470703125,2613.859375,2613.859375
25008,6,310,0,4,24,A1,pct_button,100,,,-22.476185262203217,False,False,False,0.36285898089408875,0.36285898089408875,10.87523365020752,10.87523365020752,280.88861083984375,280.88861083984375,335.5463562011719,335.5463562011719,1348.1973876953125,1348.1973876953125,1867.2470703125,1867.2470703125,2613.859375,2613.859375
25016,6,310,1,0,20,A1,pct_button,10,,,-7.303846597671509,False,False,False,0.36285898089408875,0.13639509677886963,10.87523365020752,3.5155282020568848,280.88861083984375,280.88861083984375,335.5463562011719,335.5463562011719,1348.1973876953125,1348.1973876953125,1867.2470703125,1867.2470703125,2613.859375,2613.859375
25024,6,310,2,12,40,C1,pct_button,100,,,-9.421777486801147,False,False,False,0.13639509677886963,-0.9340769052505493,3.5155282020568848,3.7768118381500244,280.88861083984375,280.88861083984375,335.5463562011719,335.5463562011719,1348.1973876953125,1348.1973876953125,1867.2470703125,1867.2470703125,2613.859375,2613.859375
25032,6,310,3,11,39,C1,pct_button,50,,,-7.566097974777222,False,False,False,-0.9340769052505493,-0.2233830690383911,3.7768118381500244,3.5596659183502197,280.88861083984375,280.88861083984375,335.5463562011719,335.5463562011719,1348.1973876953125,1348.1973876953125,1867.2470703125,1867.2470703125,2613.859375,2613.859375
25040,6,310,4,12,40,C1,pct_button,100,,,-7.566097974777222,False,False,False,-0.2233830690383911,-0.2233830690383911,3.5596659183502197,3.5596659183502197,280.88861083984375,280.88861083984375,335.5463562011719,335.5463562011719,1348.1973876953125,1348.1973876953125,1867.2470703125,1867.2470703125,2613.859375,2613.859375
25048,6,310,5,0,20,A1,pct_button,10,,,2.006598114967346,True,True,False,-0.2233830690383911,-16.071382522583008,3.5596659183502197,30.59160614013672,280.88861083984375,286.4918518066406,335.5463562011719,183.81756591796875,1348.1973876953125,1148.4556884765625,1867.2470703125,2034.3756103515625,2613.859375,-2510.074462890625
