t,env_id,episode_id,step_in_ep,action_sub_idx,base_action_idx,target,type,pct,step,dir,reward,done,gate_ok,deviation_exploded,C1_before,C1_after,A1_before,A1_after
33096,5,320,-1,,,,,,,,,False,False,False,2.654770612716675,2.654770612716675,32.64841079711914,32.64841079711914
33096,5,320,0,1,21,A1,pct_button,20,,,48.08878892660142,False,False,False,2.654770612716675,0.9812015295028687,32.64841079711914,10.386260032653809
33104,5,320,1,2,22,A1,pct_button,30,,,10.862047862112522,False,False,False,0.9812015295028687,0.23801709711551666,10.386260032653809,5.753334045410156
33112,5,320,2,8,36,C1,pct_button,15,,,0.6161028283834467,False,False,False,0.23801709711551666,0.2540421783924103,5.753334045410156,5.481614112854004
33120,5,320,3,2,22,A1,pct_button,30,,,11.098171493411066,True,True,False,0.2540421783924103,15.806270599365234,5.481614112854004,8.344944953918457
