t,env_id,episode_id,step_in_ep,action_sub_idx,base_action_idx,target,type,pct,step,dir,reward,done,gate_ok,deviation_exploded,C1_before,C1_after,A1_before,A1_after,A2_before,A2_after,B2_before,B2_after,A3_before,A3_after,S3_before,S3_after,C3_before,C3_after
39504,5,510,-1,,,,,,,,,False,False,False,9.941049575805664,9.941049575805664,49.490806579589844,49.490806579589844,257.98150634765625,257.98150634765625,457.1448974609375,457.1448974609375,1463.97314453125,1463.97314453125,2143.10986328125,2143.10986328125,2824.99658203125,2824.99658203125
39504,5,510,0,4,24,A1,pct_button,100,,,-34.66051506996155,False,False,False,9.941049575805664,1.33185875415802,49.490806579589844,15.998398780822754,257.98150634765625,257.98150634765625,457.1448974609375,457.1448974609375,1463.97314453125,1463.97314453125,2143.10986328125,2143.10986328125,2824.99658203125,2824.99658203125
39512,5,510,1,3,23,A1,pct_button,50,,,-10.713438332080841,False,False,False,1.33185875415802,0.18507686257362366,15.998398780822754,5.171642303466797,257.98150634765625,257.98150634765625,457.1448974609375,457.1448974609375,1463.97314453125,1463.97314453125,2143.10986328125,2143.10986328125,2824.99658203125,2824.99658203125
39520,5,510,2,1,21,A1,pct_button,20,,,1.4292560666799545,True,True,False,0.18507686257362366,10.777434349060059,5.171642303466797,2.654507637023926,257.98150634765625,169.391357421875,457.1448974609375,460.1712951660156,1463.97314453125,1149.2833251953125,2143.10986328125,2597.961669921875,2824.99658203125,1697.7310791015625
