t,env_id,episode_id,step_in_ep,action_sub_idx,base_action_idx,target,type,pct,step,dir,reward,done,gate_ok,deviation_exploded,C1_before,C1_after,A1_before,A1_after,A2_before,A2_after,B2_before,B2_after,A3_before,A3_after,S3_before,S3_after,C3_before,C3_after
32888,0,410,-1,,,,,,,,,False,False,False,9.088903427124023,9.088903427124023,24.662532806396484,24.662532806396484,277.3520202636719,277.3520202636719,352.77142333984375,352.77142333984375,2406.162353515625,2406.162353515625,2929.171875,2929.171875,-1687.8726806640625,-1687.8726806640625
32888,0,410,0,12,40,C1,pct_button,100,,,-52.79912352561951,False,False,False,9.088903427124023,1.4362000226974487,24.662532806396484,24.963361740112305,277.3520202636719,277.3520202636719,352.77142333984375,352.77142333984375,2406.162353515625,2406.162353515625,2929.171875,2929.171875,-1687.8726806640625,-1687.8726806640625
32896,0,410,1,0,20,A1,pct_button,10,,,-18.411179304122925,False,False,False,1.4362000226974487,1.13593327999115,24.963361740112305,8.069656372070312,277.3520202636719,277.3520202636719,352.77142333984375,352.77142333984375,2406.162353515625,2406.162353515625,2929.171875,2929.171875,-1687.8726806640625,-1687.8726806640625
32904,0,410,2,3,23,A1,pct_button,50,,,-18.411179304122925,False,False,False,1.13593327999115,1.13593327999115,8.069656372070312,8.069656372070312,277.3520202636719,277.3520202636719,352.77142333984375,352.77142333984375,2406.162353515625,2406.162353515625,2929.171875,2929.171875,-1687.8726806640625,-1687.8726806640625
32912,0,410,3,3,23,A1,pct_button,50,,,-7.406698226928711,False,False,False,1.13593327999115,1.0947520732879639,8.069656372070312,2.6085970401763916,277.3520202636719,277.3520202636719,352.77142333984375,352.77142333984375,2406.162353515625,2406.162353515625,2929.171875,2929.171875,-1687.8726806640625,-1687.8726806640625
32920,0,410,4,12,40,C1,pct_button,100,,,0.05837678909301758,True,True,False,1.0947520732879639,9.094637870788574,2.6085970401763916,10.748682975769043,277.3520202636719,448.55328369140625,352.77142333984375,419.28643798828125,2406.162353515625,2439.02880859375,2929.171875,1778.7117919921875,-1687.8726806640625,-1867.905517578125
