t,env_id,episode_id,step_in_ep,action_sub_idx,base_action_idx,target,type,pct,step,dir,reward,done,gate_ok,deviation_exploded,C1_before,C1_after,A1_before,A1_after
41336,1,310,-1,,,,,,,,,False,False,False,9.905674934387207,9.905674934387207,20.82919692993164,20.82919692993164
41336,1,310,0,6,34,C1,pct_button,5,,,2.043274192810058,False,False,False,9.905674934387207,9.06460189819336,20.82919692993164,20.943716049194336
41344,1,310,1,4,24,A1,pct_button,100,,,39.41316379547119,False,False,False,9.06460189819336,5.936455726623535,20.943716049194336,4.464287757873535
41352,1,310,2,4,24,A1,pct_button,100,,,8.25953882008791,False,False,False,5.936455726623535,6.196485996246338,4.464287757873535,0.1327807456254959
41360,1,310,3,4,24,A1,pct_button,100,,,-1.5523181188106536,False,False,False,6.196485996246338,4.308539390563965,0.1327807456254959,2.863607883453369
41368,1,310,4,11,39,C1,pct_button,50,,,4.81478765487671,False,False,False,4.308539390563965,1.7469539642333984,2.863607883453369,3.060877799987793
41376,1,310,5,1,21,A1,pct_button,20,,,1.056514325141906,False,False,False,1.7469539642333984,1.8904473781585693,3.060877799987793,2.427304744720459
41384,1,310,6,11,39,C1,pct_button,50,,,8.593043742179871,True,True,False,1.8904473781585693,-1.162624716758728,2.427304744720459,33.849891662597656
