t,env_id,episode_id,step_in_ep,action_sub_idx,base_action_idx,target,type,pct,step,dir,reward,done,gate_ok,deviation_exploded,C1_before,C1_after,A1_before,A1_after,A2_before,A2_after,B2_before,B2_after,A3_before,A3_after,S3_before,S3_after,C3_before,C3_after
25168,4,220,-1,,,,,,,,,False,False,False,-18.40948486328125,-18.40948486328125,15.331089973449707,15.331089973449707,176.32064819335938,176.32064819335938,323.93304443359375,323.93304443359375,1091.0775146484375,1091.0775146484375,1689.239501953125,1689.239501953125,2059.4482421875,2059.4482421875
25168,4,220,0,11,39,C1,pct_button,50,,,20.224641780853272,False,False,False,-18.40948486328125,-8.227500915527344,15.331089973449707,15.634371757507324,176.32064819335938,176.32064819335938,323.93304443359375,323.93304443359375,1091.0775146484375,1091.0775146484375,1689.239501953125,1689.239501953125,2059.4482421875,2059.4482421875
25176,4,220,1,12,40,C1,pct_button,100,,,14.284365641474727,False,False,False,-8.227500915527344,0.09168168902397156,15.634371757507324,16.79184341430664,176.32064819335938,176.32064819335938,323.93304443359375,323.93304443359375,1091.0775146484375,1091.0775146484375,1689.239501953125,1689.239501953125,2059.4482421875,2059.4482421875
25184,4,220,2,7,35,C1,pct_button,10,,,0.38002248793840265,False,False,False,0.09168168902397156,0.17328877747058868,16.79184341430664,16.683795928955078,176.32064819335938,176.32064819335938,323.93304443359375,323.93304443359375,1091.0775146484375,1091.0775146484375,1689.239501953125,1689.239501953125,2059.4482421875,2059.4482421875
25192,4,220,3,2,22,A1,pct_button,30,,,21.7433124089241,False,False,False,0.17328877747058868,-0.7970033288002014,16.683795928955078,5.243833541870117,176.32064819335938,176.32064819335938,323.93304443359375,323.93304443359375,1091.0775146484375,1091.0775146484375,1689.239501953125,1689.239501953125,2059.4482421875,2059.4482421875
25200,4,220,4,0,20,A1,pct_button,10,,,14.142935621738435,True,True,False,-0.7970033288002014,4.655643463134766,5.243833541870117,46.97116470336914,176.32064819335938,119.61369323730469,323.93304443359375,187.34832763671875,1091.0775146484375,1999.8297119140625,1689.239501953125,2362.397705078125,2059.4482421875,1807.965576171875
