t,env_id,episode_id,step_in_ep,action_sub_idx,base_action_idx,target,type,pct,step,dir,reward,done,gate_ok,deviation_exploded,C1_before,C1_after,A1_before,A1_after
37576,2,380,-1,,,,,,,,,False,False,False,18.171581268310547,18.171581268310547,48.22391128540039,48.22391128540039
37576,2,380,0,1,21,A1,pct_button,20,,,76.27640768051147,False,False,False,18.171581268310547,13.661725997924805,48.22391128540039,14.87593936920166
37584,2,380,1,1,21,A1,pct_button,20,,,22.30526128768921,False,False,False,13.661725997924805,12.456344604492188,14.87593936920166,5.099246025085449
37592,2,380,2,1,21,A1,pct_button,20,,,5.2155274629592885,False,False,False,12.456344604492188,12.422035217285156,5.099246025085449,2.671729326248169
37600,2,380,3,1,21,A1,pct_button,20,,,5.184261567294596,False,False,False,12.422035217285156,12.386100769042969,2.671729326248169,0.23676161468029022
37608,2,380,4,4,24,A1,pct_button,100,,,-2.784801539182661,False,False,False,12.386100769042969,13.531804084777832,0.23676161468029022,0.6199768781661987
37616,2,380,5,12,40,C1,pct_button,100,,,25.219221034049987,False,False,False,13.531804084777832,1.2572954893112183,0.6199768781661987,0.295401930809021
37624,2,380,6,5,33,C1,pct_button,1,,,0.08100774645805343,False,False,False,1.2572954893112183,1.2357447147369385,0.295401930809021,0.28667300939559937
37632,2,380,7,6,34,C1,pct_button,5,,,5.170157476067543,True,True,False,1.2357447147369385,-7.031996250152588,0.28667300939559937,10.953540802001953
