t,env_id,episode_id,step_in_ep,action_sub_idx,base_action_idx,target,type,pct,step,dir,reward,done,gate_ok,deviation_exploded,C1_before,C1_after,A1_before,A1_after,A2_before,A2_after,B2_before,B2_after,A3_before,A3_after,S3_before,S3_after,C3_before,C3_after
49376,5,690,-1,,,,,,,,,False,False,False,13.485427856445312,13.485427856445312,28.053142547607422,28.053142547607422,406.05328369140625,406.05328369140625,227.85284423828125,227.85284423828125,2262.518310546875,2262.518310546875,2539.537841796875,2539.537841796875,-807.2891235351562,-807.2891235351562
49376,5,690,0,1,21,A1,pct_button,20,,,-43.63882827758789,False,False,False,13.485427856445312,12.750955581665039,28.053142547607422,9.068458557128906,406.05328369140625,406.05328369140625,227.85284423828125,227.85284423828125,2262.518310546875,2262.518310546875,2539.537841796875,2539.537841796875,-807.2891235351562,-807.2891235351562
49384,5,690,1,12,40,C1,pct_button,100,,,-20.713414907455444,False,False,False,12.750955581665039,1.730294108390808,9.068458557128906,8.626413345336914,406.05328369140625,406.05328369140625,227.85284423828125,227.85284423828125,2262.518310546875,2262.518310546875,2539.537841796875,2539.537841796875,-807.2891235351562,-807.2891235351562
49392,5,690,2,12,40,C1,pct_button,100,,,-16.66385769844055,False,False,False,1.730294108390808,0.4343520402908325,8.626413345336914,7.897576808929443,406.05328369140625,406.05328369140625,227.85284423828125,227.85284423828125,2262.518310546875,2262.518310546875,2539.537841796875,2539.537841796875,-807.2891235351562,-807.2891235351562
49400,5,690,3,0,20,A1,pct_button,10,,,-5.8301962018013,False,False,False,0.4343520402908325,0.3621274530887604,7.897576808929443,2.5529706478118896,406.05328369140625,406.05328369140625,227.85284423828125,227.85284423828125,2262.518310546875,2262.518310546875,2539.537841796875,2539.537841796875,-807.2891235351562,-807.2891235351562
49408,5,690,4,12,40,C1,pct_button,100,,,-0.4005323648452759,True,True,False,0.3621274530887604,0.6320265531539917,2.5529706478118896,15.596593856811523,406.05328369140625,203.40484619140625,227.85284423828125,425.7054138183594,2262.518310546875,2037.2265625,2539.537841796875,1086.866943359375,-807.2891235351562,1435.7974853515625
