t,env_id,episode_id,step_in_ep,action_sub_idx,base_action_idx,target,type,pct,step,dir,reward,done,gate_ok,deviation_exploded,C1_before,C1_after,A1_before,A1_after,A2_before,A2_after,B2_before,B2_after,A3_before,A3_after,S3_before,S3_after,C3_before,C3_after
13088,3,120,-1,,,,,,,,,False,False,False,5.668621063232422,5.668621063232422,31.91470718383789,31.91470718383789,201.34364318847656,201.34364318847656,389.418701171875,389.418701171875,2973.4130859375,2973.4130859375,1546.8486328125,1546.8486328125,-2637.006591796875,-2637.006591796875
13088,3,120,0,2,22,A1,pct_button,30,,,58.5734026002884,False,False,False,5.668621063232422,2.464035749435425,31.91470718383789,5.9113450050354,201.34364318847656,201.34364318847656,389.418701171875,389.418701171875,2973.4130859375,2973.4130859375,1546.8486328125,1546.8486328125,-2637.006591796875,-2637.006591796875
13096,3,120,1,8,36,C1,pct_button,15,,,0.582146706581115,False,False,False,2.464035749435425,2.1083080768585205,5.9113450050354,6.052608489990234,201.34364318847656,201.34364318847656,389.418701171875,389.418701171875,2973.4130859375,2973.4130859375,1546.8486328125,1546.8486328125,-2637.006591796875,-2637.006591796875
13104,3,120,2,3,23,A1,pct_button,50,,,14.183504526615144,True,True,False,2.1083080768585205,19.933826446533203,6.052608489990234,24.30868911743164,201.34364318847656,271.2447204589844,389.418701171875,198.1103057861328,2973.4130859375,2820.444580078125,1546.8486328125,2028.3157958984375,-2637.006591796875,1023.2676391601562
