t,env_id,episode_id,step_in_ep,action_sub_idx,base_action_idx,target,type,pct,step,dir,reward,done,gate_ok,deviation_exploded,C1_before,C1_after,A1_before,A1_after
23912,3,230,-1,,,,,,,,,False,False,False,-8.738293647766113,-8.738293647766113,11.554281234741211,11.554281234741211
23912,3,230,0,10,38,C1,pct_button,30,,,6.779403553009031,False,False,False,-8.738293647766113,-5.527407646179199,11.554281234741211,11.54115104675293
23920,3,230,1,3,23,A1,pct_button,50,,,12.469174547195434,False,False,False,-5.527407646179199,-7.304758548736572,11.54115104675293,3.633596420288086
23928,3,230,2,2,22,A1,pct_button,30,,,4.873262021541597,False,False,False,-7.304758548736572,-7.452068328857422,3.633596420288086,1.1304811239242554
23936,3,230,3,6,34,C1,pct_button,5,,,0.8841281914711006,False,False,False,-7.452068328857422,-7.072118759155273,1.1304811239242554,1.1455432176589966
23944,3,230,4,10,38,C1,pct_button,30,,,4.684046087265015,False,False,False,-7.072118759155273,-4.508481025695801,1.1455432176589966,1.421457290649414
23952,3,230,5,8,36,C1,pct_button,15,,,1.207014555931092,False,False,False,-4.508481025695801,-4.0495171546936035,1.421457290649414,1.3256657123565674
23960,3,230,6,12,40,C1,pct_button,100,,,6.713385900259018,False,False,False,-4.0495171546936035,1.224281668663025,1.3256657123565674,0.8095465302467346
23968,3,230,7,0,20,A1,pct_button,10,,,2.8692521500587462,True,True,False,1.224281668663025,-6.564999103546143,0.8095465302467346,19.066587448120117
