t,env_id,episode_id,step_in_ep,action_sub_idx,base_action_idx,target,type,pct,step,dir,reward,done,gate_ok,deviation_exploded,C1_before,C1_after,A1_before,A1_after
2208,3,20,-1,,,,,,,,,False,False,False,18.571809768676758,18.571809768676758,4.246576309204102,4.246576309204102
2208,3,20,0,3,23,A1,pct_button,50,,,7.227038202285767,False,False,False,18.571809768676758,17.36284828186035,4.246576309204102,2.030956745147705
2216,3,20,1,9,37,C1,pct_button,20,,,12.870092196464539,False,False,False,17.36284828186035,11.66553783416748,2.030956745147705,1.419067144393921
2224,3,20,2,7,35,C1,pct_button,10,,,3.8849506330490104,False,False,False,11.66553783416748,9.900322914123535,1.419067144393921,1.3493030071258545
2232,3,20,3,9,37,C1,pct_button,20,,,6.971036822795869,False,False,False,9.900322914123535,6.745082855224609,1.3493030071258545,1.0923994779586792
2240,3,20,4,7,35,C1,pct_button,10,,,2.3029408240318308,False,False,False,6.745082855224609,5.837848663330078,1.0923994779586792,0.9106482267379761
2248,3,20,5,11,39,C1,pct_button,50,,,10.345865698168055,False,False,False,5.837848663330078,1.579601764678955,0.9106482267379761,0.0068265595473349094
2256,3,20,6,11,39,C1,pct_button,50,,,7.212345586009324,True,True,False,1.579601764678955,-13.129051208496094,0.0068265595473349094,29.63343048095703
