t,env_id,episode_id,step_in_ep,action_sub_idx,base_action_idx,target,type,pct,step,dir,reward,done,gate_ok,deviation_exploded,C1_before,C1_after,A1_before,A1_after
31296,1,300,-1,,,,,,,,,False,False,False,-1.1293706893920898,-1.1293706893920898,25.88185691833496,25.88185691833496
31296,1,300,0,10,38,C1,pct_button,30,,,1.6138331961631758,False,False,False,-1.1293706893920898,-0.7551168203353882,25.88185691833496,25.708833694458008
31304,1,300,1,0,20,A1,pct_button,10,,,32.11615997076034,False,False,False,-0.7551168203353882,-1.9552305936813354,25.708833694458008,8.550699234008789
31312,1,300,2,0,20,A1,pct_button,10,,,10.451310157775879,False,False,False,-1.9552305936813354,-2.3126957416534424,8.550699234008789,3.015864610671997
31320,1,300,3,12,40,C1,pct_button,100,,,10.89267826795578,True,True,False,-2.3126957416534424,-18.304906845092773,3.015864610671997,22.38225746154785
