t,env_id,episode_id,step_in_ep,action_sub_idx,base_action_idx,target,type,pct,step,dir,reward,done,gate_ok,deviation_exploded,C1_before,C1_after,A1_before,A1_after,A2_before,A2_after,B2_before,B2_after,A3_before,A3_after,S3_before,S3_after,C3_before,C3_after
37216,0,480,-1,,,,,,,,,False,False,False,5.895703315734863,5.895703315734863,23.53382682800293,23.53382682800293,108.84661102294922,108.84661102294922,176.3108673095703,176.3108673095703,1650.8521728515625,1650.8521728515625,1700.827880859375,1700.827880859375,-2472.710205078125,-2472.710205078125
37216,0,480,0,12,40,C1,pct_button,100,,,-47.91288089752197,False,False,False,5.895703315734863,-1.6138367652893066,23.53382682800293,22.34260368347168,108.84661102294922,108.84661102294922,176.3108673095703,176.3108673095703,1650.8521728515625,1650.8521728515625,1700.827880859375,1700.827880859375,-2472.710205078125,-2472.710205078125
37224,0,480,1,1,21,A1,pct_button,20,,,-22.57104778289795,False,False,False,-1.6138367652893066,-4.063053607940674,22.34260368347168,7.222470283508301,108.84661102294922,108.84661102294922,176.3108673095703,176.3108673095703,1650.8521728515625,1650.8521728515625,1700.827880859375,1700.827880859375,-2472.710205078125,-2472.710205078125
37232,0,480,2,12,40,C1,pct_button,100,,,-20.598960399627686,False,False,False,-4.063053607940674,2.3615782260894775,7.222470283508301,7.937901973724365,108.84661102294922,108.84661102294922,176.3108673095703,176.3108673095703,1650.8521728515625,1650.8521728515625,1700.827880859375,1700.827880859375,-2472.710205078125,-2472.710205078125
37240,0,480,3,2,22,A1,pct_button,30,,,-8.001058578491211,False,False,False,2.3615782260894775,1.434523105621338,7.937901973724365,2.5660061836242676,108.84661102294922,108.84661102294922,176.3108673095703,176.3108673095703,1650.8521728515625,1650.8521728515625,1700.827880859375,1700.827880859375,-2472.710205078125,-2472.710205078125
37248,0,480,4,3,23,A1,pct_button,50,,,1.785512924194336,True,True,False,1.434523105621338,14.074297904968262,2.5660061836242676,45.35725021362305,108.84661102294922,440.7189636230469,176.3108673095703,302.71697998046875,1650.8521728515625,1469.813232421875,1700.827880859375,2045.4688720703125,-2472.710205078125,2605.065185546875
