t,env_id,episode_id,step_in_ep,action_sub_idx,base_action_idx,target,type,pct,step,dir,reward,done,gate_ok,deviation_exploded,C1_before,C1_after,A1_before,A1_after,A2_before,A2_after,B2_before,B2_after,A3_before,A3_after,S3_before,S3_after,C3_before,C3_after
33944,7,440,-1,,,,,,,,,False,False,False,-9.250720977783203,-9.250720977783203,3.311457872390747,3.311457872390747,442.1279296875,442.1279296875,336.6289367675781,336.6289367675781,2853.838623046875,2853.838623046875,1981.0562744140625,1981.0562744140625,2903.576904296875,2903.576904296875
33944,7,440,0,12,40,C1,pct_button,100,,,-13.596867561340332,False,False,False,-9.250720977783203,4.181069850921631,3.311457872390747,2.617363929748535,442.1279296875,442.1279296875,336.6289367675781,336.6289367675781,2853.838623046875,2853.838623046875,1981.0562744140625,1981.0562744140625,2903.576904296875,2903.576904296875
33952,7,440,1,10,38,C1,pct_button,30,,,-11.17470932006836,False,False,False,4.181069850921631,2.728980541229248,2.617363929748535,2.8583741188049316,442.1279296875,442.1279296875,336.6289367675781,336.6289367675781,2853.838623046875,2853.838623046875,1981.0562744140625,1981.0562744140625,2903.576904296875,2903.576904296875
33960,7,440,2,12,40,C1,pct_button,100,,,-11.43225359916687,False,False,False,2.728980541229248,-0.7437270879745483,2.8583741188049316,4.972399711608887,442.1279296875,442.1279296875,336.6289367675781,336.6289367675781,2853.838623046875,2853.838623046875,1981.0562744140625,1981.0562744140625,2903.576904296875,2903.576904296875
33968,7,440,3,2,22,A1,pct_button,30,,,-6.113062620162964,False,False,False,-0.7437270879745483,-1.4491533041000366,4.972399711608887,1.6073780059814453,442.1279296875,442.1279296875,336.6289367675781,336.6289367675781,2853.838623046875,2853.838623046875,1981.0562744140625,1981.0562744140625,2903.576904296875,2903.576904296875
33976,7,440,4,12,40,C1,pct_button,100,,,0.8060075044631958,True,True,False,-1.4491533041000366,4.111337184906006,1.6073780059814453,8.849767684936523,442.1279296875,332.4645080566406,336.6289367675781,139.94424438476562,2853.838623046875,1011.6065063476562,1981.0562744140625,1446.453369140625,2903.576904296875,2145.432373046875
