t,env_id,episode_id,step_in_ep,action_sub_idx,base_action_idx,target,type,pct,step,dir,reward,done,gate_ok,deviation_exploded,C1_before,C1_after,A1_before,A1_after
14128,0,100,-1,,,,,,,,,False,True,False,-1.5820602178573608,-1.5820602178573608,1.5269008874893188,1.5269008874893188
14128,0,100,0,9,37,C1,pct_button,20,,,6.335435433387756,True,True,False,-1.5820602178573608,19.04521942138672,1.5269008874893188,33.18578338623047
