t,env_id,episode_id,step_in_ep,action_sub_idx,base_action_idx,target,type,pct,step,dir,reward,done,gate_ok,deviation_exploded,C1_before,C1_after,A1_before,A1_after,A2_before,A2_after,B2_before,B2_after,A3_before,A3_after,S3_before,S3_after,C3_before,C3_after
43248,0,320,-1,,,,,,,,,False,False,False,4.227892875671387,4.227892875671387,31.550716400146484,31.550716400146484,139.42166137695312,139.42166137695312,141.2173309326172,141.2173309326172,1470.225341796875,1470.225341796875,2663.57080078125,2663.57080078125,2411.06103515625,2411.06103515625
43248,0,320,0,3,23,A1,pct_button,50,,,61.15780041098595,False,False,False,4.227892875671387,0.42970794439315796,31.550716400146484,4.8174729347229,139.42166137695312,139.42166137695312,141.2173309326172,141.2173309326172,1470.225341796875,1470.225341796875,2663.57080078125,2663.57080078125,2411.06103515625,2411.06103515625
43256,0,320,1,6,34,C1,pct_button,5,,,-0.03173078954219854,False,False,False,0.42970794439315796,0.46181216835975647,4.8174729347229,4.849345684051514,139.42166137695312,139.42166137695312,141.2173309326172,141.2173309326172,1470.225341796875,1470.225341796875,2663.57080078125,2663.57080078125,2411.06103515625,2411.06103515625
43264,0,320,2,12,40,C1,pct_button,100,,,-1.5136623454093938,False,False,False,0.46181216835975647,0.7259235382080078,4.849345684051514,5.398307800292969,139.42166137695312,139.42166137695312,141.2173309326172,141.2173309326172,1470.225341796875,1470.225341796875,2663.57080078125,2663.57080078125,2411.06103515625,2411.06103515625
43272,0,320,3,1,21,A1,pct_button,20,,,13.30008413553238,True,True,False,0.7259235382080078,9.720778465270996,5.398307800292969,44.44507598876953,139.42166137695312,136.29295349121094,141.2173309326172,150.70420837402344,1470.225341796875,1108.6561279296875,2663.57080078125,2577.554443359375,2411.06103515625,2405.54052734375
