t,env_id,episode_id,step_in_ep,action_sub_idx,base_action_idx,target,type,pct,step,dir,reward,done,gate_ok,deviation_exploded,C1_before,C1_after,A1_before,A1_after,A2_before,A2_after,B2_before,B2_after,A3_before,A3_after,S3_before,S3_after,C3_before,C3_after
48128,5,640,-1,,,,,,,,,False,False,False,-13.549367904663086,-13.549367904663086,42.27235412597656,42.27235412597656,495.6852111816406,495.6852111816406,352.06488037109375,352.06488037109375,2912.318603515625,2912.318603515625,1070.3072509765625,1070.3072509765625,-2569.26513671875,-2569.26513671875
48128,5,640,0,3,23,A1,pct_button,50,,,-67.35680770874023,False,False,False,-13.549367904663086,-20.013442993164062,42.27235412597656,13.664960861206055,495.6852111816406,495.6852111816406,352.06488037109375,352.06488037109375,2912.318603515625,2912.318603515625,1070.3072509765625,1070.3072509765625,-2569.26513671875,-2569.26513671875
48136,5,640,1,12,40,C1,pct_button,100,,,-67.35680770874023,False,False,False,-20.013442993164062,-20.013442993164062,13.664960861206055,13.664960861206055,495.6852111816406,495.6852111816406,352.06488037109375,352.06488037109375,2912.318603515625,2912.318603515625,1070.3072509765625,1070.3072509765625,-2569.26513671875,-2569.26513671875
48144,5,640,2,12,40,C1,pct_button,100,,,-31.579973220825195,False,False,False,-20.013442993164062,2.0587329864501953,13.664960861206055,13.731253623962402,495.6852111816406,495.6852111816406,352.06488037109375,352.06488037109375,2912.318603515625,2912.318603515625,1070.3072509765625,1070.3072509765625,-2569.26513671875,-2569.26513671875
48152,5,640,3,3,23,A1,pct_button,50,,,-8.917004399001598,False,False,False,2.0587329864501953,-0.01973715052008629,13.731253623962402,4.438765048980713,495.6852111816406,495.6852111816406,352.06488037109375,352.06488037109375,2912.318603515625,2912.318603515625,1070.3072509765625,1070.3072509765625,-2569.26513671875,-2569.26513671875
48160,5,640,4,2,22,A1,pct_button,30,,,1.7673203349113464,True,True,False,-0.01973715052008629,-9.803962707519531,4.438765048980713,37.68649673461914,495.6852111816406,408.7550964355469,352.06488037109375,334.7847900390625,2912.318603515625,2383.832763671875,1070.3072509765625,2731.97509765625,-2569.26513671875,2750.955322265625
