t,env_id,episode_id,step_in_ep,action_sub_idx,base_action_idx,target,type,pct,step,dir,reward,done,gate_ok,deviation_exploded,C1_before,C1_after,A1_before,A1_after
11544,7,70,-1,,,,,,,,,False,False,False,0.0018987873336300254,0.0018987873336300254,21.761951446533203,21.761951446533203
11544,7,70,0,4,24,A1,pct_button,100,,,30.616387200979513,False,False,False,0.0018987873336300254,-5.17832088470459,21.761951446533203,1.337493896484375
11552,7,70,1,11,39,C1,pct_button,50,,,5.63357956647873,False,False,False,-5.17832088470459,-1.9393208026885986,1.337493896484375,1.7920175790786743
11560,7,70,2,12,40,C1,pct_button,100,,,0.8502887248992923,False,False,False,-1.9393208026885986,1.6277226209640503,1.7920175790786743,1.7068167924880981
11568,7,70,3,8,36,C1,pct_button,15,,,0.11414014339447022,False,False,False,1.6277226209640503,1.3348979949951172,1.7068167924880981,1.9706265926361084
11576,7,70,4,3,23,A1,pct_button,50,,,9.022029998302461,True,True,False,1.3348979949951172,-0.6661815047264099,1.9706265926361084,48.3733024597168
