t,env_id,episode_id,step_in_ep,action_sub_idx,base_action_idx,target,type,pct,step,dir,reward,done,gate_ok,deviation_exploded,C1_before,C1_after,A1_before,A1_after,A2_before,A2_after,B2_before,B2_after,A3_before,A3_after,S3_before,S3_after,C3_before,C3_after
18744,2,160,-1,,,,,,,,,False,False,False,12.912405014038086,12.912405014038086,26.431833267211914,26.431833267211914,398.7073059082031,398.7073059082031,362.8555603027344,362.8555603027344,2181.56494140625,2181.56494140625,2090.630859375,2090.630859375,2045.3876953125,2045.3876953125
18744,2,160,0,4,24,A1,pct_button,100,,,45.27665853500366,False,False,False,12.912405014038086,8.325250625610352,26.431833267211914,8.544354438781738,398.7073059082031,398.7073059082031,362.8555603027344,362.8555603027344,2181.56494140625,2181.56494140625,2090.630859375,2090.630859375,2045.3876953125,2045.3876953125
18752,2,160,1,12,40,C1,pct_button,100,,,13.887172875404358,False,False,False,8.325250625610352,1.8674728870391846,8.544354438781738,8.15375804901123,398.7073059082031,398.7073059082031,362.8555603027344,362.8555603027344,2181.56494140625,2181.56494140625,2090.630859375,2090.630859375,2045.3876953125,2045.3876953125
18760,2,160,2,12,40,C1,pct_button,100,,,3.9571913450956355,False,False,False,1.8674728870391846,-0.2807721793651581,8.15375804901123,7.8380513191223145,398.7073059082031,398.7073059082031,362.8555603027344,362.8555603027344,2181.56494140625,2181.56494140625,2090.630859375,2090.630859375,2045.3876953125,2045.3876953125
18768,2,160,3,0,20,A1,pct_button,10,,,10.748258349597455,False,False,False,-0.2807721793651581,-0.2336394041776657,7.8380513191223145,2.53372859954834,398.7073059082031,398.7073059082031,362.8555603027344,362.8555603027344,2181.56494140625,2181.56494140625,2090.630859375,2090.630859375,2045.3876953125,2045.3876953125
18776,2,160,4,8,36,C1,pct_button,15,,,0.0636050777137276,False,False,False,-0.2336394041776657,-0.06793182343244553,2.53372859954834,2.6902151107788086,398.7073059082031,398.7073059082031,362.8555603027344,362.8555603027344,2181.56494140625,2181.56494140625,2090.630859375,2090.630859375,2045.3876953125,2045.3876953125
18784,2,160,5,11,39,C1,pct_button,50,,,5.625403942167759,True,True,False,-0.06793182343244553,7.3719353675842285,2.6902151107788086,15.92169189453125,398.7073059082031,357.3868103027344,362.8555603027344,238.8157196044922,2181.56494140625,2173.6884765625,2090.630859375,2914.22900390625,2045.3876953125,2233.379150390625
