t,env_id,episode_id,step_in_ep,action_sub_idx,base_action_idx,target,type,pct,step,dir,reward,done,gate_ok,deviation_exploded,C1_before,C1_after,A1_before,A1_after
1264,4,10,-1,,,,,,,,,False,False,False,3.803410291671753,3.803410291671753,45.19709777832031,45.19709777832031
1264,4,10,0,9,37,C1,pct_button,20,,,3.2683941221237145,False,False,False,3.803410291671753,3.1712586879730225,45.19709777832031,44.66844940185547
1272,4,10,1,0,20,A1,pct_button,10,,,63.32008566141129,False,False,False,3.1712586879730225,1.6943098306655884,44.66844940185547,14.643735885620117
1280,4,10,2,11,39,C1,pct_button,50,,,2.8192601013183616,False,False,False,1.6943098306655884,0.6713919639587402,14.643735885620117,14.402765274047852
1288,4,10,3,2,22,A1,pct_button,30,,,23.851884318590162,False,False,False,0.6713919639587402,-0.5631762146949768,14.402765274047852,2.611788511276245
1296,4,10,4,5,33,C1,pct_button,1,,,0.05349929451942415,False,False,False,-0.5631762146949768,-0.5631762146949768,2.611788511276245,2.611788511276245
1304,4,10,5,0,20,A1,pct_button,10,,,0.05349929451942415,False,False,False,-0.5631762146949768,-0.5631762146949768,2.611788511276245,2.611788511276245
1312,4,10,6,8,36,C1,pct_button,15,,,-0.02250295400619539,False,False,False,-0.5631762146949768,-0.45205390453338623,2.611788511276245,2.761295795440674
1320,4,10,7,11,39,C1,pct_button,50,,,6.16817018032074,True,True,False,-0.45205390453338623,11.311029434204102,2.761295795440674,21.690645217895508
