t,env_id,episode_id,step_in_ep,action_sub_idx,base_action_idx,target,type,pct,step,dir,reward,done,gate_ok,deviation_exploded,C1_before,C1_after,A1_before,A1_after,A2_before,A2_after,B2_before,B2_after,A3_before,A3_after,S3_before,S3_after,C3_before,C3_after
21784,0,240,-1,,,,,,,,,False,True,False,0.3215503394603729,0.3215503394603729,1.1105809211730957,1.1105809211730957,277.7401428222656,277.7401428222656,347.5135803222656,347.5135803222656,2721.792236328125,2721.792236328125,1817.3951416015625,1817.3951416015625,-1645.8514404296875,-1645.8514404296875
21784,0,240,0,2,22,A1,pct_button,30,,,4.1224135756492615,True,True,False,0.3215503394603729,-10.234745979309082,1.1105809211730957,41.30158233642578,277.7401428222656,466.44287109375,347.5135803222656,129.61331176757812,2721.792236328125,1266.6114501953125,1817.3951416015625,2046.0992431640625,-1645.8514404296875,-2044.6058349609375
