t,env_id,episode_id,step_in_ep,action_sub_idx,base_action_idx,target,type,pct,step,dir,reward,done,gate_ok,deviation_exploded,C1_before,C1_after,A1_before,A1_after,A2_before,A2_after,B2_before,B2_after,A3_before,A3_after,S3_before,S3_after,C3_before,C3_after
8704,2,80,-1,,,,,,,,,False,False,False,-9.518020629882812,-9.518020629882812,15.93431568145752,15.93431568145752,252.61904907226562,252.61904907226562,320.24420166015625,320.24420166015625,2859.534912109375,2859.534912109375,1692.6268310546875,1692.6268310546875,1501.1573486328125,1501.1573486328125
8704,2,80,0,3,23,A1,pct_button,50,,,18.01349076271057,False,False,False,-9.518020629882812,-11.422809600830078,15.93431568145752,5.183847904205322,252.61904907226562,252.61904907226562,320.24420166015625,320.24420166015625,2859.534912109375,2859.534912109375,1692.6268310546875,1692.6268310546875,1501.1573486328125,1501.1573486328125
8712,2,80,1,12,40,C1,pct_button,100,,,23.711056635379787,False,False,False,-11.422809600830078,0.6823540925979614,5.183847904205322,4.111715793609619,252.61904907226562,252.61904907226562,320.24420166015625,320.24420166015625,2859.534912109375,2859.534912109375,1692.6268310546875,1692.6268310546875,1501.1573486328125,1501.1573486328125
8720,2,80,2,2,22,A1,pct_button,30,,,10.634547821283341,True,True,False,0.6823540925979614,1.7514010667800903,4.111715793609619,25.66486167907715,252.61904907226562,400.17425537109375,320.24420166015625,154.67404174804688,2859.534912109375,1903.017822265625,1692.6268310546875,1979.0399169921875,1501.1573486328125,1588.60693359375
