t,env_id,episode_id,step_in_ep,action_sub_idx,base_action_idx,target,type,pct,step,dir,reward,done,gate_ok,deviation_exploded,C1_before,C1_after,A1_before,A1_after,A2_before,A2_after,B2_before,B2_after,A3_before,A3_after,S3_before,S3_after,C3_before,C3_after
30840,4,370,-1,,,,,,,,,False,False,False,4.661865711212158,4.661865711212158,20.045095443725586,20.045095443725586,263.7658386230469,263.7658386230469,300.4440612792969,300.4440612792969,2535.66162109375,2535.66162109375,2065.05419921875,2065.05419921875,-1397.08349609375,-1397.08349609375
30840,4,370,0,3,23,A1,pct_button,50,,,-14.827837944030762,False,False,False,4.661865711212158,0.9341411590576172,20.045095443725586,6.479777812957764,263.7658386230469,263.7658386230469,300.4440612792969,300.4440612792969,2535.66162109375,2535.66162109375,2065.05419921875,2065.05419921875,-1397.08349609375,-1397.08349609375
30848,4,370,1,3,23,A1,pct_button,50,,,0.7700176537036896,True,True,False,0.9341411590576172,12.356409072875977,6.479777812957764,27.83507537841797,263.7658386230469,118.33069610595703,300.4440612792969,300.587890625,2535.66162109375,2872.505859375,2065.05419921875,1797.6217041015625,-1397.08349609375,1821.802490234375
