t,env_id,episode_id,step_in_ep,action_sub_idx,base_action_idx,target,type,pct,step,dir,reward,done,gate_ok,deviation_exploded,C1_before,C1_after,A1_before,A1_after,A2_before,A2_after,B2_before,B2_after,A3_before,A3_after,S3_before,S3_after,C3_before,C3_after
31080,2,250,-1,,,,,,,,,False,False,False,11.198565483093262,11.198565483093262,25.0438232421875,25.0438232421875,432.69207763671875,432.69207763671875,380.9459533691406,380.9459533691406,1723.1116943359375,1723.1116943359375,2770.1552734375,2770.1552734375,1849.8927001953125,1849.8927001953125
31080,2,250,0,2,22,A1,pct_button,30,,,43.93032253265381,False,False,False,11.198565483093262,10.005329132080078,25.0438232421875,4.411062240600586,432.69207763671875,432.69207763671875,380.9459533691406,380.9459533691406,1723.1116943359375,1723.1116943359375,2770.1552734375,2770.1552734375,1849.8927001953125,1849.8927001953125
31088,2,250,1,0,20,A1,pct_button,10,,,7.21141185283661,False,False,False,10.005329132080078,9.929267883300781,4.411062240600586,0.9855659008026123,432.69207763671875,432.69207763671875,380.9459533691406,380.9459533691406,1723.1116943359375,1723.1116943359375,2770.1552734375,2770.1552734375,1849.8927001953125,1849.8927001953125
31096,2,250,2,8,36,C1,pct_button,15,,,3.267205402851106,False,False,False,9.929267883300781,8.48005485534668,0.9855659008026123,0.8898755311965942,432.69207763671875,432.69207763671875,380.9459533691406,380.9459533691406,1723.1116943359375,1723.1116943359375,2770.1552734375,2770.1552734375,1849.8927001953125,1849.8927001953125
31104,2,250,3,12,40,C1,pct_button,100,,,21.006956092119214,True,True,False,8.48005485534668,-15.093045234680176,0.8898755311965942,14.820554733276367,432.69207763671875,317.68560791015625,380.9459533691406,336.924560546875,1723.1116943359375,2940.26513671875,2770.1552734375,1550.063720703125,1849.8927001953125,-1448.7264404296875
