t,env_id,episode_id,step_in_ep,action_sub_idx,base_action_idx,target,type,pct,step,dir,reward,done,gate_ok,deviation_exploded,C1_before,C1_after,A1_before,A1_after
20592,5,150,-1,,,,,,,,,False,False,False,3.880258798599243,3.880258798599243,3.182608127593994,3.182608127593994
20592,5,150,0,6,34,C1,pct_button,5,,,0.6457821035385132,False,False,False,3.880258798599243,3.670884609222412,3.182608127593994,3.1321213245391846
20600,5,150,1,1,21,A1,pct_button,20,,,1.4971234846115118,False,False,False,3.670884609222412,3.4351179599761963,3.1321213245391846,2.675431728363037
20608,5,150,2,2,22,A1,pct_button,30,,,2.9752022051811213,False,False,False,3.4351179599761963,3.2574095726013184,2.675431728363037,1.4071849584579468
20616,5,150,3,6,34,C1,pct_button,5,,,0.2619505715370172,False,False,False,3.2574095726013184,3.1375620365142822,1.4071849584579468,1.4368008375167847
20624,5,150,4,11,39,C1,pct_button,50,,,8.821919095516204,True,True,False,3.1375620365142822,-2.4040088653564453,1.4368008375167847,38.49217224121094
