t,env_id,episode_id,step_in_ep,action_sub_idx,base_action_idx,target,type,pct,step,dir,reward,done,gate_ok,deviation_exploded,C1_before,C1_after,A1_before,A1_after
10048,0,70,-1,,,,,,,,,False,False,False,-4.271345138549805,-4.271345138549805,0.0055279782973229885,0.0055279782973229885
10048,0,70,0,12,40,C1,pct_button,100,,,3.7575224740430713,False,False,False,-4.271345138549805,2.079310655593872,0.0055279782973229885,0.33797407150268555
10056,0,70,1,1,21,A1,pct_button,20,,,-0.5275422197580337,False,False,False,2.079310655593872,2.2471766471862793,0.33797407150268555,0.4559100568294525
10064,0,70,2,12,40,C1,pct_button,100,,,8.813719763755799,True,True,False,2.2471766471862793,-18.482837677001953,0.4559100568294525,24.19179916381836
