t,env_id,episode_id,step_in_ep,action_sub_idx,base_action_idx,target,type,pct,step,dir,reward,done,gate_ok,deviation_exploded,C1_before,C1_after,A1_before,A1_after,A2_before,A2_after,B2_before,B2_after,A3_before,A3_after,S3_before,S3_after,C3_before,C3_after
21352,6,250,-1,,,,,,,,,False,False,False,7.238767147064209,7.238767147064209,15.924931526184082,15.924931526184082,355.3528137207031,355.3528137207031,491.0340881347656,491.0340881347656,1953.9705810546875,1953.9705810546875,1563.842041015625,1563.842041015625,2154.742431640625,2154.742431640625
21352,6,250,0,12,40,C1,pct_button,100,,,-32.95772433280945,False,False,False,7.238767147064209,0.6799176931381226,15.924931526184082,15.798944473266602,355.3528137207031,355.3528137207031,491.0340881347656,491.0340881347656,1953.9705810546875,1953.9705810546875,1563.842041015625,1563.842041015625,2154.742431640625,2154.742431640625
21360,6,250,1,0,20,A1,pct_button,10,,,-10.951613247394562,False,False,False,0.6799176931381226,0.36863985657691956,15.798944473266602,5.107166767120361,355.3528137207031,355.3528137207031,491.0340881347656,491.0340881347656,1953.9705810546875,1953.9705810546875,1563.842041015625,1563.842041015625,2154.742431640625,2154.742431640625
21368,6,250,2,3,23,A1,pct_button,50,,,1.0788562297821045,True,True,False,0.36863985657691956,4.4291672706604,5.107166767120361,39.28287124633789,355.3528137207031,156.78395080566406,491.0340881347656,248.35580444335938,1953.9705810546875,1048.076904296875,1563.842041015625,1191.6483154296875,2154.742431640625,-2589.771484375
