t,env_id,episode_id,step_in_ep,action_sub_idx,base_action_idx,target,type,pct,step,dir,reward,done,gate_ok,deviation_exploded,C1_before,C1_after,A1_before,A1_after,A2_before,A2_after,B2_before,B2_after,A3_before,A3_after,S3_before,S3_after,C3_before,C3_after
25768,7,320,-1,,,,,,,,,False,False,False,-0.756992757320404,-0.756992757320404,32.57110595703125,32.57110595703125,269.0029602050781,269.0029602050781,150.80023193359375,150.80023193359375,1099.803466796875,1099.803466796875,2997.48193359375,2997.48193359375,933.2413330078125,933.2413330078125
25768,7,320,0,0,20,A1,pct_button,10,,,-24.250426292419434,False,False,False,-0.756992757320404,-1.5962777137756348,32.57110595703125,10.528935432434082,269.0029602050781,269.0029602050781,150.80023193359375,150.80023193359375,1099.803466796875,1099.803466796875,2997.48193359375,2997.48193359375,933.2413330078125,933.2413330078125
25776,7,320,1,0,20,A1,pct_button,10,,,-10.377787828445435,False,False,False,-1.5962777137756348,-1.78531014919281,10.528935432434082,3.4035837650299072,269.0029602050781,269.0029602050781,150.80023193359375,150.80023193359375,1099.803466796875,1099.803466796875,2997.48193359375,2997.48193359375,933.2413330078125,933.2413330078125
25784,7,320,2,12,40,C1,pct_button,100,,,-8.656963348388672,False,False,False,-1.78531014919281,0.847658634185791,3.4035837650299072,3.480823040008545,269.0029602050781,269.0029602050781,150.80023193359375,150.80023193359375,1099.803466796875,1099.803466796875,2997.48193359375,2997.48193359375,933.2413330078125,933.2413330078125
25792,7,320,3,12,40,C1,pct_button,100,,,-8.656963348388672,False,False,False,0.847658634185791,0.847658634185791,3.480823040008545,3.480823040008545,269.0029602050781,269.0029602050781,150.80023193359375,150.80023193359375,1099.803466796875,1099.803466796875,2997.48193359375,2997.48193359375,933.2413330078125,933.2413330078125
25800,7,320,4,1,21,A1,pct_button,20,,,0.9694569110870361,True,True,False,0.847658634185791,14.410761833190918,3.480823040008545,12.643043518066406,269.0029602050781,111.67290496826172,150.80023193359375,436.8722229003906,1099.803466796875,2481.413330078125,2997.48193359375,2922.470947265625,933.2413330078125,-1915.8343505859375
