t,env_id,episode_id,step_in_ep,action_sub_idx,base_action_idx,target,type,pct,step,dir,reward,done,gate_ok,deviation_exploded,C1_before,C1_after,A1_before,A1_after
13592,4,130,-1,,,,,,,,,False,False,False,-7.029338359832764,-7.029338359832764,32.188270568847656,32.188270568847656
13592,4,130,0,0,20,A1,pct_button,10,,,41.66166487693787,False,False,False,-7.029338359832764,-7.528476238250732,32.188270568847656,11.03897476196289
13600,4,130,1,9,37,C1,pct_button,20,,,3.2593953514099123,False,False,False,-7.528476238250732,-6.076984405517578,11.03897476196289,11.026806831359863
13608,4,130,2,12,40,C1,pct_button,100,,,14.329894138425589,False,False,False,-6.076984405517578,0.10703053325414658,11.026806831359863,9.927155494689941
13616,4,130,3,0,20,A1,pct_button,10,,,21.027253440096974,True,True,False,0.10703053325414658,7.292675018310547,9.927155494689941,37.18418884277344
