t,env_id,episode_id,step_in_ep,action_sub_idx,base_action_idx,target,type,pct,step,dir,reward,done,gate_ok,deviation_exploded,C1_before,C1_after,A1_before,A1_after
47288,5,100,-1,,,,,,,,,False,False,False,-9.643997192382812,-9.643997192382812,5.169331073760986,5.169331073760986
47288,5,100,0,11,39,C1,pct_button,50,,,4.344875125885009,False,False,False,-9.643997192382812,-4.547722816467285,5.169331073760986,8.215803146362305
47296,5,100,1,6,34,C1,pct_button,5,,,1.4214383983612053,False,False,False,-4.547722816467285,-4.219289779663086,8.215803146362305,7.950212001800537
47304,5,100,2,2,22,A1,pct_button,30,,,16.284444200992585,False,False,False,-4.219289779663086,-1.845504641532898,7.950212001800537,2.2174041271209717
47312,5,100,3,9,37,C1,pct_button,20,,,0.17076319456100442,False,False,False,-1.845504641532898,-1.8536111116409302,2.2174041271209717,2.1590425968170166
47320,5,100,4,3,23,A1,pct_button,50,,,6.57081529378891,True,True,False,-1.8536111116409302,2.011483907699585,2.1590425968170166,27.599679946899414
