t,env_id,episode_id,step_in_ep,action_sub_idx,base_action_idx,target,type,pct,step,dir,reward,done,gate_ok,deviation_exploded,C1_before,C1_after,A1_before,A1_after,A2_before,A2_after,B2_before,B2_after,A3_before,A3_after,S3_before,S3_after,C3_before,C3_after
37872,1,500,-1,,,,,,,,,False,False,False,-2.7352700233459473,-2.7352700233459473,10.224713325500488,10.224713325500488,188.05335998535156,188.05335998535156,401.339111328125,401.339111328125,2228.5185546875,2228.5185546875,2257.13623046875,2257.13623046875,-2843.862548828125,-2843.862548828125
37872,1,500,0,3,23,A1,pct_button,50,,,-25.91996669769287,False,False,False,-2.7352700233459473,-2.7352700233459473,10.224713325500488,10.224713325500488,188.05335998535156,188.05335998535156,401.339111328125,401.339111328125,2228.5185546875,2228.5185546875,2257.13623046875,2257.13623046875,-2843.862548828125,-2843.862548828125
37880,1,500,1,2,22,A1,pct_button,30,,,-12.791447162628174,False,False,False,-2.7352700233459473,-3.0904829502105713,10.224713325500488,3.3052406311035156,188.05335998535156,188.05335998535156,401.339111328125,401.339111328125,2228.5185546875,2228.5185546875,2257.13623046875,2257.13623046875,-2843.862548828125,-2843.862548828125
37888,1,500,2,1,21,A1,pct_button,20,,,-8.04442548751831,False,False,False,-3.0904829502105713,-2.9537606239318848,3.3052406311035156,1.0684521198272705,188.05335998535156,188.05335998535156,401.339111328125,401.339111328125,2228.5185546875,2228.5185546875,2257.13623046875,2257.13623046875,-2843.862548828125,-2843.862548828125
37896,1,500,3,12,40,C1,pct_button,100,,,-5.679736852645874,False,False,False,-2.9537606239318848,-1.5747530460357666,1.0684521198272705,1.2651153802871704,188.05335998535156,188.05335998535156,401.339111328125,401.339111328125,2228.5185546875,2228.5185546875,2257.13623046875,2257.13623046875,-2843.862548828125,-2843.862548828125
37904,1,500,4,12,40,C1,pct_button,100,,,2.3412718772888184,True,True,False,-1.5747530460357666,-3.716055393218994,1.2651153802871704,25.34661293029785,188.05335998535156,477.2969665527344,401.339111328125,158.7120819091797,2228.5185546875,1899.4781494140625,2257.13623046875,2255.995361328125,-2843.862548828125,-1256.8404541015625
