t,env_id,episode_id,step_in_ep,action_sub_idx,base_action_idx,target,type,pct,step,dir,reward,done,gate_ok,deviation_exploded,C1_before,C1_after,A1_before,A1_after,A2_before,A2_after,B2_before,B2_after,A3_before,A3_after,S3_before,S3_after,C3_before,C3_after
7920,1,80,-1,,,,,,,,,False,False,False,18.326555252075195,18.326555252075195,26.859798431396484,26.859798431396484,295.89031982421875,295.89031982421875,321.515869140625,321.515869140625,2678.887939453125,2678.887939453125,1883.2171630859375,1883.2171630859375,-972.52880859375,-972.52880859375
7920,1,80,0,5,33,C1,pct_button,1,,,1.313868293762203,False,False,False,18.326555252075195,18.10753631591797,26.859798431396484,26.86662483215332,295.89031982421875,295.89031982421875,321.515869140625,321.515869140625,2678.887939453125,2678.887939453125,1883.2171630859375,1883.2171630859375,-972.52880859375,-972.52880859375
7928,1,80,1,1,21,A1,pct_button,20,,,37.50175043106079,False,False,False,18.10753631591797,17.331453323364258,26.86662483215332,9.151663780212402,295.89031982421875,295.89031982421875,321.515869140625,321.515869140625,2678.887939453125,2678.887939453125,1883.2171630859375,1883.2171630859375,-972.52880859375,-972.52880859375
7936,1,80,2,12,40,C1,pct_button,100,,,31.219663591384887,False,False,False,17.331453323364258,-2.812469005584717,9.151663780212402,8.165596961975098,295.89031982421875,295.89031982421875,321.515869140625,321.515869140625,2678.887939453125,2678.887939453125,1883.2171630859375,1883.2171630859375,-972.52880859375,-972.52880859375
7944,1,80,3,12,40,C1,pct_button,100,,,4.269044387340545,False,False,False,-2.812469005584717,0.8538292646408081,8.165596961975098,8.073992729187012,295.89031982421875,295.89031982421875,321.515869140625,321.515869140625,2678.887939453125,2678.887939453125,1883.2171630859375,1883.2171630859375,-972.52880859375,-972.52880859375
7952,1,80,4,2,22,A1,pct_button,30,,,19.617446141839025,True,True,False,0.8538292646408081,17.807344436645508,8.073992729187012,36.53120803833008,295.89031982421875,124.62168884277344,321.515869140625,290.2682189941406,2678.887939453125,1473.3604736328125,1883.2171630859375,1114.634765625,-972.52880859375,1217.50341796875
