t,env_id,episode_id,step_in_ep,action_sub_idx,base_action_idx,target,type,pct,step,dir,reward,done,gate_ok,deviation_exploded,C1_before,C1_after,A1_before,A1_after,A2_before,A2_after,B2_before,B2_after,A3_before,A3_after,S3_before,S3_after,C3_before,C3_after
41688,2,560,-1,,,,,,,,,False,False,False,-8.70729923248291,-8.70729923248291,4.238250255584717,4.238250255584717,190.34555053710938,190.34555053710938,262.14593505859375,262.14593505859375,1481.8875732421875,1481.8875732421875,2033.5340576171875,2033.5340576171875,2482.169921875,2482.169921875
41688,2,560,0,0,20,A1,pct_button,10,,,-20.543342113494873,False,False,False,-8.70729923248291,-8.90161418914795,4.238250255584717,1.3700568675994873,190.34555053710938,190.34555053710938,262.14593505859375,262.14593505859375,1481.8875732421875,1481.8875732421875,2033.5340576171875,2033.5340576171875,2482.169921875,2482.169921875
41696,2,560,1,12,40,C1,pct_button,100,,,-6.377558469772339,False,False,False,-8.90161418914795,1.8175781965255737,1.3700568675994873,1.3712010383605957,190.34555053710938,190.34555053710938,262.14593505859375,262.14593505859375,1481.8875732421875,1481.8875732421875,2033.5340576171875,2033.5340576171875,2482.169921875,2482.169921875
41704,2,560,2,12,40,C1,pct_button,100,,,-0.03380817174911499,True,True,False,1.8175781965255737,7.961536407470703,1.3712010383605957,2.309685468673706,190.34555053710938,340.07568359375,262.14593505859375,499.6689758300781,1481.8875732421875,2901.727294921875,2033.5340576171875,2623.59228515625,2482.169921875,2510.76318359375
