t,env_id,episode_id,step_in_ep,action_sub_idx,base_action_idx,target,type,pct,step,dir,reward,done,gate_ok,deviation_exploded,C1_before,C1_after,A1_before,A1_after,A2_before,A2_after,B2_before,B2_after,A3_before,A3_after,S3_before,S3_after,C3_before,C3_after
41280,6,540,-1,,,,,,,,,False,False,False,12.689287185668945,12.689287185668945,32.33116912841797,32.33116912841797,315.1671447753906,315.1671447753906,446.5691833496094,446.5691833496094,2491.1220703125,2491.1220703125,1671.7235107421875,1671.7235107421875,1443.3153076171875,1443.3153076171875
41280,6,540,0,12,40,C1,pct_button,100,,,-74.9891881942749,False,False,False,12.689287185668945,5.2624125480651855,32.33116912841797,32.232181549072266,315.1671447753906,315.1671447753906,446.5691833496094,446.5691833496094,2491.1220703125,2491.1220703125,1671.7235107421875,1671.7235107421875,1443.3153076171875,1443.3153076171875
41288,6,540,1,0,20,A1,pct_button,10,,,-29.889795303344727,False,False,False,5.2624125480651855,4.5255231857299805,32.232181549072266,10.419374465942383,315.1671447753906,315.1671447753906,446.5691833496094,446.5691833496094,2491.1220703125,2491.1220703125,1671.7235107421875,1671.7235107421875,1443.3153076171875,1443.3153076171875
41296,6,540,2,12,40,C1,pct_button,100,,,-26.673025131225586,False,False,False,4.5255231857299805,2.121068000793457,10.419374465942383,11.215444564819336,315.1671447753906,315.1671447753906,446.5691833496094,446.5691833496094,2491.1220703125,2491.1220703125,1671.7235107421875,1671.7235107421875,1443.3153076171875,1443.3153076171875
41304,6,540,3,3,23,A1,pct_button,50,,,-8.987285256385803,False,False,False,2.121068000793457,0.8681381344795227,11.215444564819336,3.625504493713379,315.1671447753906,315.1671447753906,446.5691833496094,446.5691833496094,2491.1220703125,2491.1220703125,1671.7235107421875,1671.7235107421875,1443.3153076171875,1443.3153076171875
41312,6,540,4,2,22,A1,pct_button,30,,,0.8369669914245605,True,True,False,0.8681381344795227,-12.879478454589844,3.625504493713379,17.22793960571289,315.1671447753906,121.43699645996094,446.5691833496094,437.8981018066406,2491.1220703125,2628.5009765625,1671.7235107421875,1390.9862060546875,1443.3153076171875,-1672.8984375
