t,env_id,episode_id,step_in_ep,action_sub_idx,base_action_idx,target,type,pct,step,dir,reward,done,gate_ok,deviation_exploded,C1_before,C1_after,A1_before,A1_after,A2_before,A2_after,B2_before,B2_after,A3_before,A3_after,S3_before,S3_after,C3_before,C3_after
21352,3,190,-1,,,,,,,,,False,False,False,2.338031768798828,2.338031768798828,7.303709030151367,7.303709030151367,408.205810546875,408.205810546875,311.3669738769531,311.3669738769531,2581.449462890625,2581.449462890625,1143.580078125,1143.580078125,2138.639892578125,2138.639892578125
21352,3,190,0,0,20,A1,pct_button,10,,,9.417182421684265,False,False,False,2.338031768798828,2.005521059036255,7.303709030151367,2.972407817840576,408.205810546875,408.205810546875,311.3669738769531,311.3669738769531,2581.449462890625,2581.449462890625,1143.580078125,1143.580078125,2138.639892578125,2138.639892578125
21360,3,190,1,6,34,C1,pct_button,5,,,0.4534974122047417,False,False,False,2.005521059036255,1.919089436531067,2.972407817840576,2.8750319480895996,408.205810546875,408.205810546875,311.3669738769531,311.3669738769531,2581.449462890625,2581.449462890625,1143.580078125,1143.580078125,2138.639892578125,2138.639892578125
21368,3,190,2,2,22,A1,pct_button,30,,,5.128074511289597,False,False,False,1.919089436531067,1.6069942712783813,2.8750319480895996,0.6405654549598694,408.205810546875,408.205810546875,311.3669738769531,311.3669738769531,2581.449462890625,2581.449462890625,1143.580078125,1143.580078125,2138.639892578125,2138.639892578125
21376,3,190,3,11,39,C1,pct_button,50,,,0.03495119452476537,False,False,False,1.6069942712783813,1.6069942712783813,0.6405654549598694,0.6405654549598694,408.205810546875,408.205810546875,311.3669738769531,311.3669738769531,2581.449462890625,2581.449462890625,1143.580078125,1143.580078125,2138.639892578125,2138.639892578125
21384,3,190,4,12,40,C1,pct_button,100,,,0.9400505673885344,False,False,False,1.6069942712783813,-1.566724181175232,0.6405654549598694,0.2237146496772766,408.205810546875,408.205810546875,311.3669738769531,311.3669738769531,2581.449462890625,2581.449462890625,1143.580078125,1143.580078125,2138.639892578125,2138.639892578125
21392,3,190,5,12,40,C1,pct_button,100,,,6.581645604223013,True,True,False,-1.566724181175232,17.151416778564453,0.2237146496772766,18.718284606933594,408.205810546875,256.9145202636719,311.3669738769531,256.6080322265625,2581.449462890625,1706.5404052734375,1143.580078125,1373.529541015625,2138.639892578125,-1032.20263671875
