t,env_id,episode_id,step_in_ep,action_sub_idx,base_action_idx,target,type,pct,step,dir,reward,done,gate_ok,deviation_exploded,C1_before,C1_after,A1_before,A1_after
47632,3,470,-1,,,,,,,,,False,False,False,-4.9106340408325195,-4.9106340408325195,2.748143196105957,2.748143196105957
47632,3,470,0,0,20,A1,pct_button,10,,,4.367333790063858,False,False,False,-4.9106340408325195,-5.0517473220825195,2.748143196105957,0.47361665964126587
47640,3,470,1,6,34,C1,pct_button,5,,,0.5695325207710267,False,False,False,-5.0517473220825195,-4.778963088989258,0.47361665964126587,0.5095194578170776
47648,3,470,2,1,21,A1,pct_button,20,,,0.09576965093612679,False,False,False,-4.778963088989258,-4.778963088989258,0.5095194578170776,0.5095194578170776
47656,3,470,3,9,37,C1,pct_button,20,,,3.6021718242764473,False,False,False,-4.778963088989258,-3.2788071632385254,0.5095194578170776,0.2387651950120926
47664,3,470,4,2,22,A1,pct_button,30,,,-1.6507881188392644,False,False,False,-3.2788071632385254,-3.4620420932769775,0.2387651950120926,0.9197421669960022
47672,3,470,5,0,20,A1,pct_button,10,,,1.8762623174116013,False,False,False,-3.4620420932769775,-3.456847906112671,0.9197421669960022,0.016539065167307854
47680,3,470,6,12,40,C1,pct_button,100,,,9.950936575978995,True,True,False,-3.456847906112671,-10.434470176696777,0.016539065167307854,21.39544105529785
