t,env_id,episode_id,step_in_ep,action_sub_idx,base_action_idx,target,type,pct,step,dir,reward,done,gate_ok,deviation_exploded,C1_before,C1_after,A1_before,A1_after
24112,7,230,-1,,,,,,,,,False,False,False,6.880983352661133,6.880983352661133,3.9969310760498047,3.9969310760498047
24112,7,230,0,2,22,A1,pct_button,30,,,3.7687238931655873,False,False,False,6.880983352661133,6.838927745819092,3.9969310760498047,2.2404181957244873
24120,7,230,1,6,34,C1,pct_button,5,,,0.8720501375198368,False,False,False,6.838927745819092,6.548247337341309,2.2404181957244873,2.1773293018341064
24128,7,230,2,4,24,A1,pct_button,100,,,0.16451153278350872,False,False,False,6.548247337341309,6.548247337341309,2.1773293018341064,2.1773293018341064
24136,7,230,3,2,22,A1,pct_button,30,,,2.0876144981384286,False,False,False,6.548247337341309,6.548707962036133,2.1773293018341064,1.2056045532226562
24144,7,230,4,4,24,A1,pct_button,100,,,0.7923912191390998,False,False,False,6.548707962036133,5.906564235687256,1.2056045532226562,1.5208265781402588
24152,7,230,5,12,40,C1,pct_button,100,,,10.668836121559144,False,False,False,5.906564235687256,-1.4399099349975586,1.5208265781402588,0.6691534519195557
24160,7,230,6,7,35,C1,pct_button,10,,,0.5812028133869169,False,False,False,-1.4399099349975586,-1.303868055343628,0.6691534519195557,0.5279117226600647
24168,7,230,7,12,40,C1,pct_button,100,,,7.255129831433297,True,True,False,-1.303868055343628,-5.928640842437744,0.5279117226600647,48.174381256103516
