t,env_id,episode_id,step_in_ep,action_sub_idx,base_action_idx,target,type,pct,step,dir,reward,done,gate_ok,deviation_exploded,C1_before,C1_after,A1_before,A1_after,A2_before,A2_after,B2_before,B2_after,A3_before,A3_after,S3_before,S3_after,C3_before,C3_after
35672,1,460,-1,,,,,,,,,False,False,False,7.333215713500977,7.333215713500977,7.434952259063721,7.434952259063721,143.25125122070312,143.25125122070312,247.9180908203125,247.9180908203125,2653.14501953125,2653.14501953125,1515.484375,1515.484375,1198.1409912109375,1198.1409912109375
35672,1,460,0,12,40,C1,pct_button,100,,,-15.694422721862793,False,False,False,7.333215713500977,0.9631280899047852,7.434952259063721,6.884083271026611,143.25125122070312,143.25125122070312,247.9180908203125,247.9180908203125,2653.14501953125,2653.14501953125,1515.484375,1515.484375,1198.1409912109375,1198.1409912109375
35680,1,460,1,10,38,C1,pct_button,30,,,-15.24258840084076,False,False,False,0.9631280899047852,0.7382857203483582,6.884083271026611,6.8830084800720215,143.25125122070312,143.25125122070312,247.9180908203125,247.9180908203125,2653.14501953125,2653.14501953125,1515.484375,1515.484375,1198.1409912109375,1198.1409912109375
35688,1,460,2,8,36,C1,pct_button,15,,,-15.481813192367554,False,False,False,0.7382857203483582,0.6591576337814331,6.8830084800720215,7.081748962402344,143.25125122070312,143.25125122070312,247.9180908203125,247.9180908203125,2653.14501953125,2653.14501953125,1515.484375,1515.484375,1198.1409912109375,1198.1409912109375
35696,1,460,3,12,40,C1,pct_button,100,,,-14.48681789636612,False,False,False,0.6591576337814331,0.3513334095478058,7.081748962402344,6.892075538635254,143.25125122070312,143.25125122070312,247.9180908203125,247.9180908203125,2653.14501953125,2653.14501953125,1515.484375,1515.484375,1198.1409912109375,1198.1409912109375
35704,1,460,4,12,40,C1,pct_button,100,,,-14.622686360031366,False,False,False,0.3513334095478058,-0.01715468056499958,6.892075538635254,7.294188499450684,143.25125122070312,143.25125122070312,247.9180908203125,247.9180908203125,2653.14501953125,2653.14501953125,1515.484375,1515.484375,1198.1409912109375,1198.1409912109375
35712,1,460,5,3,23,A1,pct_button,50,,,-1.7485473155975342,True,True,False,-0.01715468056499958,1.7831361293792725,7.294188499450684,10.237991333007812,143.25125122070312,204.4941864013672,247.9180908203125,160.58816528320312,2653.14501953125,1451.8924560546875,1515.484375,2551.2060546875,1198.1409912109375,1159.799560546875
