t,env_id,episode_id,step_in_ep,action_sub_idx,base_action_idx,target,type,pct,step,dir,reward,done,gate_ok,deviation_exploded,C1_before,C1_after,A1_before,A1_after,A2_before,A2_after,B2_before,B2_after,A3_before,A3_after,S3_before,S3_after,C3_before,C3_after
6448,0,50,-1,,,,,,,,,False,False,False,-5.780622959136963,-5.780622959136963,2.800934076309204,2.800934076309204,441.1557922363281,441.1557922363281,327.2265625,327.2265625,2261.311279296875,2261.311279296875,1917.1192626953125,1917.1192626953125,-1878.9100341796875,-1878.9100341796875
6448,0,50,0,7,35,C1,pct_button,10,,,0.7202513790130618,False,False,False,-5.780622959136963,-5.479523181915283,2.800934076309204,2.8199024200439453,441.1557922363281,441.1557922363281,327.2265625,327.2265625,2261.311279296875,2261.311279296875,1917.1192626953125,1917.1192626953125,-1878.9100341796875,-1878.9100341796875
6456,0,50,1,7,35,C1,pct_button,10,,,1.190065574645997,False,False,False,-5.479523181915283,-5.1009297370910645,2.8199024200439453,2.676234722137451,441.1557922363281,441.1557922363281,327.2265625,327.2265625,2261.311279296875,2261.311279296875,1917.1192626953125,1917.1192626953125,-1878.9100341796875,-1878.9100341796875
6464,0,50,2,9,37,C1,pct_button,20,,,2.156178665161134,False,False,False,-5.1009297370910645,-4.300190448760986,2.676234722137451,2.4615015983581543,441.1557922363281,441.1557922363281,327.2265625,327.2265625,2261.311279296875,2261.311279296875,1917.1192626953125,1917.1192626953125,-1878.9100341796875,-1878.9100341796875
6472,0,50,3,12,40,C1,pct_button,100,,,7.023358782827854,False,False,False,-4.300190448760986,-0.21328403055667877,2.4615015983581543,3.0645065307617188,441.1557922363281,441.1557922363281,327.2265625,327.2265625,2261.311279296875,2261.311279296875,1917.1192626953125,1917.1192626953125,-1878.9100341796875,-1878.9100341796875
6480,0,50,4,6,34,C1,pct_button,5,,,0.3852940294146536,False,False,False,-0.21328403055667877,-0.10510633885860443,3.0645065307617188,3.0061497688293457,441.1557922363281,441.1557922363281,327.2265625,327.2265625,2261.311279296875,2261.311279296875,1917.1192626953125,1917.1192626953125,-1878.9100341796875,-1878.9100341796875
6488,0,50,5,1,21,A1,pct_button,20,,,8.799338857829571,True,True,False,-0.10510633885860443,-14.482525825500488,3.0061497688293457,5.67313814163208,441.1557922363281,244.64601135253906,327.2265625,455.6128845214844,2261.311279296875,2637.455078125,1917.1192626953125,2657.138427734375,-1878.9100341796875,1969.099609375
