t,env_id,episode_id,step_in_ep,action_sub_idx,base_action_idx,target,type,pct,step,dir,reward,done,gate_ok,deviation_exploded,C1_before,C1_after,A1_before,A1_after,A2_before,A2_after,B2_before,B2_after,A3_before,A3_after,S3_before,S3_after,C3_before,C3_after
44184,3,590,-1,,,,,,,,,False,False,False,-8.916020393371582,-8.916020393371582,1.5158777236938477,1.5158777236938477,228.8447723388672,228.8447723388672,247.62461853027344,247.62461853027344,1472.8160400390625,1472.8160400390625,2819.784423828125,2819.784423828125,-1634.568603515625,-1634.568603515625
44184,3,590,0,4,24,A1,pct_button,100,,,-21.188569962978363,False,False,False,-8.916020393371582,-10.104262351989746,1.5158777236938477,0.4900226294994354,228.8447723388672,228.8447723388672,247.62461853027344,247.62461853027344,1472.8160400390625,1472.8160400390625,2819.784423828125,2819.784423828125,-1634.568603515625,-1634.568603515625
44192,3,590,1,0,20,A1,pct_button,10,,,-21.188569962978363,False,False,False,-10.104262351989746,-10.104262351989746,0.4900226294994354,0.4900226294994354,228.8447723388672,228.8447723388672,247.62461853027344,247.62461853027344,1472.8160400390625,1472.8160400390625,2819.784423828125,2819.784423828125,-1634.568603515625,-1634.568603515625
44200,3,590,2,12,40,C1,pct_button,100,,,-2.86371049284935,False,False,False,-10.104262351989746,-1.2580888271331787,0.4900226294994354,0.17376641929149628,228.8447723388672,228.8447723388672,247.62461853027344,247.62461853027344,1472.8160400390625,1472.8160400390625,2819.784423828125,2819.784423828125,-1634.568603515625,-1634.568603515625
44208,3,590,3,1,21,A1,pct_button,20,,,-2.86371049284935,False,False,False,-1.2580888271331787,-1.2580888271331787,0.17376641929149628,0.17376641929149628,228.8447723388672,228.8447723388672,247.62461853027344,247.62461853027344,1472.8160400390625,1472.8160400390625,2819.784423828125,2819.784423828125,-1634.568603515625,-1634.568603515625
44216,3,590,4,12,40,C1,pct_button,100,,,3.975095748901367,True,True,False,-1.2580888271331787,-9.368847846984863,0.17376641929149628,21.801218032836914,228.8447723388672,339.73724365234375,247.62461853027344,473.7510986328125,1472.8160400390625,2721.56884765625,2819.784423828125,2619.447021484375,-1634.568603515625,-2343.297607421875
