t,env_id,episode_id,step_in_ep,action_sub_idx,base_action_idx,target,type,pct,step,dir,reward,done,gate_ok,deviation_exploded,C1_before,C1_after,A1_before,A1_after,A2_before,A2_after,B2_before,B2_after,A3_before,A3_after,S3_before,S3_after,C3_before,C3_after
46592,6,640,-1,,,,,,,,,False,False,False,-7.204505920410156,-7.204505920410156,26.57731819152832,26.57731819152832,309.1452331542969,309.1452331542969,147.02169799804688,147.02169799804688,1819.3966064453125,1819.3966064453125,2827.793701171875,2827.793701171875,2120.0341796875,2120.0341796875
46592,6,640,0,4,24,A1,pct_button,100,,,-45.28268051147461,False,False,False,-7.204505920410156,-14.049956321716309,26.57731819152832,8.591383934020996,309.1452331542969,309.1452331542969,147.02169799804688,147.02169799804688,1819.3966064453125,1819.3966064453125,2827.793701171875,2827.793701171875,2120.0341796875,2120.0341796875
46600,6,640,1,0,20,A1,pct_button,10,,,-34.43990421295166,False,False,False,-14.049956321716309,-14.44270133972168,8.591383934020996,2.7772507667541504,309.1452331542969,309.1452331542969,147.02169799804688,147.02169799804688,1819.3966064453125,1819.3966064453125,2827.793701171875,2827.793701171875,2120.0341796875,2120.0341796875
46608,6,640,2,2,22,A1,pct_button,30,,,-29.98226034641266,False,False,False,-14.44270133972168,-14.093356132507324,2.7772507667541504,0.8977740406990051,309.1452331542969,309.1452331542969,147.02169799804688,147.02169799804688,1819.3966064453125,1819.3966064453125,2827.793701171875,2827.793701171875,2120.0341796875,2120.0341796875
46616,6,640,3,12,40,C1,pct_button,100,,,2.317432701587677,True,True,False,-14.093356132507324,6.89367151260376,0.8977740406990051,4.004029273986816,309.1452331542969,189.7711181640625,147.02169799804688,467.3569641113281,1819.3966064453125,1377.1845703125,2827.793701171875,1600.0164794921875,2120.0341796875,2834.357421875
