t,env_id,episode_id,step_in_ep,action_sub_idx,base_action_idx,target,type,pct,step,dir,reward,done,gate_ok,deviation_exploded,C1_before,C1_after,A1_before,A1_after,A2_before,A2_after,B2_before,B2_after,A3_before,A3_after,S3_before,S3_after,C3_before,C3_after
12040,7,120,-1,,,,,,,,,False,False,False,15.667484283447266,15.667484283447266,7.261486530303955,7.261486530303955,207.46165466308594,207.46165466308594,366.0269470214844,366.0269470214844,1383.607177734375,1383.607177734375,2455.26904296875,2455.26904296875,-2184.15380859375,-2184.15380859375
12040,7,120,0,9,37,C1,pct_button,20,,,-41.02818012237549,False,False,False,15.667484283447266,13.161554336547852,7.261486530303955,7.352535724639893,207.46165466308594,207.46165466308594,366.0269470214844,366.0269470214844,1383.607177734375,1383.607177734375,2455.26904296875,2455.26904296875,-2184.15380859375,-2184.15380859375
12048,7,120,1,0,20,A1,pct_button,10,,,-30.389788150787354,False,False,False,13.161554336547852,12.818113327026367,7.352535724639893,2.3767807483673096,207.46165466308594,207.46165466308594,366.0269470214844,366.0269470214844,1383.607177734375,1383.607177734375,2455.26904296875,2455.26904296875,-2184.15380859375,-2184.15380859375
12056,7,120,2,11,39,C1,pct_button,50,,,-21.224465370178223,False,False,False,12.818113327026367,8.341675758361816,2.3767807483673096,2.270556926727295,207.46165466308594,207.46165466308594,366.0269470214844,366.0269470214844,1383.607177734375,1383.607177734375,2455.26904296875,2455.26904296875,-2184.15380859375,-2184.15380859375
12064,7,120,3,12,40,C1,pct_button,100,,,-1.4030075073242188,True,True,False,8.341675758361816,7.679084777832031,2.270556926727295,27.348491668701172,207.46165466308594,254.9048309326172,366.0269470214844,414.3928527832031,1383.607177734375,1752.5595703125,2455.26904296875,1434.167724609375,-2184.15380859375,2606.916259765625
