t,env_id,episode_id,step_in_ep,action_sub_idx,base_action_idx,target,type,pct,step,dir,reward,done,gate_ok,deviation_exploded,C1_before,C1_after,A1_before,A1_after,A2_before,A2_after,B2_before,B2_after,A3_before,A3_after,S3_before,S3_after,C3_before,C3_after
39232,5,530,-1,,,,,,,,,False,False,False,19.681800842285156,19.681800842285156,7.956465721130371,7.956465721130371,398.43414306640625,398.43414306640625,265.62408447265625,265.62408447265625,1445.0224609375,1445.0224609375,1331.44140625,1331.44140625,1310.5321044921875,1310.5321044921875
39232,5,530,0,12,40,C1,pct_button,100,,,-24.65652561187744,False,False,False,19.681800842285156,4.945014953613281,7.956465721130371,7.3832478523254395,398.43414306640625,398.43414306640625,265.62408447265625,265.62408447265625,1445.0224609375,1445.0224609375,1331.44140625,1331.44140625,1310.5321044921875,1310.5321044921875
39240,5,530,1,12,40,C1,pct_button,100,,,-18.10289454460144,False,False,False,4.945014953613281,1.2268608808517456,7.3832478523254395,7.824586391448975,398.43414306640625,398.43414306640625,265.62408447265625,265.62408447265625,1445.0224609375,1445.0224609375,1331.44140625,1331.44140625,1310.5321044921875,1310.5321044921875
39248,5,530,2,12,40,C1,pct_button,100,,,-15.764104753732681,False,False,False,1.2268608808517456,-0.12844033539295197,7.824586391448975,7.753612041473389,398.43414306640625,398.43414306640625,265.62408447265625,265.62408447265625,1445.0224609375,1445.0224609375,1331.44140625,1331.44140625,1310.5321044921875,1310.5321044921875
39256,5,530,3,2,22,A1,pct_button,30,,,-6.44675600528717,False,False,False,-0.12844033539295197,-0.716945469379425,7.753612041473389,2.50643253326416,398.43414306640625,398.43414306640625,265.62408447265625,265.62408447265625,1445.0224609375,1445.0224609375,1331.44140625,1331.44140625,1310.5321044921875,1310.5321044921875
39264,5,530,4,0,20,A1,pct_button,10,,,1.9158098697662354,True,True,False,-0.716945469379425,-3.1695384979248047,2.50643253326416,49.1834831237793,398.43414306640625,441.3196716308594,265.62408447265625,338.142578125,1445.0224609375,2854.319580078125,1331.44140625,1727.7882080078125,1310.5321044921875,1101.053466796875
