t,env_id,episode_id,step_in_ep,action_sub_idx,base_action_idx,target,type,pct,step,dir,reward,done,gate_ok,deviation_exploded,C1_before,C1_after,A1_before,A1_after,A2_before,A2_after,B2_before,B2_after,A3_before,A3_after,S3_before,S3_after,C3_before,C3_after
24088,5,290,-1,,,,,,,,,False,False,False,-13.953811645507812,-13.953811645507812,12.383307456970215,12.383307456970215,308.03173828125,308.03173828125,152.38616943359375,152.38616943359375,2581.646484375,2581.646484375,1168.658203125,1168.658203125,1587.071044921875,1587.071044921875
24088,5,290,0,12,40,C1,pct_button,100,,,-33.09427547454834,False,False,False,-13.953811645507812,3.8339285850524902,12.383307456970215,12.71320915222168,308.03173828125,308.03173828125,152.38616943359375,152.38616943359375,2581.646484375,2581.646484375,1168.658203125,1168.658203125,1587.071044921875,1587.071044921875
24096,5,290,1,0,20,A1,pct_button,10,,,-15.30163288116455,False,False,False,3.8339285850524902,3.541144371032715,12.71320915222168,4.1096720695495605,308.03173828125,308.03173828125,152.38616943359375,152.38616943359375,2581.646484375,2581.646484375,1168.658203125,1168.658203125,1587.071044921875,1587.071044921875
24104,5,290,2,10,38,C1,pct_button,30,,,-12.843657970428467,False,False,False,3.541144371032715,2.294924020767212,4.1096720695495605,4.1269049644470215,308.03173828125,308.03173828125,152.38616943359375,152.38616943359375,2581.646484375,2581.646484375,1168.658203125,1168.658203125,1587.071044921875,1587.071044921875
24112,5,290,3,9,37,C1,pct_button,20,,,-12.089606285095215,False,False,False,2.294924020767212,1.6311402320861816,4.1269049644470215,4.413662910461426,308.03173828125,308.03173828125,152.38616943359375,152.38616943359375,2581.646484375,2581.646484375,1168.658203125,1168.658203125,1587.071044921875,1587.071044921875
24120,5,290,4,2,22,A1,pct_button,30,,,0.031161069869995117,True,True,False,1.6311402320861816,13.11458683013916,4.413662910461426,13.973714828491211,308.03173828125,123.39720916748047,152.38616943359375,473.72698974609375,2581.646484375,2608.67626953125,1168.658203125,1835.775634765625,1587.071044921875,2883.994140625
