t,env_id,episode_id,step_in_ep,action_sub_idx,base_action_idx,target,type,pct,step,dir,reward,done,gate_ok,deviation_exploded,C1_before,C1_after,A1_before,A1_after
44288,3,340,-1,,,,,,,,,False,False,False,-8.456789016723633,-8.456789016723633,42.10932540893555,42.10932540893555
44288,3,340,0,11,39,C1,pct_button,50,,,9.423340063095088,False,False,False,-8.456789016723633,-4.671487331390381,42.10932540893555,41.641082763671875
44296,3,340,1,4,24,A1,pct_button,100,,,50.54382043838501,False,False,False,-4.671487331390381,-11.857939720153809,41.641082763671875,9.390201568603516
44304,3,340,2,4,24,A1,pct_button,100,,,12.994648311138155,False,False,False,-11.857939720153809,-13.322592735290527,9.390201568603516,1.5721720457077026
44312,3,340,3,9,37,C1,pct_button,20,,,5.277084321975709,False,False,False,-13.322592735290527,-10.754890441894531,1.5721720457077026,1.620081901550293
44320,3,340,4,3,23,A1,pct_button,50,,,0.7602502465248102,False,False,False,-10.754890441894531,-11.009123802185059,1.620081901550293,1.1018329858779907
44328,3,340,5,2,22,A1,pct_button,30,,,0.01940557003021382,False,False,False,-11.009123802185059,-11.139297485351562,1.1018329858779907,1.0791409015655518
44336,3,340,6,12,40,C1,pct_button,100,,,22.751330111026764,True,True,False,-11.139297485351562,-11.201936721801758,1.0791409015655518,39.02602005004883
