t,env_id,episode_id,step_in_ep,action_sub_idx,base_action_idx,target,type,pct,step,dir,reward,done,gate_ok,deviation_exploded,C1_before,C1_after,A1_before,A1_after,A2_before,A2_after,B2_before,B2_after,A3_before,A3_after,S3_before,S3_after,C3_before,C3_after
49448,0,680,-1,,,,,,,,,False,False,False,3.9649064540863037,3.9649064540863037,8.35035514831543,8.35035514831543,179.61219787597656,179.61219787597656,163.51551818847656,163.51551818847656,2765.59814453125,2765.59814453125,2262.947265625,2262.947265625,-2188.93359375,-2188.93359375
49448,0,680,0,3,23,A1,pct_button,50,,,-9.295049667358398,False,False,False,3.9649064540863037,1.9481890201568604,8.35035514831543,2.699335813522339,179.61219787597656,179.61219787597656,163.51551818847656,163.51551818847656,2765.59814453125,2765.59814453125,2262.947265625,2262.947265625,-2188.93359375,-2188.93359375
49456,0,680,1,5,33,C1,pct_button,1,,,-9.29245138168335,False,False,False,1.9481890201568604,1.9423747062683105,2.699335813522339,2.7038509845733643,179.61219787597656,179.61219787597656,163.51551818847656,163.51551818847656,2765.59814453125,2765.59814453125,2262.947265625,2262.947265625,-2188.93359375,-2188.93359375
49464,0,680,2,12,40,C1,pct_button,100,,,2.29285591840744,True,True,False,1.9423747062683105,-1.4477847814559937,2.7038509845733643,24.551612854003906,179.61219787597656,422.14288330078125,163.51551818847656,368.7373352050781,2765.59814453125,1982.8768310546875,2262.947265625,1058.7503662109375,-2188.93359375,2253.172607421875
