t,env_id,episode_id,step_in_ep,action_sub_idx,base_action_idx,target,type,pct,step,dir,reward,done,gate_ok,deviation_exploded,C1_before,C1_after,A1_before,A1_after,A2_before,A2_after,B2_before,B2_after,A3_before,A3_after,S3_before,S3_after,C3_before,C3_after
28704,0,260,-1,,,,,,,,,False,False,False,-10.386858940124512,-10.386858940124512,5.428865909576416,5.428865909576416,381.3570251464844,381.3570251464844,355.8218688964844,355.8218688964844,2879.0302734375,2879.0302734375,1205.9791259765625,1205.9791259765625,-2914.920166015625,-2914.920166015625
28704,0,260,0,3,23,A1,pct_button,50,,,7.143541650772095,False,False,False,-10.386858940124512,-10.785874366760254,5.428865909576416,1.5767054557800293,381.3570251464844,381.3570251464844,355.8218688964844,355.8218688964844,2879.0302734375,2879.0302734375,1205.9791259765625,1205.9791259765625,-2914.920166015625,-2914.920166015625
28712,0,260,1,1,21,A1,pct_button,20,,,2.666410648822785,False,False,False,-10.785874366760254,-10.745779037475586,1.5767054557800293,0.38995277881622314,381.3570251464844,381.3570251464844,355.8218688964844,355.8218688964844,2879.0302734375,2879.0302734375,1205.9791259765625,1205.9791259765625,-2914.920166015625,-2914.920166015625
28720,0,260,2,12,40,C1,pct_button,100,,,12.482368828058243,False,False,False,-10.745779037475586,3.9714016914367676,0.38995277881622314,0.9675350785255432,381.3570251464844,381.3570251464844,355.8218688964844,355.8218688964844,2879.0302734375,2879.0302734375,1205.9791259765625,1205.9791259765625,-2914.920166015625,-2914.920166015625
28728,0,260,3,12,40,C1,pct_button,100,,,13.398583546578884,True,True,False,3.9714016914367676,-3.603121757507324,0.9675350785255432,4.3808770179748535,381.3570251464844,479.6548156738281,355.8218688964844,427.17205810546875,2879.0302734375,2618.49951171875,1205.9791259765625,1686.541015625,-2914.920166015625,-1878.971435546875
