t,env_id,episode_id,step_in_ep,action_sub_idx,base_action_idx,target,type,pct,step,dir,reward,done,gate_ok,deviation_exploded,C1_before,C1_after,A1_before,A1_after,A2_before,A2_after,B2_before,B2_after,A3_before,A3_after,S3_before,S3_after,C3_before,C3_after
36224,5,480,-1,,,,,,,,,False,False,False,10.558150291442871,10.558150291442871,49.265750885009766,49.265750885009766,435.7713928222656,435.7713928222656,179.61241149902344,179.61241149902344,2706.640380859375,2706.640380859375,2944.485595703125,2944.485595703125,-1954.1439208984375,-1954.1439208984375
36224,5,480,0,4,24,A1,pct_button,100,,,-53.81355667114258,False,False,False,10.558150291442871,-10.981132507324219,49.265750885009766,15.92564582824707,435.7713928222656,435.7713928222656,179.61241149902344,179.61241149902344,2706.640380859375,2706.640380859375,2944.485595703125,2944.485595703125,-1954.1439208984375,-1954.1439208984375
36232,5,480,1,12,40,C1,pct_button,100,,,-39.261366844177246,False,False,False,-10.981132507324219,2.9511122703552246,15.92564582824707,16.6795711517334,435.7713928222656,435.7713928222656,179.61241149902344,179.61241149902344,2706.640380859375,2706.640380859375,2944.485595703125,2944.485595703125,-1954.1439208984375,-1954.1439208984375
36240,5,480,2,12,40,C1,pct_button,100,,,-40.8245849609375,False,False,False,2.9511122703552246,1.9751300811767578,16.6795711517334,18.437162399291992,435.7713928222656,435.7713928222656,179.61241149902344,179.61241149902344,2706.640380859375,2706.640380859375,2944.485595703125,2944.485595703125,-1954.1439208984375,-1954.1439208984375
36248,5,480,3,0,20,A1,pct_button,10,,,-14.219688653945923,False,False,False,1.9751300811767578,1.149847149848938,18.437162399291992,5.959997177124023,435.7713928222656,435.7713928222656,179.61241149902344,179.61241149902344,2706.640380859375,2706.640380859375,2944.485595703125,2944.485595703125,-1954.1439208984375,-1954.1439208984375
36256,5,480,4,3,23,A1,pct_button,50,,,0.2428789734840393,True,True,False,1.149847149848938,9.283185958862305,5.959997177124023,3.5051417350769043,435.7713928222656,193.89015197753906,179.61241149902344,355.53948974609375,2706.640380859375,1231.745361328125,2944.485595703125,2334.33447265625,-1954.1439208984375,-917.4332885742188
