t,env_id,episode_id,step_in_ep,action_sub_idx,base_action_idx,target,type,pct,step,dir,reward,done,gate_ok,deviation_exploded,C1_before,C1_after,A1_before,A1_after,A2_before,A2_after,B2_before,B2_after,A3_before,A3_after,S3_before,S3_after,C3_before,C3_after
17008,4,180,-1,,,,,,,,,False,False,False,-17.35373878479004,-17.35373878479004,15.705623626708984,15.705623626708984,175.41238403320312,175.41238403320312,156.29823303222656,156.29823303222656,1401.412353515625,1401.412353515625,1881.727783203125,1881.727783203125,-1789.4974365234375,-1789.4974365234375
17008,4,180,0,2,22,A1,pct_button,30,,,-46.45136260986328,False,False,False,-17.35373878479004,-18.148681640625,15.705623626708984,5.076999664306641,175.41238403320312,175.41238403320312,156.29823303222656,156.29823303222656,1401.412353515625,1401.412353515625,1881.727783203125,1881.727783203125,-1789.4974365234375,-1789.4974365234375
17016,4,180,1,0,20,A1,pct_button,10,,,-46.45136260986328,False,False,False,-18.148681640625,-18.148681640625,5.076999664306641,5.076999664306641,175.41238403320312,175.41238403320312,156.29823303222656,156.29823303222656,1401.412353515625,1401.412353515625,1881.727783203125,1881.727783203125,-1789.4974365234375,-1789.4974365234375
17024,4,180,2,10,38,C1,pct_button,30,,,-35.03941822052002,False,False,False,-18.148681640625,-12.651596069335938,5.076999664306641,4.868113040924072,175.41238403320312,175.41238403320312,156.29823303222656,156.29823303222656,1401.412353515625,1401.412353515625,1881.727783203125,1881.727783203125,-1789.4974365234375,-1789.4974365234375
17032,4,180,3,12,40,C1,pct_button,100,,,-11.705187439918518,False,False,False,-12.651596069335938,-0.5050666928291321,4.868113040924072,5.347527027130127,175.41238403320312,175.41238403320312,156.29823303222656,156.29823303222656,1401.412353515625,1401.412353515625,1881.727783203125,1881.727783203125,-1789.4974365234375,-1789.4974365234375
17040,4,180,4,4,24,A1,pct_button,100,,,-0.13205301761627197,True,True,False,-0.5050666928291321,-17.42995834350586,5.347527027130127,7.948153495788574,175.41238403320312,441.9784851074219,156.29823303222656,304.7857971191406,1401.412353515625,1422.466796875,1881.727783203125,2710.49951171875,-1789.4974365234375,2937.355712890625
