t,env_id,episode_id,step_in_ep,action_sub_idx,base_action_idx,target,type,pct,step,dir,reward,done,gate_ok,deviation_exploded,C1_before,C1_after,A1_before,A1_after,A2_before,A2_after,B2_before,B2_after,A3_before,A3_after,S3_before,S3_after,C3_before,C3_after
47552,4,650,-1,,,,,,,,,False,False,False,19.19187355041504,19.19187355041504,28.08536720275879,28.08536720275879,363.9515380859375,363.9515380859375,355.3984680175781,355.3984680175781,1131.37353515625,1131.37353515625,1783.390625,1783.390625,1463.141845703125,1463.141845703125
47552,4,650,0,12,40,C1,pct_button,100,,,-71.95475196838379,False,False,False,19.19187355041504,-9.002652168273926,28.08536720275879,26.97472381591797,363.9515380859375,363.9515380859375,355.3984680175781,355.3984680175781,1131.37353515625,1131.37353515625,1783.390625,1783.390625,1463.141845703125,1463.141845703125
47560,4,650,1,12,40,C1,pct_button,100,,,-66.71045303344727,False,False,False,-9.002652168273926,5.520290374755859,26.97472381591797,27.834936141967773,363.9515380859375,363.9515380859375,355.3984680175781,355.3984680175781,1131.37353515625,1131.37353515625,1783.390625,1783.390625,1463.141845703125,1463.141845703125
47568,4,650,2,2,22,A1,pct_button,30,,,-24.52570152282715,False,False,False,5.520290374755859,3.26492977142334,27.834936141967773,8.997920989990234,363.9515380859375,363.9515380859375,355.3984680175781,355.3984680175781,1131.37353515625,1131.37353515625,1783.390625,1783.390625,1463.141845703125,1463.141845703125
47576,4,650,3,0,20,A1,pct_button,10,,,-11.686156749725342,False,False,False,3.26492977142334,2.934410333633423,8.997920989990234,2.908668041229248,363.9515380859375,363.9515380859375,355.3984680175781,355.3984680175781,1131.37353515625,1131.37353515625,1783.390625,1783.390625,1463.141845703125,1463.141845703125
47584,4,650,4,0,20,A1,pct_button,10,,,-7.588244676589966,False,False,False,2.934410333633423,2.8538663387298584,2.908668041229248,0.9402559995651245,363.9515380859375,363.9515380859375,355.3984680175781,355.3984680175781,1131.37353515625,1131.37353515625,1783.390625,1783.390625,1463.141845703125,1463.141845703125
47592,4,650,5,12,40,C1,pct_button,100,,,2.412331461906433,True,True,False,2.8538663387298584,-8.425440788269043,0.9402559995651245,47.001434326171875,363.9515380859375,406.8668212890625,355.3984680175781,317.6048583984375,1131.37353515625,1698.7738037109375,1783.390625,1855.349609375,1463.141845703125,-2829.165283203125
