t,env_id,episode_id,step_in_ep,action_sub_idx,base_action_idx,target,type,pct,step,dir,reward,done,gate_ok,deviation_exploded,C1_before,C1_after,A1_before,A1_after,A2_before,A2_after,B2_before,B2_after,A3_before,A3_after,S3_before,S3_after,C3_before,C3_after
41112,4,550,-1,,,,,,,,,False,False,False,-12.573912620544434,-12.573912620544434,20.987266540527344,20.987266540527344,310.0171203613281,310.0171203613281,409.3660888671875,409.3660888671875,1476.554931640625,1476.554931640625,1801.642578125,1801.642578125,2012.1109619140625,2012.1109619140625
41112,4,550,0,12,40,C1,pct_button,100,,,-50.31616497039795,False,False,False,-12.573912620544434,4.016122341156006,20.987266540527344,21.14196014404297,310.0171203613281,310.0171203613281,409.3660888671875,409.3660888671875,1476.554931640625,1476.554931640625,1801.642578125,1801.642578125,2012.1109619140625,2012.1109619140625
41120,4,550,1,2,22,A1,pct_button,30,,,-18.53446388244629,False,False,False,4.016122341156006,2.432882308959961,21.14196014404297,6.834349632263184,310.0171203613281,310.0171203613281,409.3660888671875,409.3660888671875,1476.554931640625,1476.554931640625,1801.642578125,1801.642578125,2012.1109619140625,2012.1109619140625
41128,4,550,2,12,40,C1,pct_button,100,,,-14.134077489376068,False,False,False,2.432882308959961,0.29082128405570984,6.834349632263184,6.776217460632324,310.0171203613281,310.0171203613281,409.3660888671875,409.3660888671875,1476.554931640625,1476.554931640625,1801.642578125,1801.642578125,2012.1109619140625,2012.1109619140625
41136,4,550,3,12,40,C1,pct_button,100,,,-14.61871463060379,False,False,False,0.29082128405570984,0.2834583818912506,6.776217460632324,7.0258989334106445,310.0171203613281,310.0171203613281,409.3660888671875,409.3660888671875,1476.554931640625,1476.554931640625,1801.642578125,1801.642578125,2012.1109619140625,2012.1109619140625
41144,4,550,4,2,22,A1,pct_button,30,,,0.12996149063110352,True,True,False,0.2834583818912506,-19.671552658081055,7.0258989334106445,39.08411407470703,310.0171203613281,128.03021240234375,409.3660888671875,336.34185791015625,1476.554931640625,2759.606201171875,1801.642578125,1879.0364990234375,2012.1109619140625,2669.72900390625
