t,env_id,episode_id,step_in_ep,action_sub_idx,base_action_idx,target,type,pct,step,dir,reward,done,gate_ok,deviation_exploded,C1_before,C1_after,A1_before,A1_after,A2_before,A2_after,B2_before,B2_after,A3_before,A3_after,S3_before,S3_after,C3_before,C3_after
8128,4,70,-1,,,,,,,,,False,False,False,4.25693941116333,4.25693941116333,1.2685790061950684,1.2685790061950684,221.4092254638672,221.4092254638672,446.30352783203125,446.30352783203125,1323.41552734375,1323.41552734375,1519.4207763671875,1519.4207763671875,967.1454467773438,967.1454467773438
8128,4,70,0,3,23,A1,pct_button,50,,,1.9720852553844457,False,False,False,4.25693941116333,4.004036903381348,1.2685790061950684,0.576241672039032,221.4092254638672,221.4092254638672,446.30352783203125,446.30352783203125,1323.41552734375,1323.41552734375,1519.4207763671875,1519.4207763671875,967.1454467773438,967.1454467773438
8136,4,70,1,3,23,A1,pct_button,50,,,0.4172168564796441,False,False,False,4.004036903381348,3.356994152069092,0.576241672039032,1.0537837743759155,221.4092254638672,221.4092254638672,446.30352783203125,446.30352783203125,1323.41552734375,1323.41552734375,1519.4207763671875,1519.4207763671875,967.1454467773438,967.1454467773438
8144,4,70,2,11,39,C1,pct_button,50,,,9.329294352531434,True,True,False,3.356994152069092,18.54775047302246,1.0537837743759155,29.464988708496094,221.4092254638672,296.64910888671875,446.30352783203125,176.8638916015625,1323.41552734375,1147.89697265625,1519.4207763671875,1342.726318359375,967.1454467773438,1055.218505859375
