t,env_id,episode_id,step_in_ep,action_sub_idx,base_action_idx,target,type,pct,step,dir,reward,done,gate_ok,deviation_exploded,C1_before,C1_after,A1_before,A1_after,A2_before,A2_after,B2_before,B2_after,A3_before,A3_after,S3_before,S3_after,C3_before,C3_after
43376,4,550,-1,,,,,,,,,False,False,False,-2.865981340408325,-2.865981340408325,29.832033157348633,29.832033157348633,449.61492919921875,449.61492919921875,282.5260314941406,282.5260314941406,1619.65380859375,1619.65380859375,1142.5694580078125,1142.5694580078125,1290.8607177734375,1290.8607177734375
43376,4,550,0,0,20,A1,pct_button,10,,,-27.005486011505127,False,False,False,-2.865981340408325,-3.8592398166656494,29.832033157348633,9.643503189086914,449.61492919921875,449.61492919921875,282.5260314941406,282.5260314941406,1619.65380859375,1619.65380859375,1142.5694580078125,1142.5694580078125,1290.8607177734375,1290.8607177734375
43384,4,550,1,12,40,C1,pct_button,100,,,-18.2819766998291,False,False,False,-3.8592398166656494,1.0197639465332031,9.643503189086914,8.121224403381348,449.61492919921875,449.61492919921875,282.5260314941406,282.5260314941406,1619.65380859375,1619.65380859375,1142.5694580078125,1142.5694580078125,1290.8607177734375,1290.8607177734375
43392,4,550,2,12,40,C1,pct_button,100,,,-16.11377377063036,False,False,False,1.0197639465332031,0.05319616571068764,8.121224403381348,8.003690719604492,449.61492919921875,449.61492919921875,282.5260314941406,282.5260314941406,1619.65380859375,1619.65380859375,1142.5694580078125,1142.5694580078125,1290.8607177734375,1290.8607177734375
43400,4,550,3,1,21,A1,pct_button,20,,,-5.461605429649353,False,False,False,0.05319616571068764,0.14352983236312866,8.003690719604492,2.587272882461548,449.61492919921875,449.61492919921875,282.5260314941406,282.5260314941406,1619.65380859375,1619.65380859375,1142.5694580078125,1142.5694580078125,1290.8607177734375,1290.8607177734375
43408,4,550,4,11,39,C1,pct_button,50,,,0.23308969289064407,True,True,False,0.14352983236312866,-2.3571832180023193,2.587272882461548,29.55109405517578,449.61492919921875,426.6854553222656,282.5260314941406,184.65293884277344,1619.65380859375,2567.4052734375,1142.5694580078125,2162.650390625,1290.8607177734375,2760.723388671875
