t,env_id,episode_id,step_in_ep,action_sub_idx,base_action_idx,target,type,pct,step,dir,reward,done,gate_ok,deviation_exploded,C1_before,C1_after,A1_before,A1_after
16224,4,160,-1,,,,,,,,,False,False,False,6.529359340667725,6.529359340667725,34.905765533447266,34.905765533447266
16224,4,160,0,4,24,A1,pct_button,100,,,57.221755394935606,False,False,False,6.529359340667725,2.331526041030884,34.905765533447266,10.617208480834961
16232,4,160,1,7,35,C1,pct_button,10,,,0.3469171619415279,False,False,False,2.331526041030884,2.1548962593078613,10.617208480834961,10.744372367858887
16240,4,160,2,0,20,A1,pct_button,10,,,16.13344748497009,False,False,False,2.1548962593078613,2.1359951496124268,10.744372367858887,2.7403128147125244
16248,4,160,3,1,21,A1,pct_button,20,,,3.7820351457595827,False,False,False,2.1359951496124268,2.078521966934204,2.7403128147125244,0.9318723678588867
16256,4,160,4,0,20,A1,pct_button,10,,,0.1356294417381283,False,False,False,2.078521966934204,2.1125123500823975,0.9318723678588867,0.854739785194397
16264,4,160,5,12,40,C1,pct_button,100,,,6.885268114805222,True,True,False,2.1125123500823975,10.308717727661133,0.854739785194397,7.2523274421691895
