t,env_id,episode_id,step_in_ep,action_sub_idx,base_action_idx,target,type,pct,step,dir,reward,done,gate_ok,deviation_exploded,C1_before,C1_after,A1_before,A1_after
47048,3,460,-1,,,,,,,,,False,False,False,-13.209952354431152,-13.209952354431152,29.198179244995117,29.198179244995117
47048,3,460,0,0,20,A1,pct_button,10,,,39.9443597984314,False,False,False,-13.209952354431152,-13.929951667785645,29.198179244995117,8.727575302124023
47056,3,460,1,0,20,A1,pct_button,10,,,10.616640758514405,False,False,False,-13.929951667785645,-14.153372764587402,8.727575302124023,3.36602783203125
47064,3,460,2,12,40,C1,pct_button,100,,,29.065230739712714,False,False,False,-14.153372764587402,0.4817226231098175,3.36602783203125,2.530181646347046
47072,3,460,3,3,23,A1,pct_button,50,,,10.107142340242863,True,True,False,0.4817226231098175,-15.72359848022461,2.530181646347046,43.94676971435547
