t,env_id,episode_id,step_in_ep,action_sub_idx,base_action_idx,target,type,pct,step,dir,reward,done,gate_ok,deviation_exploded,C1_before,C1_after,A1_before,A1_after,A2_before,A2_after,B2_before,B2_after,A3_before,A3_after,S3_before,S3_after,C3_before,C3_after
31664,7,410,-1,,,,,,,,,False,False,False,1.82411789894104,1.82411789894104,0.5277957320213318,0.5277957320213318,456.883544921875,456.883544921875,280.84783935546875,280.84783935546875,1273.2266845703125,1273.2266845703125,2362.871826171875,2362.871826171875,-2622.869140625,-2622.869140625
31664,7,410,0,3,23,A1,pct_button,50,,,-4.445593923330307,False,False,False,1.82411789894104,2.0521817207336426,0.5277957320213318,0.17061524093151093,456.883544921875,456.883544921875,280.84783935546875,280.84783935546875,1273.2266845703125,1273.2266845703125,2362.871826171875,2362.871826171875,-2622.869140625,-2622.869140625
31672,7,410,1,1,21,A1,pct_button,20,,,-4.3108605444431305,False,False,False,2.0521817207336426,2.1002771854400635,0.17061524093151093,0.05515308678150177,456.883544921875,456.883544921875,280.84783935546875,280.84783935546875,1273.2266845703125,1273.2266845703125,2362.871826171875,2362.871826171875,-2622.869140625,-2622.869140625
31680,7,410,2,11,39,C1,pct_button,50,,,1.214705467224121,True,True,False,2.1002771854400635,-8.158224105834961,0.05515308678150177,33.98602294921875,456.883544921875,380.1905212402344,280.84783935546875,365.8842468261719,1273.2266845703125,1713.1678466796875,2362.871826171875,1066.6778564453125,-2622.869140625,1725.558837890625
