t,env_id,episode_id,step_in_ep,action_sub_idx,base_action_idx,target,type,pct,step,dir,reward,done,gate_ok,deviation_exploded,C1_before,C1_after,A1_before,A1_after
31344,0,310,-1,,,,,,,,,False,False,False,12.34864330291748,12.34864330291748,13.15859317779541,13.15859317779541
31344,0,310,0,10,38,C1,pct_button,30,,,11.67149206161499,False,False,False,12.34864330291748,6.261171340942383,13.15859317779541,13.603970527648926
31352,0,310,1,4,24,A1,pct_button,100,,,23.59940894603729,False,False,False,6.261171340942383,3.3158118724823,13.603970527648926,4.826044082641602
31360,0,310,2,2,22,A1,pct_button,30,,,7.323561751842499,False,False,False,3.3158118724823,2.763685941696167,4.826044082641602,1.7565919160842896
31368,0,310,3,7,35,C1,pct_button,10,,,0.08040555715560928,False,False,False,2.763685941696167,2.763685941696167,1.7565919160842896,1.7565919160842896
31376,0,310,4,0,20,A1,pct_button,10,,,0.5717399430274968,False,False,False,2.763685941696167,2.7181599140167236,1.7565919160842896,1.5539692640304565
31384,0,310,5,11,39,C1,pct_button,50,,,9.732041963487864,True,True,False,2.7181599140167236,19.003738403320312,1.5539692640304565,16.546714782714844
