t,env_id,episode_id,step_in_ep,action_sub_idx,base_action_idx,target,type,pct,step,dir,reward,done,gate_ok,deviation_exploded,C1_before,C1_after,A1_before,A1_after,A2_before,A2_after,B2_before,B2_after,A3_before,A3_after,S3_before,S3_after,C3_before,C3_after
48448,0,660,-1,,,,,,,,,False,False,False,4.244774341583252,4.244774341583252,14.225881576538086,14.225881576538086,421.66363525390625,421.66363525390625,112.5645751953125,112.5645751953125,1531.035888671875,1531.035888671875,2224.12255859375,2224.12255859375,-1075.5009765625,-1075.5009765625
48448,0,660,0,8,36,C1,pct_button,15,,,-35.277236461639404,False,False,False,4.244774341583252,3.749204397201538,14.225881576538086,13.889413833618164,421.66363525390625,421.66363525390625,112.5645751953125,112.5645751953125,1531.035888671875,1531.035888671875,2224.12255859375,2224.12255859375,-1075.5009765625,-1075.5009765625
48456,0,660,1,12,40,C1,pct_button,100,,,-32.872559547424316,False,False,False,3.749204397201538,1.0157971382141113,13.889413833618164,15.420482635498047,421.66363525390625,421.66363525390625,112.5645751953125,112.5645751953125,1531.035888671875,1531.035888671875,2224.12255859375,2224.12255859375,-1075.5009765625,-1075.5009765625
48464,0,660,2,2,22,A1,pct_button,30,,,-10.883969843387604,False,False,False,1.0157971382141113,-0.45715978741645813,15.420482635498047,4.984825134277344,421.66363525390625,421.66363525390625,112.5645751953125,112.5645751953125,1531.035888671875,1531.035888671875,2224.12255859375,2224.12255859375,-1075.5009765625,-1075.5009765625
48472,0,660,3,2,22,A1,pct_button,30,,,-0.6007509231567383,True,True,False,-0.45715978741645813,-0.999257504940033,4.984825134277344,13.703954696655273,421.66363525390625,249.74920654296875,112.5645751953125,456.44580078125,1531.035888671875,1135.739990234375,2224.12255859375,2162.23486328125,-1075.5009765625,1051.900146484375
