t,env_id,episode_id,step_in_ep,action_sub_idx,base_action_idx,target,type,pct,step,dir,reward,done,gate_ok,deviation_exploded,C1_before,C1_after,A1_before,A1_after
47856,3,100,-1,,,,,,,,,False,False,False,-2.5853989124298096,-2.5853989124298096,26.582441329956055,26.582441329956055
47856,3,100,0,3,23,A1,pct_button,50,,,20.425826542377468,False,False,False,-2.5853989124298096,0.2222081422805786,26.582441329956055,18.919132232666016
47864,3,100,1,3,23,A1,pct_button,50,,,22.54498229442164,False,False,False,0.2222081422805786,0.01113311480730772,18.919132232666016,7.9321489334106445
47872,3,100,2,3,23,A1,pct_button,50,,,5.100483736023307,False,False,False,0.01113311480730772,-4.577917575836182,7.9321489334106445,0.8645472526550293
47880,3,100,3,2,22,A1,pct_button,30,,,3.6684982132911683,False,False,False,-4.577917575836182,-1.522267460823059,0.8645472526550293,2.117344379425049
47888,3,100,4,8,36,C1,pct_button,15,,,-0.8247626996040351,False,False,False,-1.522267460823059,-1.1944366693496704,2.117344379425049,2.89343523979187
47896,3,100,5,8,36,C1,pct_button,15,,,-2.7295983481407156,False,False,False,-1.1944366693496704,-1.8116792440414429,2.89343523979187,3.69101881980896
47904,3,100,6,11,39,C1,pct_button,50,,,10.181043018102645,True,True,False,-1.8116792440414429,-10.98134708404541,3.69101881980896,29.391983032226562
