t,env_id,episode_id,step_in_ep,action_sub_idx,base_action_idx,target,type,pct,step,dir,reward,done,gate_ok,deviation_exploded,C1_before,C1_after,A1_before,A1_after
32120,4,70,-1,,,,,,,,,False,False,False,6.986527442932129,6.986527442932129,20.220247268676758,20.220247268676758
32120,4,70,0,2,22,A1,pct_button,30,,,2.07823850631714,False,False,False,6.986527442932129,9.135333061218262,20.220247268676758,17.29159164428711
32128,4,70,1,11,39,C1,pct_button,50,,,12.222335042953494,False,False,False,9.135333061218262,-4.558990955352783,17.29159164428711,15.956925392150879
32136,4,70,2,1,21,A1,pct_button,20,,,1.0596992874145508,False,False,False,-4.558990955352783,-5.0494184494018555,15.956925392150879,15.133477210998535
32144,4,70,3,1,21,A1,pct_button,20,,,0.3936579132080078,False,False,False,-5.0494184494018555,-5.0494184494018555,15.133477210998535,15.133477210998535
32152,4,70,4,5,33,C1,pct_button,1,,,0.6383755397796642,False,False,False,-5.0494184494018555,-4.964595317840576,15.133477210998535,15.094705581665039
32160,4,70,5,3,23,A1,pct_button,50,,,14.361192207336428,False,False,False,-4.964595317840576,-5.334812641143799,15.094705581665039,7.668929576873779
32168,4,70,6,3,23,A1,pct_button,50,,,29.20838975038379,True,True,False,-5.334812641143799,-7.043147563934326,7.668929576873779,26.453044891357422
