t,env_id,episode_id,step_in_ep,action_sub_idx,base_action_idx,target,type,pct,step,dir,reward,done,gate_ok,deviation_exploded,C1_before,C1_after,A1_before,A1_after
23848,6,180,-1,,,,,,,,,False,False,False,-15.89008903503418,-15.89008903503418,9.106864929199219,9.106864929199219
23848,6,180,0,12,40,C1,pct_button,100,,,33.47450152516365,False,False,False,-15.89008903503418,0.30132371187210083,9.106864929199219,8.036760330200195
23856,6,180,1,2,22,A1,pct_button,30,,,4.137365473397077,False,False,False,0.30132371187210083,-0.02280414290726185,8.036760330200195,6.304873943328857
23864,6,180,2,2,22,A1,pct_button,30,,,2.637828698307276,False,False,False,-0.02280414290726185,-0.21139413118362427,6.304873943328857,4.842912673950195
23872,6,180,3,3,23,A1,pct_button,50,,,10.052436439990998,True,True,False,-0.21139413118362427,19.647245407104492,4.842912673950195,30.44097137451172
