t,env_id,episode_id,step_in_ep,action_sub_idx,base_action_idx,target,type,pct,step,dir,reward,done,gate_ok,deviation_exploded,C1_before,C1_after,A1_before,A1_after,A2_before,A2_after,B2_before,B2_after,A3_before,A3_after,S3_before,S3_after,C3_before,C3_after
11000,0,100,-1,,,,,,,,,False,False,False,-19.31201171875,-19.31201171875,39.19279479980469,39.19279479980469,361.113525390625,361.113525390625,317.87713623046875,317.87713623046875,1926.9859619140625,1926.9859619140625,2033.8525390625,2033.8525390625,2437.427734375,2437.427734375
11000,0,100,0,12,40,C1,pct_button,100,,,-81.27931666374207,False,False,False,-19.31201171875,-1.1854537725448608,39.19279479980469,39.45420455932617,361.113525390625,361.113525390625,317.87713623046875,317.87713623046875,1926.9859619140625,1926.9859619140625,2033.8525390625,2033.8525390625,2437.427734375,2437.427734375
11008,0,100,1,1,21,A1,pct_button,20,,,-31.54201030731201,False,False,False,-1.1854537725448608,-3.0170388221740723,39.45420455932617,12.753966331481934,361.113525390625,361.113525390625,317.87713623046875,317.87713623046875,1926.9859619140625,1926.9859619140625,2033.8525390625,2033.8525390625,2437.427734375,2437.427734375
11016,0,100,2,1,21,A1,pct_button,20,,,-16.054346561431885,False,False,False,-3.0170388221740723,-3.9043262004852295,12.753966331481934,4.122847080230713,361.113525390625,361.113525390625,317.87713623046875,317.87713623046875,1926.9859619140625,1926.9859619140625,2033.8525390625,2033.8525390625,2437.427734375,2437.427734375
11024,0,100,3,4,24,A1,pct_button,100,,,-11.368722438812256,False,False,False,-3.9043262004852295,-4.351609706878662,4.122847080230713,1.3327515125274658,361.113525390625,361.113525390625,317.87713623046875,317.87713623046875,1926.9859619140625,1926.9859619140625,2033.8525390625,2033.8525390625,2437.427734375,2437.427734375
11032,0,100,4,12,40,C1,pct_button,100,,,3.412652850151062,True,True,False,-4.351609706878662,16.47704315185547,1.3327515125274658,29.236995697021484,361.113525390625,414.82135009765625,317.87713623046875,262.7728271484375,1926.9859619140625,2649.961181640625,2033.8525390625,2748.432373046875,2437.427734375,-1998.6378173828125
