t,env_id,episode_id,step_in_ep,action_sub_idx,base_action_idx,target,type,pct,step,dir,reward,done,gate_ok,deviation_exploded,C1_before,C1_after,A1_before,A1_after
25032,4,190,-1,,,,,,,,,False,False,False,7.075797080993652,7.075797080993652,26.706777572631836,26.706777572631836
25032,4,190,0,3,23,A1,pct_button,50,,,31.48260731220245,False,False,False,7.075797080993652,3.9355690479278564,26.706777572631836,14.282886505126953
25040,4,190,1,4,24,A1,pct_button,100,,,38.15423305094242,True,True,False,3.9355690479278564,11.62442398071289,14.282886505126953,24.027982711791992
