t,env_id,episode_id,step_in_ep,action_sub_idx,base_action_idx,target,type,pct,step,dir,reward,done,gate_ok,deviation_exploded,C1_before,C1_after,A1_before,A1_after,A2_before,A2_after,B2_before,B2_after,A3_before,A3_after,S3_before,S3_after,C3_before,C3_after
39112,2,520,-1,,,,,,,,,False,False,False,-7.902584552764893,-7.902584552764893,42.4615364074707,42.4615364074707,258.3595275878906,258.3595275878906,482.3374328613281,482.3374328613281,1763.201904296875,1763.201904296875,1604.34619140625,1604.34619140625,1712.2919921875,1712.2919921875
39112,2,520,0,12,40,C1,pct_button,100,,,-86.81497406959534,False,False,False,-7.902584552764893,1.5169230699539185,42.4615364074707,41.89056396484375,258.3595275878906,258.3595275878906,482.3374328613281,482.3374328613281,1763.201904296875,1763.201904296875,1604.34619140625,1604.34619140625,1712.2919921875,1712.2919921875
39120,2,520,1,0,20,A1,pct_button,10,,,-27.669391453266144,False,False,False,1.5169230699539185,0.29315271973609924,41.89056396484375,13.541543006896973,258.3595275878906,258.3595275878906,482.3374328613281,482.3374328613281,1763.201904296875,1763.201904296875,1604.34619140625,1604.34619140625,1712.2919921875,1712.2919921875
39128,2,520,2,0,20,A1,pct_button,10,,,-9.077721685171127,False,False,False,0.29315271973609924,-0.16142182052135468,13.541543006896973,4.377439022064209,258.3595275878906,258.3595275878906,482.3374328613281,482.3374328613281,1763.201904296875,1763.201904296875,1604.34619140625,1604.34619140625,1712.2919921875,1712.2919921875
39136,2,520,3,2,22,A1,pct_button,30,,,2.1204394325613976,True,True,False,-0.16142182052135468,-2.9609556198120117,4.377439022064209,38.45384216308594,258.3595275878906,129.532958984375,482.3374328613281,146.73391723632812,1763.201904296875,1237.09375,1604.34619140625,1458.233154296875,1712.2919921875,-1142.290283203125
