t,env_id,episode_id,step_in_ep,action_sub_idx,base_action_idx,target,type,pct,step,dir,reward,done,gate_ok,deviation_exploded,C1_before,C1_after,A1_before,A1_after
44408,0,440,-1,,,,,,,,,False,False,False,-2.7413294315338135,-2.7413294315338135,7.202080249786377,7.202080249786377
44408,0,440,0,8,36,C1,pct_button,15,,,1.9370281314849842,False,False,False,-2.7413294315338135,-2.0756173133850098,7.202080249786377,6.9848833084106445
44416,0,440,1,1,21,A1,pct_button,20,,,11.39147995710373,False,False,False,-2.0756173133850098,-2.386220693588257,6.9848833084106445,1.0074769258499146
44424,0,440,2,12,40,C1,pct_button,100,,,0.05787395238876392,False,False,False,-2.386220693588257,-2.386220693588257,1.0074769258499146,1.0074769258499146
44432,0,440,3,2,22,A1,pct_button,30,,,-0.6313750362396242,False,False,False,-2.386220693588257,-2.5071756839752197,1.0074769258499146,1.2346274852752686
44440,0,440,4,10,38,C1,pct_button,30,,,3.3171975171566013,False,False,False,-2.5071756839752197,-1.4476510286331177,1.2346274852752686,0.6515453457832336
44448,0,440,5,9,37,C1,pct_button,20,,,6.635801988840103,True,True,False,-1.4476510286331177,19.294795989990234,0.6515453457832336,12.629636764526367
