t,env_id,episode_id,step_in_ep,action_sub_idx,base_action_idx,target,type,pct,step,dir,reward,done,gate_ok,deviation_exploded,C1_before,C1_after,A1_before,A1_after
35592,2,360,-1,,,,,,,,,False,False,False,1.6452178955078125,1.6452178955078125,29.41480827331543,29.41480827331543
35592,2,360,0,1,21,A1,pct_button,20,,,46.680531489849095,False,False,False,1.6452178955078125,-1.0464781522750854,29.41480827331543,6.746209144592285
35600,2,360,1,1,21,A1,pct_button,20,,,7.633105928897858,False,False,False,-1.0464781522750854,-1.4268642663955688,6.746209144592285,2.5843825340270996
35608,2,360,2,5,33,C1,pct_button,1,,,0.05456263780593918,False,False,False,-1.4268642663955688,-1.4206262826919556,2.5843825340270996,2.5985307693481445
35616,2,360,3,8,36,C1,pct_button,15,,,0.570291004180908,False,False,False,-1.4206262826919556,-1.115443229675293,2.5985307693481445,2.6512351036071777
35624,2,360,4,4,24,A1,pct_button,100,,,4.615085015445947,False,False,False,-1.115443229675293,-1.4281572103500366,2.6512351036071777,0.0406668558716774
35632,2,360,5,4,24,A1,pct_button,100,,,0.019376481324434154,False,False,False,-1.4281572103500366,-1.4281572103500366,0.0406668558716774,0.0406668558716774
35640,2,360,6,9,37,C1,pct_button,20,,,5.198535864949227,True,True,False,-1.4281572103500366,-1.78269624710083,0.0406668558716774,21.088930130004883
