t,env_id,episode_id,step_in_ep,action_sub_idx,base_action_idx,target,type,pct,step,dir,reward,done,gate_ok,deviation_exploded,C1_before,C1_after,A1_before,A1_after,A2_before,A2_after,B2_before,B2_after,A3_before,A3_after,S3_before,S3_after,C3_before,C3_after
20264,3,230,-1,,,,,,,,,False,False,False,16.005859375,16.005859375,42.073307037353516,42.073307037353516,266.9639892578125,266.9639892578125,324.5152587890625,324.5152587890625,2807.491943359375,2807.491943359375,1324.10205078125,1324.10205078125,2745.900634765625,2745.900634765625
20264,3,230,0,0,20,A1,pct_button,10,,,-54.53436279296875,False,False,False,16.005859375,13.66656494140625,42.073307037353516,13.600616455078125,266.9639892578125,266.9639892578125,324.5152587890625,324.5152587890625,2807.491943359375,2807.491943359375,1324.10205078125,1324.10205078125,2745.900634765625,2745.900634765625
20272,3,230,1,4,24,A1,pct_button,100,,,-24.113303184509277,False,False,False,13.66656494140625,7.660116195678711,13.600616455078125,4.396535396575928,266.9639892578125,266.9639892578125,324.5152587890625,324.5152587890625,2807.491943359375,2807.491943359375,1324.10205078125,1324.10205078125,2745.900634765625,2745.900634765625
20280,3,230,2,11,39,C1,pct_button,50,,,-17.259428024291992,False,False,False,7.660116195678711,4.311120986938477,4.396535396575928,4.3185930252075195,266.9639892578125,266.9639892578125,324.5152587890625,324.5152587890625,2807.491943359375,2807.491943359375,1324.10205078125,1324.10205078125,2745.900634765625,2745.900634765625
20288,3,230,3,0,20,A1,pct_button,10,,,-11.18810248374939,False,False,False,4.311120986938477,4.198022842407227,4.3185930252075195,1.3960283994674683,266.9639892578125,266.9639892578125,324.5152587890625,324.5152587890625,2807.491943359375,2807.491943359375,1324.10205078125,1324.10205078125,2745.900634765625,2745.900634765625
20296,3,230,4,12,40,C1,pct_button,100,,,1.4933222532272339,True,True,False,4.198022842407227,12.062085151672363,1.3960283994674683,41.65730285644531,266.9639892578125,498.8190002441406,324.5152587890625,143.90049743652344,2807.491943359375,2177.646728515625,1324.10205078125,2416.5947265625,2745.900634765625,-2020.6038818359375
