t,env_id,episode_id,step_in_ep,action_sub_idx,base_action_idx,target,type,pct,step,dir,reward,done,gate_ok,deviation_exploded,C1_before,C1_after,A1_before,A1_after
48128,7,480,-1,,,,,,,,,False,False,False,-2.560478925704956,-2.560478925704956,40.376468658447266,40.376468658447266
48128,7,480,0,1,21,A1,pct_button,20,,,45.129196643829346,False,False,False,-2.560478925704956,-6.683398246765137,40.376468658447266,13.889681816101074
48136,7,480,1,1,21,A1,pct_button,20,,,17.362256755828856,False,False,False,-6.683398246765137,-7.923327445983887,13.889681816101074,4.0836944580078125
48144,7,480,2,6,34,C1,pct_button,5,,,1.331536397933961,False,False,False,-7.923327445983887,-7.375787258148193,4.0836944580078125,4.074974060058594
48152,7,480,3,8,36,C1,pct_button,15,,,2.758166542053223,False,False,False,-7.375787258148193,-5.947702884674072,4.074974060058594,4.220658779144287
48160,7,480,4,0,20,A1,pct_button,10,,,3.4003046941757216,False,False,False,-5.947702884674072,-6.025887966156006,4.220658779144287,2.522808313369751
48168,7,480,5,12,40,C1,pct_button,100,,,9.812910747528077,False,False,False,-6.025887966156006,1.2918691635131836,2.522808313369751,2.3821115493774414
48176,7,480,6,3,23,A1,pct_button,50,,,7.865161836147308,True,True,False,1.2918691635131836,-13.32257080078125,2.3821115493774414,44.70359420776367
