t,env_id,episode_id,step_in_ep,action_sub_idx,base_action_idx,target,type,pct,step,dir,reward,done,gate_ok,deviation_exploded,C1_before,C1_after,A1_before,A1_after,A2_before,A2_after,B2_before,B2_after,A3_before,A3_after,S3_before,S3_after,C3_before,C3_after
34168,5,450,-1,,,,,,,,,False,False,False,7.2517409324646,7.2517409324646,18.602392196655273,18.602392196655273,306.92095947265625,306.92095947265625,119.6660385131836,119.6660385131836,1765.51123046875,1765.51123046875,2292.400146484375,2292.400146484375,-1507.14208984375,-1507.14208984375
34168,5,450,0,0,20,A1,pct_button,10,,,-25.88308811187744,False,False,False,7.2517409324646,6.928134918212891,18.602392196655273,6.01340913772583,306.92095947265625,306.92095947265625,119.6660385131836,119.6660385131836,1765.51123046875,1765.51123046875,2292.400146484375,2292.400146484375,-1507.14208984375,-1507.14208984375
34176,5,450,1,12,40,C1,pct_button,100,,,-10.21463418006897,False,False,False,6.928134918212891,0.5054203271865845,6.01340913772583,4.6018967628479,306.92095947265625,306.92095947265625,119.6660385131836,119.6660385131836,1765.51123046875,1765.51123046875,2292.400146484375,2292.400146484375,-1507.14208984375,-1507.14208984375
34184,5,450,2,6,34,C1,pct_button,5,,,-10.16219413280487,False,False,False,0.5054203271865845,0.48791736364364624,4.6018967628479,4.593179702758789,306.92095947265625,306.92095947265625,119.6660385131836,119.6660385131836,1765.51123046875,1765.51123046875,2292.400146484375,2292.400146484375,-1507.14208984375,-1507.14208984375
34192,5,450,3,4,24,A1,pct_button,100,,,-10.16219413280487,False,False,False,0.48791736364364624,0.48791736364364624,4.593179702758789,4.593179702758789,306.92095947265625,306.92095947265625,119.6660385131836,119.6660385131836,1765.51123046875,1765.51123046875,2292.400146484375,2292.400146484375,-1507.14208984375,-1507.14208984375
34200,5,450,4,1,21,A1,pct_button,20,,,1.3168643712997437,True,True,False,0.48791736364364624,-0.0998482033610344,4.593179702758789,32.07019805908203,306.92095947265625,370.7291259765625,119.6660385131836,143.35984802246094,1765.51123046875,1487.6534423828125,2292.400146484375,1127.5303955078125,-1507.14208984375,-1951.8511962890625
