t,env_id,episode_id,step_in_ep,action_sub_idx,base_action_idx,target,type,pct,step,dir,reward,done,gate_ok,deviation_exploded,C1_before,C1_after,A1_before,A1_after
35112,6,350,-1,,,,,,,,,False,False,False,1.3409748077392578,1.3409748077392578,47.569210052490234,47.569210052490234
35112,6,350,0,1,21,A1,pct_button,20,,,64.61080153942108,False,False,False,1.3409748077392578,-0.1472766399383545,47.569210052490234,16.620182037353516
35120,6,350,1,1,21,A1,pct_button,20,,,0.32534917354583626,False,False,False,-0.1472766399383545,-0.1472766399383545,16.620182037353516,16.620182037353516
35128,6,350,2,1,21,A1,pct_button,20,,,24.50462945818901,False,False,False,-0.1472766399383545,-0.5853974223136902,16.620182037353516,3.970303535461426
35136,6,350,3,9,37,C1,pct_button,20,,,0.0811140191555031,False,False,False,-0.5853974223136902,-0.5853974223136902,3.970303535461426,3.970303535461426
35144,6,350,4,0,20,A1,pct_button,10,,,10.868456414937974,True,True,False,-0.5853974223136902,-0.4637613296508789,3.970303535461426,8.479349136352539
