t,env_id,episode_id,step_in_ep,action_sub_idx,base_action_idx,target,type,pct,step,dir,reward,done,gate_ok,deviation_exploded,C1_before,C1_after,A1_before,A1_after,A2_before,A2_after,B2_before,B2_after,A3_before,A3_after,S3_before,S3_after,C3_before,C3_after
5040,0,40,-1,,,,,,,,,False,False,False,5.964626789093018,5.964626789093018,35.00725555419922,35.00725555419922,463.9813537597656,463.9813537597656,490.5750427246094,490.5750427246094,1494.842529296875,1494.842529296875,2446.90087890625,2446.90087890625,2149.67431640625,2149.67431640625
5040,0,40,0,1,21,A1,pct_button,20,,,46.105154323577885,False,False,False,5.964626789093018,4.774814605712891,35.00725555419922,13.320443153381348,463.9813537597656,463.9813537597656,490.5750427246094,490.5750427246094,1494.842529296875,1494.842529296875,2446.90087890625,2446.90087890625,2149.67431640625,2149.67431640625
5048,0,40,1,4,24,A1,pct_button,100,,,22.321280741691588,False,False,False,4.774814605712891,2.6841819286346436,13.320443153381348,4.315431594848633,463.9813537597656,463.9813537597656,490.5750427246094,490.5750427246094,1494.842529296875,1494.842529296875,2446.90087890625,2446.90087890625,2149.67431640625,2149.67431640625
5056,0,40,2,4,24,A1,pct_button,100,,,7.791437599658966,False,False,False,2.6841819286346436,1.311200499534607,4.315431594848633,1.8189961910247803,463.9813537597656,463.9813537597656,490.5750427246094,490.5750427246094,1494.842529296875,1494.842529296875,2446.90087890625,2446.90087890625,2149.67431640625,2149.67431640625
5064,0,40,3,7,35,C1,pct_button,10,,,5.4407473874092105,True,True,False,1.311200499534607,-3.0728607177734375,1.8189961910247803,22.104103088378906,463.9813537597656,400.8026428222656,490.5750427246094,270.5199890136719,1494.842529296875,1828.635986328125,2446.90087890625,1677.6044921875,2149.67431640625,-2870.8427734375
