t,env_id,episode_id,step_in_ep,action_sub_idx,base_action_idx,target,type,pct,step,dir,reward,done,gate_ok,deviation_exploded,C1_before,C1_after,A1_before,A1_after
41296,7,410,-1,,,,,,,,,False,False,False,7.587250232696533,7.587250232696533,31.156999588012695,31.156999588012695
41296,7,410,0,1,21,A1,pct_button,20,,,46.01846386909485,False,False,False,7.587250232696533,6.653320789337158,31.156999588012695,9.235586166381836
41304,7,410,1,0,20,A1,pct_button,10,,,12.85868796348572,False,False,False,6.653320789337158,6.428678035736084,9.235586166381836,3.1213855743408203
41312,7,410,2,1,21,A1,pct_button,20,,,5.608033508062363,False,False,False,6.428678035736084,6.2840189933776855,3.1213855743408203,0.5251192450523376
41320,7,410,3,10,38,C1,pct_button,30,,,3.631793573796749,False,False,False,6.2840189933776855,4.8310322761535645,0.5251192450523376,0.20759545266628265
41328,7,410,4,10,38,C1,pct_button,30,,,2.839713215827942,False,False,False,4.8310322761535645,3.2742302417755127,0.20759545266628265,0.3760436177253723
41336,7,410,5,9,37,C1,pct_button,20,,,1.0733813232183456,False,False,False,3.2742302417755127,2.739812135696411,0.3760436177253723,0.4001708924770355
41344,7,410,6,6,34,C1,pct_button,5,,,0.28966188549995464,False,False,False,2.739812135696411,2.645310163497925,0.4001708924770355,0.3750454783439636
41352,7,410,7,12,40,C1,pct_button,100,,,8.963236229419708,True,True,False,2.645310163497925,1.7544010877609253,0.3750454783439636,3.318851947784424
