t,env_id,episode_id,step_in_ep,action_sub_idx,base_action_idx,target,type,pct,step,dir,reward,done,gate_ok,deviation_exploded,C1_before,C1_after,A1_before,A1_after,A2_before,A2_after,B2_before,B2_after,A3_before,A3_after,S3_before,S3_after,C3_before,C3_after
31608,3,390,-1,,,,,,,,,False,False,False,7.178410530090332,7.178410530090332,37.76862716674805,37.76862716674805,291.2406005859375,291.2406005859375,284.69573974609375,284.69573974609375,1383.3123779296875,1383.3123779296875,1001.3934326171875,1001.3934326171875,1041.486328125,1041.486328125
31608,3,390,0,0,20,A1,pct_button,10,,,-89.89407539367676,False,False,False,7.178410530090332,7.178410530090332,37.76862716674805,37.76862716674805,291.2406005859375,291.2406005859375,284.69573974609375,284.69573974609375,1383.3123779296875,1383.3123779296875,1001.3934326171875,1001.3934326171875,1041.486328125,1041.486328125
31616,3,390,1,3,23,A1,pct_button,50,,,-31.00644302368164,False,False,False,7.178410530090332,3.294135093688965,37.76862716674805,12.209086418151855,291.2406005859375,291.2406005859375,284.69573974609375,284.69573974609375,1383.3123779296875,1383.3123779296875,1001.3934326171875,1001.3934326171875,1041.486328125,1041.486328125
31624,3,390,2,0,20,A1,pct_button,10,,,-14.21403694152832,False,False,False,3.294135093688965,3.160309314727783,12.209086418151855,3.946709156036377,291.2406005859375,291.2406005859375,284.69573974609375,284.69573974609375,1383.3123779296875,1383.3123779296875,1001.3934326171875,1001.3934326171875,1041.486328125,1041.486328125
31632,3,390,3,12,40,C1,pct_button,100,,,-13.072466135025024,False,False,False,3.160309314727783,0.9297815561294556,3.946709156036377,5.606451511383057,291.2406005859375,291.2406005859375,284.69573974609375,284.69573974609375,1383.3123779296875,1383.3123779296875,1001.3934326171875,1001.3934326171875,1041.486328125,1041.486328125
31640,3,390,4,3,23,A1,pct_button,50,,,0.7989896535873413,True,True,False,0.9297815561294556,-0.23918475210666656,5.606451511383057,0.3955092132091522,291.2406005859375,119.4184341430664,284.69573974609375,400.886474609375,1383.3123779296875,1044.7567138671875,1001.3934326171875,2767.44775390625,1041.486328125,1305.34619140625
