t,env_id,episode_id,step_in_ep,action_sub_idx,base_action_idx,target,type,pct,step,dir,reward,done,gate_ok,deviation_exploded,C1_before,C1_after,A1_before,A1_after,A2_before,A2_after,B2_before,B2_after,A3_before,A3_after,S3_before,S3_after,C3_before,C3_after
27464,1,340,-1,,,,,,,,,False,False,False,-11.271492004394531,-11.271492004394531,43.10106658935547,43.10106658935547,229.70091247558594,229.70091247558594,199.15687561035156,199.15687561035156,2473.24658203125,2473.24658203125,1320.272705078125,1320.272705078125,-2210.846923828125,-2210.846923828125
27464,1,340,0,0,20,A1,pct_button,10,,,-52.245994567871094,False,False,False,-11.271492004394531,-12.190146446228027,43.10106658935547,13.93285083770752,229.70091247558594,229.70091247558594,199.15687561035156,199.15687561035156,2473.24658203125,2473.24658203125,1320.272705078125,1320.272705078125,-2210.846923828125,-2210.846923828125
27472,1,340,1,12,40,C1,pct_button,100,,,-30.551565289497375,False,False,False,-12.190146446228027,0.5189638733863831,13.93285083770752,14.756818771362305,229.70091247558594,229.70091247558594,199.15687561035156,199.15687561035156,2473.24658203125,2473.24658203125,1320.272705078125,1320.272705078125,-2210.846923828125,-2210.846923828125
27480,1,340,2,12,40,C1,pct_button,100,,,-32.48074322938919,False,False,False,0.5189638733863831,0.2521876394748688,14.756818771362305,15.988183975219727,229.70091247558594,229.70091247558594,199.15687561035156,199.15687561035156,2473.24658203125,2473.24658203125,1320.272705078125,1320.272705078125,-2210.846923828125,-2210.846923828125
27488,1,340,3,1,21,A1,pct_button,20,,,-11.457716941833496,False,False,False,0.2521876394748688,-0.5605182647705078,15.988183975219727,5.16834020614624,229.70091247558594,229.70091247558594,199.15687561035156,199.15687561035156,2473.24658203125,2473.24658203125,1320.272705078125,1320.272705078125,-2210.846923828125,-2210.846923828125
27496,1,340,4,2,22,A1,pct_button,30,,,0.7566243410110474,True,True,False,-0.5605182647705078,13.746538162231445,5.16834020614624,41.12355422973633,229.70091247558594,465.48687744140625,199.15687561035156,373.8274230957031,2473.24658203125,1016.3284912109375,1320.272705078125,2112.9853515625,-2210.846923828125,-1327.3731689453125
