t,env_id,episode_id,step_in_ep,action_sub_idx,base_action_idx,target,type,pct,step,dir,reward,done,gate_ok,deviation_exploded,C1_before,C1_after,A1_before,A1_after
8744,7,80,-1,,,,,,,,,False,False,False,1.6161929368972778,1.6161929368972778,31.149599075317383,31.149599075317383
8744,7,80,0,0,20,A1,pct_button,10,,,0.6453158402442989,False,False,False,1.6161929368972778,1.6161929368972778,31.149599075317383,31.149599075317383
8752,7,80,1,5,33,C1,pct_button,1,,,0.689934837818148,False,False,False,1.6161929368972778,1.5864158868789673,31.149599075317383,31.156841278076172
8760,7,80,2,12,40,C1,pct_button,100,,,4.367287085056303,False,False,False,1.5864158868789673,0.8257895708084106,31.156841278076172,30.037456512451172
8768,7,80,3,1,21,A1,pct_button,20,,,38.69133863329888,False,False,False,0.8257895708084106,0.039759814739227295,30.037456512451172,11.589105606079102
8776,7,80,4,2,22,A1,pct_button,30,,,14.466536226272583,False,False,False,0.039759814739227295,-1.0588512420654297,11.589105606079102,3.3760955333709717
8784,7,80,5,12,40,C1,pct_button,100,,,9.872984420359135,True,True,False,-1.0588512420654297,7.78999662399292,3.3760955333709717,34.59474182128906
