t,env_id,episode_id,step_in_ep,action_sub_idx,base_action_idx,target,type,pct,step,dir,reward,done,gate_ok,deviation_exploded,C1_before,C1_after,A1_before,A1_after
10576,2,70,-1,,,,,,,,,False,False,False,-8.149604797363281,-8.149604797363281,28.76287841796875,28.76287841796875
10576,2,70,0,4,24,A1,pct_button,100,,,45.80507890224457,False,False,False,-8.149604797363281,-13.580018997192383,28.76287841796875,0.5663888454437256
10584,2,70,1,0,20,A1,pct_button,10,,,0.052935073971747355,False,False,False,-13.580018997192383,-13.768112182617188,0.5663888454437256,0.48940327763557434
10592,2,70,2,1,21,A1,pct_button,20,,,-0.14782951951026946,False,False,False,-13.768112182617188,-13.90591049194336,0.48940327763557434,0.5652311444282532
10600,2,70,3,10,38,C1,pct_button,30,,,10.549364022016524,False,False,False,-13.90591049194336,-8.638532638549805,0.5652311444282532,0.6457700133323669
10608,2,70,4,9,37,C1,pct_button,20,,,3.647122238874436,False,False,False,-8.638532638549805,-6.984182357788086,0.6457700133323669,0.546869695186615
10616,2,70,5,12,40,C1,pct_button,100,,,17.48814930781722,True,True,False,-6.984182357788086,9.113109588623047,0.546869695186615,0.8733819127082825
