t,env_id,episode_id,step_in_ep,action_sub_idx,base_action_idx,target,type,pct,step,dir,reward,done,gate_ok,deviation_exploded,C1_before,C1_after,A1_before,A1_after,A2_before,A2_after,B2_before,B2_after,A3_before,A3_after,S3_before,S3_after,C3_before,C3_after
36944,2,300,-1,,,,,,,,,False,False,False,6.016425132751465,6.016425132751465,38.89101791381836,38.89101791381836,134.65005493164062,134.65005493164062,226.98162841796875,226.98162841796875,1890.6590576171875,1890.6590576171875,1037.592529296875,1037.592529296875,2542.17431640625,2542.17431640625
36944,2,300,0,2,22,A1,pct_button,30,,,0.8881488609313999,False,False,False,6.016425132751465,6.016425132751465,38.89101791381836,38.89101791381836,134.65005493164062,134.65005493164062,226.98162841796875,226.98162841796875,1890.6590576171875,1890.6590576171875,1037.592529296875,1037.592529296875,2542.17431640625,2542.17431640625
36952,2,300,1,7,35,C1,pct_button,10,,,2.571484785079951,False,False,False,6.016425132751465,5.306312084197998,38.89101791381836,38.75096130371094,134.65005493164062,134.65005493164062,226.98162841796875,226.98162841796875,1890.6590576171875,1890.6590576171875,1037.592529296875,1037.592529296875,2542.17431640625,2542.17431640625
36960,2,300,2,0,20,A1,pct_button,10,,,39.31636183261872,False,False,False,5.306312084197998,3.678396463394165,38.75096130371094,20.962100982666016,134.65005493164062,134.65005493164062,226.98162841796875,226.98162841796875,1890.6590576171875,1890.6590576171875,1037.592529296875,1037.592529296875,2542.17431640625,2542.17431640625
36968,2,300,3,2,22,A1,pct_button,30,,,40.98963237285614,False,False,False,3.678396463394165,0.9241974353790283,20.962100982666016,3.2583088874816895,134.65005493164062,134.65005493164062,226.98162841796875,226.98162841796875,1890.6590576171875,1890.6590576171875,1037.592529296875,1037.592529296875,2542.17431640625,2542.17431640625
36976,2,300,4,2,22,A1,pct_button,30,,,8.233548057079314,True,True,False,0.9241974353790283,-4.343676567077637,3.2583088874816895,25.423057556152344,134.65005493164062,310.3313903808594,226.98162841796875,322.1573181152344,1890.6590576171875,2823.572998046875,1037.592529296875,1253.78515625,2542.17431640625,-1452.662841796875
