t,env_id,episode_id,step_in_ep,action_sub_idx,base_action_idx,target,type,pct,step,dir,reward,done,gate_ok,deviation_exploded,C1_before,C1_after,A1_before,A1_after
18672,3,180,-1,,,,,,,,,False,False,False,7.124956130981445,7.124956130981445,9.533687591552734,9.533687591552734
18672,3,180,0,1,21,A1,pct_button,20,,,12.640505423545838,False,False,False,7.124956130981445,6.912494659423828,9.533687591552734,3.5252740383148193
18680,3,180,1,5,33,C1,pct_button,1,,,0.3305371522903451,False,False,False,6.912494659423828,6.847062587738037,3.5252740383148193,3.5241496562957764
18688,3,180,2,2,22,A1,pct_button,30,,,6.43552181661129,False,False,False,6.847062587738037,6.891271591186523,3.5241496562957764,0.32938632369041443
18696,3,180,3,10,38,C1,pct_button,30,,,2.5235625517368323,False,False,False,6.891271591186523,5.158085823059082,0.32938632369041443,0.8559309840202332
18704,3,180,4,11,39,C1,pct_button,50,,,4.755442153215409,False,False,False,5.158085823059082,2.7548203468322754,0.8559309840202332,0.9131551384925842
18712,3,180,5,12,40,C1,pct_button,100,,,11.62944508984685,True,True,False,2.7548203468322754,12.717565536499023,0.9131551384925842,26.190372467041016
