t,env_id,episode_id,step_in_ep,action_sub_idx,base_action_idx,target,type,pct,step,dir,reward,done,gate_ok,deviation_exploded,C1_before,C1_after,A1_before,A1_after,A2_before,A2_after,B2_before,B2_after,A3_before,A3_after,S3_before,S3_after,C3_before,C3_after
32272,3,410,-1,,,,,,,,,False,False,False,5.8542094230651855,5.8542094230651855,6.660299301147461,6.660299301147461,105.25959014892578,105.25959014892578,310.1241455078125,310.1241455078125,1173.41015625,1173.41015625,1860.60302734375,1860.60302734375,2149.947265625,2149.947265625
32272,3,410,0,2,22,A1,pct_button,30,,,-14.762540817260742,False,False,False,5.8542094230651855,5.228261947631836,6.660299301147461,2.153008460998535,105.25959014892578,105.25959014892578,310.1241455078125,310.1241455078125,1173.41015625,1173.41015625,1860.60302734375,1860.60302734375,2149.947265625,2149.947265625
32280,3,410,1,10,38,C1,pct_button,30,,,-14.040809154510498,False,False,False,5.228261947631836,4.29905891418457,2.153008460998535,2.7213456630706787,105.25959014892578,105.25959014892578,310.1241455078125,310.1241455078125,1173.41015625,1173.41015625,1860.60302734375,1860.60302734375,2149.947265625,2149.947265625
32288,3,410,2,1,21,A1,pct_button,20,,,-10.118104219436646,False,False,False,4.29905891418457,4.179349899291992,2.7213456630706787,0.8797022104263306,105.25959014892578,105.25959014892578,310.1241455078125,310.1241455078125,1173.41015625,1173.41015625,1860.60302734375,1860.60302734375,2149.947265625,2149.947265625
32296,3,410,3,12,40,C1,pct_button,100,,,-5.896048307418823,False,False,False,4.179349899291992,1.4173271656036377,0.8797022104263306,1.530696988105774,105.25959014892578,105.25959014892578,310.1241455078125,310.1241455078125,1173.41015625,1173.41015625,1860.60302734375,1860.60302734375,2149.947265625,2149.947265625
32304,3,410,4,0,20,A1,pct_button,10,,,-3.5728748440742493,False,False,False,1.4173271656036377,1.2916243076324463,1.530696988105774,0.49481311440467834,105.25959014892578,105.25959014892578,310.1241455078125,310.1241455078125,1173.41015625,1173.41015625,1860.60302734375,1860.60302734375,2149.947265625,2149.947265625
32312,3,410,5,12,40,C1,pct_button,100,,,3.2943117022514343,True,True,False,1.2916243076324463,9.21109676361084,0.49481311440467834,32.49184036254883,105.25959014892578,246.18743896484375,310.1241455078125,364.2451477050781,1173.41015625,2431.761474609375,1860.60302734375,2834.285888671875,2149.947265625,-2329.666259765625
