t,env_id,episode_id,step_in_ep,action_sub_idx,base_action_idx,target,type,pct,step,dir,reward,done,gate_ok,deviation_exploded,C1_before,C1_after,A1_before,A1_after,A2_before,A2_after,B2_before,B2_after,A3_before,A3_after,S3_before,S3_after,C3_before,C3_after
19264,3,200,-1,,,,,,,,,False,False,False,8.191450119018555,8.191450119018555,9.646620750427246,9.646620750427246,191.31283569335938,191.31283569335938,179.97103881835938,179.97103881835938,2804.649169921875,2804.649169921875,1456.845458984375,1456.845458984375,-2465.38232421875,-2465.38232421875
19264,3,200,0,10,38,C1,pct_button,30,,,-30.42766761779785,False,False,False,8.191450119018555,6.0816802978515625,9.646620750427246,9.132153511047363,191.31283569335938,191.31283569335938,179.97103881835938,179.97103881835938,2804.649169921875,2804.649169921875,1456.845458984375,1456.845458984375,-2465.38232421875,-2465.38232421875
19272,3,200,1,12,40,C1,pct_button,100,,,-16.281439065933228,False,False,False,6.0816802978515625,1.2087398767471313,9.132153511047363,6.931979656219482,191.31283569335938,191.31283569335938,179.97103881835938,179.97103881835938,2804.649169921875,2804.649169921875,1456.845458984375,1456.845458984375,-2465.38232421875,-2465.38232421875
19280,3,200,2,12,40,C1,pct_button,100,,,-14.021942913532257,False,False,False,1.2087398767471313,0.37845173478126526,6.931979656219482,6.632519721984863,191.31283569335938,191.31283569335938,179.97103881835938,179.97103881835938,2804.649169921875,2804.649169921875,1456.845458984375,1456.845458984375,-2465.38232421875,-2465.38232421875
19288,3,200,3,12,40,C1,pct_button,100,,,-14.021942913532257,False,False,False,0.37845173478126526,0.37845173478126526,6.632519721984863,6.632519721984863,191.31283569335938,191.31283569335938,179.97103881835938,179.97103881835938,2804.649169921875,2804.649169921875,1456.845458984375,1456.845458984375,-2465.38232421875,-2465.38232421875
19296,3,200,4,1,21,A1,pct_button,20,,,0.6535743363201618,True,True,False,0.37845173478126526,-3.4803311824798584,6.632519721984863,8.152748107910156,191.31283569335938,179.99966430664062,179.97103881835938,240.81968688964844,2804.649169921875,2546.6982421875,1456.845458984375,1450.1083984375,-2465.38232421875,1972.23486328125
