t,env_id,episode_id,step_in_ep,action_sub_idx,base_action_idx,target,type,pct,step,dir,reward,done,gate_ok,deviation_exploded,C1_before,C1_after,A1_before,A1_after
44200,7,440,-1,,,,,,,,,False,False,False,7.848758697509766,7.848758697509766,41.81330108642578,41.81330108642578
44200,7,440,0,1,21,A1,pct_button,20,,,65.58060901641845,False,False,False,7.848758697509766,3.861954689025879,41.81330108642578,13.175171852111816
44208,7,440,1,1,21,A1,pct_button,20,,,20.78824985027313,False,False,False,3.861954689025879,2.7949583530426025,13.175171852111816,3.9100937843322754
44216,7,440,2,4,24,A1,pct_button,100,,,16.43870676487684,True,True,False,2.7949583530426025,-16.47100830078125,3.9100937843322754,33.13047409057617
