t,env_id,episode_id,step_in_ep,action_sub_idx,base_action_idx,target,type,pct,step,dir,reward,done,gate_ok,deviation_exploded,C1_before,C1_after,A1_before,A1_after,A2_before,A2_after,B2_before,B2_after,A3_before,A3_after,S3_before,S3_after,C3_before,C3_after
35496,7,440,-1,,,,,,,,,False,False,False,12.659322738647461,12.659322738647461,11.753257751464844,11.753257751464844,354.908203125,354.908203125,407.49713134765625,407.49713134765625,1376.357421875,1376.357421875,1514.9732666015625,1514.9732666015625,1939.425048828125,1939.425048828125
35496,7,440,0,12,40,C1,pct_button,100,,,-34.690558433532715,False,False,False,12.659322738647461,-7.109936237335205,11.753257751464844,10.235342979431152,354.908203125,354.908203125,407.49713134765625,407.49713134765625,1376.357421875,1376.357421875,1514.9732666015625,1514.9732666015625,1939.425048828125,1939.425048828125
35504,7,440,1,6,34,C1,pct_button,5,,,-33.655033111572266,False,False,False,-7.109936237335205,-6.612988471984863,10.235342979431152,10.21452808380127,354.908203125,354.908203125,407.49713134765625,407.49713134765625,1376.357421875,1376.357421875,1514.9732666015625,1514.9732666015625,1939.425048828125,1939.425048828125
35512,7,440,2,0,20,A1,pct_button,10,,,-20.740954875946045,False,False,False,-6.612988471984863,-7.06852912902832,10.21452808380127,3.301948308944702,354.908203125,354.908203125,407.49713134765625,407.49713134765625,1376.357421875,1376.357421875,1514.9732666015625,1514.9732666015625,1939.425048828125,1939.425048828125
35520,7,440,3,12,40,C1,pct_button,100,,,-19.981475830078125,False,False,False,-7.06852912902832,4.891190528869629,3.301948308944702,5.099547386169434,354.908203125,354.908203125,407.49713134765625,407.49713134765625,1376.357421875,1376.357421875,1514.9732666015625,1514.9732666015625,1939.425048828125,1939.425048828125
35528,7,440,4,11,39,C1,pct_button,50,,,-14.203640699386597,False,False,False,4.891190528869629,1.7169984579086304,5.099547386169434,5.384821891784668,354.908203125,354.908203125,407.49713134765625,407.49713134765625,1376.357421875,1376.357421875,1514.9732666015625,1514.9732666015625,1939.425048828125,1939.425048828125
35536,7,440,5,2,22,A1,pct_button,30,,,-0.5024862289428711,True,True,False,1.7169984579086304,-11.049492835998535,5.384821891784668,25.99155616760254,354.908203125,344.2690734863281,407.49713134765625,482.9401550292969,1376.357421875,1714.7015380859375,1514.9732666015625,1225.7164306640625,1939.425048828125,-1497.4969482421875
