t,env_id,episode_id,step_in_ep,action_sub_idx,base_action_idx,target,type,pct,step,dir,reward,done,gate_ok,deviation_exploded,C1_before,C1_after,A1_before,A1_after,A2_before,A2_after,B2_before,B2_after,A3_before,A3_after,S3_before,S3_after,C3_before,C3_after
30096,7,360,-1,,,,,,,,,False,False,False,-1.7271469831466675,-1.7271469831466675,22.8046817779541,22.8046817779541,495.96746826171875,495.96746826171875,180.42164611816406,180.42164611816406,2092.807373046875,2092.807373046875,2138.748046875,2138.748046875,-2112.3603515625,-2112.3603515625
30096,7,360,0,11,39,C1,pct_button,50,,,-46.67507445812225,False,False,False,-1.7271469831466675,-0.9952501654624939,22.8046817779541,22.342287063598633,495.96746826171875,495.96746826171875,180.42164611816406,180.42164611816406,2092.807373046875,2092.807373046875,2138.748046875,2138.748046875,-2112.3603515625,-2112.3603515625
30104,7,360,1,3,23,A1,pct_button,50,,,-23.943852424621582,False,False,False,-0.9952501654624939,-4.749558925628662,22.342287063598633,7.222367286682129,495.96746826171875,495.96746826171875,180.42164611816406,180.42164611816406,2092.807373046875,2092.807373046875,2138.748046875,2138.748046875,-2112.3603515625,-2112.3603515625
30112,7,360,2,12,40,C1,pct_button,100,,,-13.654165983200073,False,False,False,-4.749558925628662,-0.9426692724227905,7.222367286682129,5.884413719177246,495.96746826171875,495.96746826171875,180.42164611816406,180.42164611816406,2092.807373046875,2092.807373046875,2138.748046875,2138.748046875,-2112.3603515625,-2112.3603515625
30120,7,360,3,11,39,C1,pct_button,50,,,-13.132912829518318,False,False,False,-0.9426692724227905,-0.11449918895959854,5.884413719177246,6.4519572257995605,495.96746826171875,495.96746826171875,180.42164611816406,180.42164611816406,2092.807373046875,2092.807373046875,2138.748046875,2138.748046875,-2112.3603515625,-2112.3603515625
30128,7,360,4,1,21,A1,pct_button,20,,,0.11508744955062866,True,True,False,-0.11449918895959854,-12.34156608581543,6.4519572257995605,16.426525115966797,495.96746826171875,397.3902282714844,180.42164611816406,442.0908203125,2092.807373046875,2273.14501953125,2138.748046875,1628.4755859375,-2112.3603515625,-1094.723388671875
