t,env_id,episode_id,step_in_ep,action_sub_idx,base_action_idx,target,type,pct,step,dir,reward,done,gate_ok,deviation_exploded,C1_before,C1_after,A1_before,A1_after,A2_before,A2_after,B2_before,B2_after,A3_before,A3_after,S3_before,S3_after,C3_before,C3_after
43784,1,360,-1,,,,,,,,,False,False,False,4.462859630584717,4.462859630584717,22.246559143066406,22.246559143066406,245.8885955810547,245.8885955810547,176.02862548828125,176.02862548828125,1845.8223876953125,1845.8223876953125,1018.9967651367188,1018.9967651367188,-2069.884521484375,-2069.884521484375
43784,1,360,0,5,33,C1,pct_button,1,,,0.564809894561767,False,False,False,4.462859630584717,4.418757438659668,22.246559143066406,22.270145416259766,245.8885955810547,245.8885955810547,176.02862548828125,176.02862548828125,1845.8223876953125,1845.8223876953125,1018.9967651367188,1018.9967651367188,-2069.884521484375,-2069.884521484375
43792,1,360,1,0,20,A1,pct_button,10,,,23.31180022716522,False,False,False,4.418757438659668,3.6974170207977295,22.270145416259766,11.482383728027344,245.8885955810547,245.8885955810547,176.02862548828125,176.02862548828125,1845.8223876953125,1845.8223876953125,1018.9967651367188,1018.9967651367188,-2069.884521484375,-2069.884521484375
43800,1,360,2,11,39,C1,pct_button,50,,,3.0843217563629164,False,False,False,3.6974170207977295,1.7737460136413574,11.482383728027344,11.996597290039062,245.8885955810547,245.8885955810547,176.02862548828125,176.02862548828125,1845.8223876953125,1845.8223876953125,1018.9967651367188,1018.9967651367188,-2069.884521484375,-2069.884521484375
43808,1,360,3,0,20,A1,pct_button,10,,,16.642090303897856,False,False,False,1.7737460136413574,1.3474808931350708,11.996597290039062,4.151810169219971,245.8885955810547,245.8885955810547,176.02862548828125,176.02862548828125,1845.8223876953125,1845.8223876953125,1018.9967651367188,1018.9967651367188,-2069.884521484375,-2069.884521484375
43816,1,360,4,1,21,A1,pct_button,20,,,11.384887183904649,True,True,False,1.3474808931350708,-8.806424140930176,4.151810169219971,20.80316162109375,245.8885955810547,318.8108215332031,176.02862548828125,497.6773376464844,1845.8223876953125,2654.256591796875,1018.9967651367188,2255.36376953125,-2069.884521484375,-1167.3707275390625
