t,env_id,episode_id,step_in_ep,action_sub_idx,base_action_idx,target,type,pct,step,dir,reward,done,gate_ok,deviation_exploded,C1_before,C1_after,A1_before,A1_after
13496,1,100,-1,,,,,,,,,False,False,False,-19.514183044433594,-19.514183044433594,45.69091033935547,45.69091033935547
13496,1,100,0,1,21,A1,pct_button,20,,,16.035809288024897,False,False,False,-19.514183044433594,-21.859094619750977,45.69091033935547,35.900691986083984
13504,1,100,1,9,37,C1,pct_button,20,,,9.748041343688973,False,False,False,-21.859094619750977,-17.47877311706543,35.900691986083984,35.93614196777344
13512,1,100,2,1,21,A1,pct_button,20,,,12.567607231140135,False,False,False,-17.47877311706543,-19.33948516845703,35.93614196777344,28.26264762878418
13520,1,100,3,3,23,A1,pct_button,50,,,24.284799938201903,False,False,False,-19.33948516845703,-22.816377639770508,28.26264762878418,12.99648380279541
13528,1,100,4,3,23,A1,pct_button,50,,,9.484990005493165,False,False,False,-22.816377639770508,-25.881006240844727,12.99648380279541,5.498151779174805
13536,1,100,5,7,35,C1,pct_button,10,,,5.515618772506718,False,False,False,-25.881006240844727,-23.231067657470703,5.498151779174805,5.67433500289917
13544,1,100,6,3,23,A1,pct_button,50,,,6.678079724311827,False,False,False,-23.231067657470703,-23.84673500061035,5.67433500289917,1.9728233814239502
13552,1,100,7,12,40,C1,pct_button,100,,,50.740167226791385,True,True,False,-23.84673500061035,8.47063159942627,1.9728233814239502,29.27823257446289
