t,env_id,episode_id,step_in_ep,action_sub_idx,base_action_idx,target,type,pct,step,dir,reward,done,gate_ok,deviation_exploded,C1_before,C1_after,A1_before,A1_after
33136,0,330,-1,,,,,,,,,False,False,False,-3.9593873023986816,-3.9593873023986816,27.646236419677734,27.646236419677734
33136,0,330,0,1,21,A1,pct_button,20,,,36.412845926284795,False,False,False,-3.9593873023986816,-5.276052951812744,27.646236419677734,8.253442764282227
33144,0,330,1,0,20,A1,pct_button,10,,,12.968458361625672,False,False,False,-5.276052951812744,-5.37103271484375,8.253442764282227,1.7403476238250732
33152,0,330,2,10,38,C1,pct_button,30,,,0.13222760677337653,False,False,False,-5.37103271484375,-5.37103271484375,1.7403476238250732,1.7403476238250732
33160,0,330,3,2,22,A1,pct_button,30,,,1.6994370877742762,False,False,False,-5.37103271484375,-5.442587375640869,1.7403476238250732,0.8772730231285095
33168,0,330,4,12,40,C1,pct_button,100,,,8.248729263544083,False,False,False,-5.442587375640869,-1.351910948753357,0.8772730231285095,0.8607110381126404
33176,0,330,5,5,33,C1,pct_button,1,,,0.024856382608413836,False,False,False,-1.351910948753357,-1.340064525604248,0.8607110381126404,0.8773029446601868
33184,0,330,6,12,40,C1,pct_button,100,,,6.141063790023327,True,True,False,-1.340064525604248,-9.758257865905762,0.8773029446601868,34.86673355102539
