t,env_id,episode_id,step_in_ep,action_sub_idx,base_action_idx,target,type,pct,step,dir,reward,done,gate_ok,deviation_exploded,C1_before,C1_after,A1_before,A1_after,A2_before,A2_after,B2_before,B2_after,A3_before,A3_after,S3_before,S3_after,C3_before,C3_after
1224,4,10,-1,,,,,,,,,False,False,False,9.333776473999023,9.333776473999023,21.498992919921875,21.498992919921875,396.4472351074219,396.4472351074219,202.08718872070312,202.08718872070312,1701.3878173828125,1701.3878173828125,1589.0396728515625,1589.0396728515625,-2777.55517578125,-2777.55517578125
1224,4,10,0,6,34,C1,pct_button,5,,,1.237314739227292,False,False,False,9.333776473999023,9.05057430267334,21.498992919921875,21.463680267333984,396.4472351074219,396.4472351074219,202.08718872070312,202.08718872070312,1701.3878173828125,1701.3878173828125,1589.0396728515625,1589.0396728515625,-2777.55517578125,-2777.55517578125
1232,4,10,1,12,40,C1,pct_button,100,,,19.201570321917533,False,False,False,9.05057430267334,0.20902153849601746,21.463680267333984,20.91064453125,396.4472351074219,396.4472351074219,202.08718872070312,202.08718872070312,1701.3878173828125,1701.3878173828125,1589.0396728515625,1589.0396728515625,-2777.55517578125,-2777.55517578125
1240,4,10,2,1,21,A1,pct_button,20,,,27.46461183786392,False,False,False,0.20902153849601746,-1.284379243850708,20.91064453125,6.172550201416016,396.4472351074219,396.4472351074219,202.08718872070312,202.08718872070312,1701.3878173828125,1701.3878173828125,1589.0396728515625,1589.0396728515625,-2777.55517578125,-2777.55517578125
1248,4,10,3,12,40,C1,pct_button,100,,,0.5826219582557675,False,False,False,-1.284379243850708,-0.6245981454849243,6.172550201416016,6.608349800109863,396.4472351074219,396.4472351074219,202.08718872070312,202.08718872070312,1701.3878173828125,1701.3878173828125,1589.0396728515625,1589.0396728515625,-2777.55517578125,-2777.55517578125
1256,4,10,4,1,21,A1,pct_button,20,,,13.360670704841615,True,True,False,-0.6245981454849243,4.096574783325195,6.608349800109863,45.13236618041992,396.4472351074219,155.8896942138672,202.08718872070312,453.4816589355469,1701.3878173828125,2360.03955078125,1589.0396728515625,2067.132080078125,-2777.55517578125,-915.0359497070312
