t,env_id,episode_id,step_in_ep,action_sub_idx,base_action_idx,target,type,pct,step,dir,reward,done,gate_ok,deviation_exploded,C1_before,C1_after,A1_before,A1_after,A2_before,A2_after,B2_before,B2_after,A3_before,A3_after,S3_before,S3_after,C3_before,C3_after
20400,2,230,-1,,,,,,,,,False,False,False,-11.739541053771973,-11.739541053771973,2.993886709213257,2.993886709213257,177.986083984375,177.986083984375,139.34609985351562,139.34609985351562,1264.4307861328125,1264.4307861328125,1244.360595703125,1244.360595703125,-2657.559814453125,-2657.559814453125
20400,2,230,0,0,20,A1,pct_button,10,,,-25.738017678260803,False,False,False,-11.739541053771973,-11.901205062866211,2.993886709213257,0.9678037762641907,177.986083984375,177.986083984375,139.34609985351562,139.34609985351562,1264.4307861328125,1264.4307861328125,1244.360595703125,1244.360595703125,-2657.559814453125,-2657.559814453125
20408,2,230,1,12,40,C1,pct_button,100,,,-1.1560375690460205,True,True,False,-11.901205062866211,-16.78239631652832,0.9678037762641907,46.50684356689453,177.986083984375,332.6029357910156,139.34609985351562,272.2750549316406,1264.4307861328125,2991.1162109375,1244.360595703125,1695.18798828125,-2657.559814453125,-1893.82666015625
