t,env_id,episode_id,step_in_ep,action_sub_idx,base_action_idx,target,type,pct,step,dir,reward,done,gate_ok,deviation_exploded,C1_before,C1_after,A1_before,A1_after,A2_before,A2_after,B2_before,B2_after,A3_before,A3_after,S3_before,S3_after,C3_before,C3_after
32808,0,420,-1,,,,,,,,,False,False,False,16.66901206970215,16.66901206970215,4.8667192459106445,4.8667192459106445,311.7816467285156,311.7816467285156,157.16116333007812,157.16116333007812,2409.761474609375,2409.761474609375,1960.380859375,1960.380859375,-2819.320556640625,-2819.320556640625
32808,0,420,0,0,20,A1,pct_button,10,,,-36.390934228897095,False,False,False,16.66901206970215,16.622251510620117,4.8667192459106445,1.5732156038284302,311.7816467285156,311.7816467285156,157.16116333007812,157.16116333007812,2409.761474609375,2409.761474609375,1960.380859375,1960.380859375,-2819.320556640625,-2819.320556640625
32816,0,420,1,0,20,A1,pct_button,10,,,-34.16606402397156,False,False,False,16.622251510620117,16.574474334716797,1.5732156038284302,0.5085576772689819,311.7816467285156,311.7816467285156,157.16116333007812,157.16116333007812,2409.761474609375,2409.761474609375,1960.380859375,1960.380859375,-2819.320556640625,-2819.320556640625
32824,0,420,2,12,40,C1,pct_button,100,,,-7.210020959377289,False,False,False,16.574474334716797,3.2994751930236816,0.5085576772689819,0.30553528666496277,311.7816467285156,311.7816467285156,157.16116333007812,157.16116333007812,2409.761474609375,2409.761474609375,1960.380859375,1960.380859375,-2819.320556640625,-2819.320556640625
32832,0,420,3,11,39,C1,pct_button,50,,,-4.978180408477783,False,False,False,3.2994751930236816,2.1962287425994873,0.30553528666496277,0.2928614616394043,311.7816467285156,311.7816467285156,157.16116333007812,157.16116333007812,2409.761474609375,2409.761474609375,1960.380859375,1960.380859375,-2819.320556640625,-2819.320556640625
32840,0,420,4,12,40,C1,pct_button,100,,,2.126928925514221,True,True,False,2.1962287425994873,-7.448904991149902,0.2928614616394043,38.450828552246094,311.7816467285156,230.859375,157.16116333007812,385.5186767578125,2409.761474609375,2447.85888671875,1960.380859375,2722.226806640625,-2819.320556640625,-1360.44091796875
