t,env_id,episode_id,step_in_ep,action_sub_idx,base_action_idx,target,type,pct,step,dir,reward,done,gate_ok,deviation_exploded,C1_before,C1_after,A1_before,A1_after
22504,6,210,-1,,,,,,,,,False,False,False,0.5620696544647217,0.5620696544647217,3.344712734222412,3.344712734222412
22504,6,210,0,12,40,C1,pct_button,100,,,-1.2973172986507413,False,False,False,0.5620696544647217,-0.3690333962440491,3.344712734222412,4.227371692657471
22512,6,210,1,5,33,C1,pct_button,1,,,0.08192810177803068,False,False,False,-0.3690333962440491,-0.3690333962440491,4.227371692657471,4.227371692657471
22520,6,210,2,0,20,A1,pct_button,10,,,12.798175955414772,True,True,False,-0.3690333962440491,-4.829752445220947,4.227371692657471,5.434424877166748
