t,env_id,episode_id,step_in_ep,action_sub_idx,base_action_idx,target,type,pct,step,dir,reward,done,gate_ok,deviation_exploded,C1_before,C1_after,A1_before,A1_after,A2_before,A2_after,B2_before,B2_after,A3_before,A3_after,S3_before,S3_after,C3_before,C3_after
9768,6,100,-1,,,,,,,,,False,False,False,0.7702961564064026,0.7702961564064026,9.679123878479004,9.679123878479004,368.636474609375,368.636474609375,255.58621215820312,255.58621215820312,2136.397216796875,2136.397216796875,2098.059326171875,2098.059326171875,1608.6318359375,1608.6318359375
9768,6,100,0,2,22,A1,pct_button,30,,,-6.323153935372829,False,False,False,0.7702961564064026,-0.03270338103175163,9.679123878479004,3.128873586654663,368.636474609375,368.636474609375,255.58621215820312,255.58621215820312,2136.397216796875,2136.397216796875,2098.059326171875,2098.059326171875,1608.6318359375,1608.6318359375
9776,6,100,1,0,20,A1,pct_button,10,,,2.789083257317543,True,True,False,-0.03270338103175163,8.70017147064209,3.128873586654663,20.300809860229492,368.636474609375,125.58599853515625,255.58621215820312,135.6366729736328,2136.397216796875,2711.03466796875,2098.059326171875,1748.9775390625,1608.6318359375,2028.622314453125
