t,env_id,episode_id,step_in_ep,action_sub_idx,base_action_idx,target,type,pct,step,dir,reward,done,gate_ok,deviation_exploded,C1_before,C1_after,A1_before,A1_after,A2_before,A2_after,B2_before,B2_after,A3_before,A3_after,S3_before,S3_after,C3_before,C3_after
36912,7,460,-1,,,,,,,,,False,False,False,17.681041717529297,17.681041717529297,20.62274742126465,20.62274742126465,329.087646484375,329.087646484375,150.29881286621094,150.29881286621094,2246.7705078125,2246.7705078125,2401.190673828125,2401.190673828125,-2130.65771484375,-2130.65771484375
36912,7,460,0,1,21,A1,pct_button,20,,,-46.34967041015625,False,False,False,17.681041717529297,16.508325576782227,20.62274742126465,6.666509628295898,329.087646484375,329.087646484375,150.29881286621094,150.29881286621094,2246.7705078125,2246.7705078125,2401.190673828125,2401.190673828125,-2130.65771484375,-2130.65771484375
36920,7,460,1,12,40,C1,pct_button,100,,,-22.03025794029236,False,False,False,16.508325576782227,-1.1230000257492065,6.666509628295898,9.892128944396973,329.087646484375,329.087646484375,150.29881286621094,150.29881286621094,2246.7705078125,2246.7705078125,2401.190673828125,2401.190673828125,-2130.65771484375,-2130.65771484375
36928,7,460,2,1,21,A1,pct_button,20,,,-10.082096576690674,False,False,False,-1.1230000257492065,-1.8433187007904053,9.892128944396973,3.1977295875549316,329.087646484375,329.087646484375,150.29881286621094,150.29881286621094,2246.7705078125,2246.7705078125,2401.190673828125,2401.190673828125,-2130.65771484375,-2130.65771484375
36936,7,460,3,12,40,C1,pct_button,100,,,-11.38205099105835,False,False,False,-1.8433187007904053,1.1759974956512451,3.1977295875549316,4.51502799987793,329.087646484375,329.087646484375,150.29881286621094,150.29881286621094,2246.7705078125,2246.7705078125,2401.190673828125,2401.190673828125,-2130.65771484375,-2130.65771484375
36944,7,460,4,0,20,A1,pct_button,10,,,-0.006226062774658203,True,True,False,1.1759974956512451,-19.129596710205078,4.51502799987793,31.615406036376953,329.087646484375,385.8540344238281,150.29881286621094,467.4261474609375,2246.7705078125,2716.560302734375,2401.190673828125,2952.3037109375,-2130.65771484375,-1694.5517578125
