t,env_id,episode_id,step_in_ep,action_sub_idx,base_action_idx,target,type,pct,step,dir,reward,done,gate_ok,deviation_exploded,C1_before,C1_after,A1_before,A1_after
36064,4,370,-1,,,,,,,,,False,False,False,8.868812561035156,8.868812561035156,45.74281692504883,45.74281692504883
36064,4,370,0,2,22,A1,pct_button,30,,,69.5570667362213,False,False,False,8.868812561035156,4.481839656829834,45.74281692504883,15.546540260314941
36072,4,370,1,1,21,A1,pct_button,20,,,0.3905675983428958,False,False,False,4.481839656829834,4.481839656829834,15.546540260314941,15.546540260314941
36080,4,370,2,4,24,A1,pct_button,100,,,27.06186230421066,False,False,False,4.481839656829834,-1.3463691473007202,15.546540260314941,5.211659908294678
36088,4,370,3,0,20,A1,pct_button,10,,,6.733619735240937,False,False,False,-1.3463691473007202,-1.4394075870513916,5.211659908294678,1.7789956331253052
36096,4,370,4,6,34,C1,pct_button,5,,,0.05436806440353404,False,False,False,-1.4394075870513916,-1.4394075870513916,1.7789956331253052,1.7789956331253052
36104,4,370,5,7,35,C1,pct_button,10,,,-0.06010342359542808,False,False,False,-1.4394075870513916,-1.4482089281082153,1.7789956331253052,1.8280081748962402
36112,4,370,6,7,35,C1,pct_button,10,,,0.09201643943786643,False,False,False,-1.4482089281082153,-1.2692621946334839,1.8280081748962402,1.9885245561599731
36120,4,370,7,11,39,C1,pct_button,50,,,6.811437240168453,True,True,False,-1.2692621946334839,-8.108294486999512,1.9885245561599731,4.472991943359375
