t,env_id,episode_id,step_in_ep,action_sub_idx,base_action_idx,target,type,pct,step,dir,reward,done,gate_ok,deviation_exploded,C1_before,C1_after,A1_before,A1_after
50248,4,120,-1,,,,,,,,,False,False,False,-4.587283611297607,-4.587283611297607,41.34080123901367,41.34080123901367
50248,4,120,0,3,23,A1,pct_button,50,,,52.90071762084961,False,False,False,-4.587283611297607,-8.239018440246582,41.34080123901367,11.430401802062988
50256,4,120,1,8,36,C1,pct_button,15,,,8.12801296234131,False,False,False,-8.239018440246582,-6.947464942932129,11.430401802062988,8.810528755187988
50264,4,120,2,11,39,C1,pct_button,50,,,33.16153676986694,True,True,False,-6.947464942932129,14.718413352966309,8.810528755187988,36.83536148071289
