t,env_id,episode_id,step_in_ep,action_sub_idx,base_action_idx,target,type,pct,step,dir,reward,done,gate_ok,deviation_exploded,C1_before,C1_after,A1_before,A1_after
9872,6,70,-1,,,,,,,,,False,False,False,13.374126434326172,13.374126434326172,43.04676055908203,43.04676055908203
9872,6,70,0,4,24,A1,pct_button,100,,,101.79575083732604,False,False,False,13.374126434326172,2.767700433731079,43.04676055908203,2.806048631668091
9880,6,70,1,5,33,C1,pct_button,1,,,0.16991976261138908,False,False,False,2.767700433731079,2.7162787914276123,2.806048631668091,2.822902202606201
9888,6,70,2,12,40,C1,pct_button,100,,,-0.9833402872085577,False,False,False,2.7162787914276123,2.0684115886688232,2.822902202606201,4.018306732177734
9896,6,70,3,2,22,A1,pct_button,30,,,2.845557172298431,False,False,False,2.0684115886688232,1.678918480873108,4.018306732177734,3.027081251144409
9904,6,70,4,7,35,C1,pct_button,10,,,0.38497273683547895,False,False,False,1.678918480873108,1.7593837976455688,3.027081251144409,2.7946701049804688
9912,6,70,5,11,39,C1,pct_button,50,,,1.9702610623836516,False,False,False,1.7593837976455688,0.8675488829612732,2.7946701049804688,2.7323737144470215
9920,6,70,6,9,37,C1,pct_button,20,,,0.3863768601417543,False,False,False,0.8675488829612732,0.5596164464950562,2.7323737144470215,2.876478672027588
9928,6,70,7,3,23,A1,pct_button,50,,,8.347578979283572,True,True,False,0.5596164464950562,6.264859676361084,2.876478672027588,1.62349534034729
