t,env_id,episode_id,step_in_ep,action_sub_idx,base_action_idx,target,type,pct,step,dir,reward,done,gate_ok,deviation_exploded,C1_before,C1_after,A1_before,A1_after,A2_before,A2_after,B2_before,B2_after,A3_before,A3_after,S3_before,S3_after,C3_before,C3_after
22432,4,250,-1,,,,,,,,,False,False,False,-7.6527485847473145,-7.6527485847473145,15.599569320678711,15.599569320678711,258.9183349609375,258.9183349609375,160.24569702148438,160.24569702148438,2465.000244140625,2465.000244140625,2143.81787109375,2143.81787109375,1285.7220458984375,1285.7220458984375
22432,4,250,0,10,38,C1,pct_button,30,,,-42.23185062408447,False,False,False,-7.6527485847473145,-5.6488423347473145,15.599569320678711,15.467082977294922,258.9183349609375,258.9183349609375,160.24569702148438,160.24569702148438,2465.000244140625,2465.000244140625,2143.81787109375,2143.81787109375,1285.7220458984375,1285.7220458984375
22440,4,250,1,12,40,C1,pct_button,100,,,-36.64488220214844,False,False,False,-5.6488423347473145,-1.012765884399414,15.467082977294922,17.309675216674805,258.9183349609375,258.9183349609375,160.24569702148438,160.24569702148438,2465.000244140625,2465.000244140625,2143.81787109375,2143.81787109375,1285.7220458984375,1285.7220458984375
22448,4,250,2,9,37,C1,pct_button,20,,,-36.333911776542664,False,False,False,-1.012765884399414,-0.9736289381980896,17.309675216674805,17.193326950073242,258.9183349609375,258.9183349609375,160.24569702148438,160.24569702148438,2465.000244140625,2465.000244140625,2143.81787109375,2143.81787109375,1285.7220458984375,1285.7220458984375
22456,4,250,3,0,20,A1,pct_button,10,,,-13.427634239196777,False,False,False,-0.9736289381980896,-1.1559019088745117,17.193326950073242,5.557915210723877,258.9183349609375,258.9183349609375,160.24569702148438,160.24569702148438,2465.000244140625,2465.000244140625,2143.81787109375,2143.81787109375,1285.7220458984375,1285.7220458984375
22464,4,250,4,3,23,A1,pct_button,50,,,-0.680976152420044,True,True,False,-1.1559019088745117,19.998857498168945,5.557915210723877,15.372126579284668,258.9183349609375,270.98138427734375,160.24569702148438,320.3799133300781,2465.000244140625,1961.2899169921875,2143.81787109375,1300.141357421875,1285.7220458984375,-2586.5869140625
