t,env_id,episode_id,step_in_ep,action_sub_idx,base_action_idx,target,type,pct,step,dir,reward,done,gate_ok,deviation_exploded,C1_before,C1_after,A1_before,A1_after,A2_before,A2_after,B2_before,B2_after,A3_before,A3_after,S3_before,S3_after,C3_before,C3_after
26504,5,330,-1,,,,,,,,,False,False,False,-1.3284589052200317,-1.3284589052200317,31.74529266357422,31.74529266357422,168.8145294189453,168.8145294189453,318.4374084472656,318.4374084472656,1091.396728515625,1091.396728515625,2477.544189453125,2477.544189453125,-1616.35595703125,-1616.35595703125
26504,5,330,0,12,40,C1,pct_button,100,,,-65.56864762306213,False,False,False,-1.3284589052200317,0.5093718767166138,31.74529266357422,32.27495193481445,168.8145294189453,168.8145294189453,318.4374084472656,318.4374084472656,1091.396728515625,1091.396728515625,2477.544189453125,2477.544189453125,-1616.35595703125,-1616.35595703125
26512,5,330,1,1,21,A1,pct_button,20,,,-22.565338015556335,False,False,False,0.5093718767166138,-0.8494681715965271,32.27495193481445,10.43320083618164,168.8145294189453,168.8145294189453,318.4374084472656,318.4374084472656,1091.396728515625,1091.396728515625,2477.544189453125,2477.544189453125,-1616.35595703125,-1616.35595703125
26520,5,330,2,0,20,A1,pct_button,10,,,-9.009382963180542,False,False,False,-0.8494681715965271,-1.1320551633834839,10.43320083618164,3.372636318206787,168.8145294189453,168.8145294189453,318.4374084472656,318.4374084472656,1091.396728515625,1091.396728515625,2477.544189453125,2477.544189453125,-1616.35595703125,-1616.35595703125
26528,5,330,3,2,22,A1,pct_button,30,,,-5.0940728187561035,False,False,False,-1.1320551633834839,-1.4567979574203491,3.372636318206787,1.0902384519577026,168.8145294189453,168.8145294189453,318.4374084472656,318.4374084472656,1091.396728515625,1091.396728515625,2477.544189453125,2477.544189453125,-1616.35595703125,-1616.35595703125
26536,5,330,4,12,40,C1,pct_button,100,,,2.156082808971405,True,True,False,-1.4567979574203491,5.753182411193848,1.0902384519577026,27.742544174194336,168.8145294189453,253.23497009277344,318.4374084472656,365.3329162597656,1091.396728515625,1323.5164794921875,2477.544189453125,1471.801513671875,-1616.35595703125,-2101.25830078125
