t,env_id,episode_id,step_in_ep,action_sub_idx,base_action_idx,target,type,pct,step,dir,reward,done,gate_ok,deviation_exploded,C1_before,C1_after,A1_before,A1_after,A2_before,A2_after,B2_before,B2_after,A3_before,A3_after,S3_before,S3_after,C3_before,C3_after
2160,5,20,-1,,,,,,,,,False,False,False,-1.9844509363174438,-1.9844509363174438,36.6015625,36.6015625,317.94610595703125,317.94610595703125,248.75901794433594,248.75901794433594,2316.32080078125,2316.32080078125,2626.396484375,2626.396484375,-1413.45947265625,-1413.45947265625
2160,5,20,0,7,35,C1,pct_button,10,,,1.4965222430229141,False,False,False,-1.9844509363174438,-1.6772311925888062,36.6015625,36.53767013549805,317.94610595703125,317.94610595703125,248.75901794433594,248.75901794433594,2316.32080078125,2316.32080078125,2626.396484375,2626.396484375,-1413.45947265625,-1413.45947265625
2168,5,20,1,4,24,A1,pct_button,100,,,28.656494626998903,False,False,False,-1.6772311925888062,-13.777894973754883,36.53767013549805,10.344987869262695,317.94610595703125,317.94610595703125,248.75901794433594,248.75901794433594,2316.32080078125,2316.32080078125,2626.396484375,2626.396484375,-1413.45947265625,-1413.45947265625
2176,5,20,2,0,20,A1,pct_button,10,,,15.290415515899658,False,False,False,-13.777894973754883,-13.987213134765625,10.344987869262695,2.651852607727051,317.94610595703125,317.94610595703125,248.75901794433594,248.75901794433594,2316.32080078125,2316.32080078125,2626.396484375,2626.396484375,-1413.45947265625,-1413.45947265625
2184,5,20,3,11,39,C1,pct_button,50,,,24.76359726667404,False,False,False,-13.987213134765625,-2.4386239051818848,2.651852607727051,1.8565953969955444,317.94610595703125,317.94610595703125,248.75901794433594,248.75901794433594,2316.32080078125,2316.32080078125,2626.396484375,2626.396484375,-1413.45947265625,-1413.45947265625
2192,5,20,4,12,40,C1,pct_button,100,,,1.20248309135437,False,False,False,-2.4386239051818848,1.0388104915618896,1.8565953969955444,2.687429666519165,317.94610595703125,317.94610595703125,248.75901794433594,248.75901794433594,2316.32080078125,2316.32080078125,2626.396484375,2626.396484375,-1413.45947265625,-1413.45947265625
2200,5,20,5,3,23,A1,pct_button,50,,,7.501591951847077,True,True,False,1.0388104915618896,13.582843780517578,2.687429666519165,37.96852111816406,317.94610595703125,282.6153259277344,248.75901794433594,112.66741943359375,2316.32080078125,2409.48876953125,2626.396484375,2936.64599609375,-1413.45947265625,-912.3056030273438
