t,env_id,episode_id,step_in_ep,action_sub_idx,base_action_idx,target,type,pct,step,dir,reward,done,gate_ok,deviation_exploded,C1_before,C1_after,A1_before,A1_after,A2_before,A2_after,B2_before,B2_after,A3_before,A3_after,S3_before,S3_after,C3_before,C3_after
49240,0,370,-1,,,,,,,,,False,False,False,2.0790936946868896,2.0790936946868896,37.48544692993164,37.48544692993164,490.65972900390625,490.65972900390625,398.9272766113281,398.9272766113281,2964.9580078125,2964.9580078125,2742.757568359375,2742.757568359375,2893.911376953125,2893.911376953125
49240,0,370,0,0,20,A1,pct_button,10,,,53.521812781095505,False,False,False,2.0790936946868896,0.8103682398796082,37.48544692993164,12.117545127868652,490.65972900390625,490.65972900390625,398.9272766113281,398.9272766113281,2964.9580078125,2964.9580078125,2742.757568359375,2742.757568359375,2893.911376953125,2893.911376953125
49248,0,370,1,3,23,A1,pct_button,50,,,17.097398414611813,False,False,False,0.8103682398796082,-0.5012803077697754,12.117545127868652,3.9171178340911865,490.65972900390625,490.65972900390625,398.9272766113281,398.9272766113281,2964.9580078125,2964.9580078125,2742.757568359375,2742.757568359375,2893.911376953125,2893.911376953125
49256,0,370,2,0,20,A1,pct_button,10,,,9.862574808597564,True,True,False,-0.5012803077697754,-15.358695983886719,3.9171178340911865,32.62348937988281,490.65972900390625,171.2313690185547,398.9272766113281,376.9671325683594,2964.9580078125,2534.697509765625,2742.757568359375,1980.9071044921875,2893.911376953125,-1134.14306640625
