t,env_id,episode_id,step_in_ep,action_sub_idx,base_action_idx,target,type,pct,step,dir,reward,done,gate_ok,deviation_exploded,C1_before,C1_after,A1_before,A1_after,A2_before,A2_after,B2_before,B2_after,A3_before,A3_after,S3_before,S3_after,C3_before,C3_after
46040,7,640,-1,,,,,,,,,False,False,False,-0.04774576798081398,-0.04774576798081398,18.658668518066406,18.658668518066406,167.1649932861328,167.1649932861328,420.3010559082031,420.3010559082031,2857.852783203125,2857.852783203125,1368.1085205078125,1368.1085205078125,2170.173583984375,2170.173583984375
46040,7,640,0,2,22,A1,pct_button,30,,,-15.110614776611328,False,False,False,-0.04774576798081398,-1.5237059593200684,18.658668518066406,6.031601428985596,167.1649932861328,167.1649932861328,420.3010559082031,420.3010559082031,2857.852783203125,2857.852783203125,1368.1085205078125,1368.1085205078125,2170.173583984375,2170.173583984375
46048,7,640,1,12,40,C1,pct_button,100,,,-15.110614776611328,False,False,False,-1.5237059593200684,-1.5237059593200684,6.031601428985596,6.031601428985596,167.1649932861328,167.1649932861328,420.3010559082031,420.3010559082031,2857.852783203125,2857.852783203125,1368.1085205078125,1368.1085205078125,2170.173583984375,2170.173583984375
46056,7,640,2,0,20,A1,pct_button,10,,,-7.011500835418701,False,False,False,-1.5237059593200684,-1.5559749603271484,6.031601428985596,1.9497754573822021,167.1649932861328,167.1649932861328,420.3010559082031,420.3010559082031,2857.852783203125,2857.852783203125,1368.1085205078125,1368.1085205078125,2170.173583984375,2170.173583984375
46064,7,640,3,2,22,A1,pct_button,30,,,1.4098992347717285,True,True,False,-1.5559749603271484,-0.9245609045028687,1.9497754573822021,7.569295883178711,167.1649932861328,129.7135772705078,420.3010559082031,171.70921325683594,2857.852783203125,2556.220947265625,1368.1085205078125,1964.360107421875,2170.173583984375,1995.3319091796875
