t,env_id,episode_id,step_in_ep,action_sub_idx,base_action_idx,target,type,pct,step,dir,reward,done,gate_ok,deviation_exploded,C1_before,C1_after,A1_before,A1_after,A2_before,A2_after,B2_before,B2_after,A3_before,A3_after,S3_before,S3_after,C3_before,C3_after
23760,3,200,-1,,,,,,,,,False,False,False,-9.202959060668945,-9.202959060668945,15.045405387878418,15.045405387878418,474.03240966796875,474.03240966796875,287.7399597167969,287.7399597167969,2462.20751953125,2462.20751953125,1657.4359130859375,1657.4359130859375,-2408.240966796875,-2408.240966796875
23760,3,200,0,4,24,A1,pct_button,100,,,6.6715395069122305,False,False,False,-9.202959060668945,-14.776941299438477,15.045405387878418,6.341841220855713,474.03240966796875,474.03240966796875,287.7399597167969,287.7399597167969,2462.20751953125,2462.20751953125,1657.4359130859375,1657.4359130859375,-2408.240966796875,-2408.240966796875
23768,3,200,1,12,40,C1,pct_button,100,,,26.37904089450836,False,False,False,-14.776941299438477,1.7567360401153564,6.341841220855713,6.2475690841674805,474.03240966796875,474.03240966796875,287.7399597167969,287.7399597167969,2462.20751953125,2462.20751953125,1657.4359130859375,1657.4359130859375,-2408.240966796875,-2408.240966796875
23776,3,200,2,7,35,C1,pct_button,10,,,0.901755094528198,False,False,False,1.7567360401153564,1.397639274597168,6.2475690841674805,6.227035045623779,474.03240966796875,474.03240966796875,287.7399597167969,287.7399597167969,2462.20751953125,2462.20751953125,1657.4359130859375,1657.4359130859375,-2408.240966796875,-2408.240966796875
23784,3,200,3,0,20,A1,pct_button,10,,,15.937190351486207,True,True,False,1.397639274597168,10.081975936889648,6.227035045623779,32.24052429199219,474.03240966796875,448.6571350097656,287.7399597167969,166.96685791015625,2462.20751953125,2521.390380859375,1657.4359130859375,2594.808837890625,-2408.240966796875,2100.51220703125
