t,env_id,episode_id,step_in_ep,action_sub_idx,base_action_idx,target,type,pct,step,dir,reward,done,gate_ok,deviation_exploded,C1_before,C1_after,A1_before,A1_after,A2_before,A2_after,B2_before,B2_after,A3_before,A3_after,S3_before,S3_after,C3_before,C3_after
34304,6,440,-1,,,,,,,,,False,False,False,2.3217875957489014,2.3217875957489014,7.360808849334717,7.360808849334717,175.81500244140625,175.81500244140625,191.0806121826172,191.0806121826172,2837.448974609375,2837.448974609375,2762.9267578125,2762.9267578125,2077.403564453125,2077.403564453125
34304,6,440,0,2,22,A1,pct_button,30,,,-7.23881983757019,False,False,False,2.3217875957489014,1.2399548292160034,7.360808849334717,2.379455089569092,175.81500244140625,175.81500244140625,191.0806121826172,191.0806121826172,2837.448974609375,2837.448974609375,2762.9267578125,2762.9267578125,2077.403564453125,2077.403564453125
34312,6,440,1,3,23,A1,pct_button,50,,,1.9739762544631958,True,True,False,1.2399548292160034,18.738073348999023,2.379455089569092,26.604637145996094,175.81500244140625,152.17208862304688,191.0806121826172,322.1690368652344,2837.448974609375,2233.510986328125,2762.9267578125,1812.4193115234375,2077.403564453125,-963.4810791015625
