t,env_id,episode_id,step_in_ep,action_sub_idx,base_action_idx,target,type,pct,step,dir,reward,done,gate_ok,deviation_exploded,C1_before,C1_after,A1_before,A1_after,A2_before,A2_after,B2_before,B2_after,A3_before,A3_after,S3_before,S3_after,C3_before,C3_after
26696,5,320,-1,,,,,,,,,False,False,False,19.194595336914062,19.194595336914062,8.947144508361816,8.947144508361816,273.0433349609375,273.0433349609375,329.8608703613281,329.8608703613281,1235.6573486328125,1235.6573486328125,2120.52880859375,2120.52880859375,-2292.9755859375,-2292.9755859375
26696,5,320,0,3,23,A1,pct_button,50,,,-41.109703063964844,False,False,False,19.194595336914062,17.66259765625,8.947144508361816,2.892253875732422,273.0433349609375,273.0433349609375,329.8608703613281,329.8608703613281,1235.6573486328125,1235.6573486328125,2120.52880859375,2120.52880859375,-2292.9755859375,-2292.9755859375
26704,5,320,1,11,39,C1,pct_button,50,,,-20.788262605667114,False,False,False,17.66259765625,8.457230567932129,2.892253875732422,1.9369007349014282,273.0433349609375,273.0433349609375,329.8608703613281,329.8608703613281,1235.6573486328125,1235.6573486328125,2120.52880859375,2120.52880859375,-2292.9755859375,-2292.9755859375
26712,5,320,2,3,23,A1,pct_button,50,,,-17.778942227363586,False,False,False,8.457230567932129,8.263348579406738,1.9369007349014282,0.6261225342750549,273.0433349609375,273.0433349609375,329.8608703613281,329.8608703613281,1235.6573486328125,1235.6573486328125,2120.52880859375,2120.52880859375,-2292.9755859375,-2292.9755859375
26720,5,320,3,1,21,A1,pct_button,20,,,-17.778942227363586,False,False,False,8.263348579406738,8.263348579406738,0.6261225342750549,0.6261225342750549,273.0433349609375,273.0433349609375,329.8608703613281,329.8608703613281,1235.6573486328125,1235.6573486328125,2120.52880859375,2120.52880859375,-2292.9755859375,-2292.9755859375
26728,5,320,4,12,40,C1,pct_button,100,,,3.5308098793029785,True,True,False,8.263348579406738,-9.854995727539062,0.6261225342750549,44.52619934082031,273.0433349609375,259.58953857421875,329.8608703613281,113.29196166992188,1235.6573486328125,2029.8018798828125,2120.52880859375,1733.9442138671875,-2292.9755859375,888.740966796875
