t,env_id,episode_id,step_in_ep,action_sub_idx,base_action_idx,target,type,pct,step,dir,reward,done,gate_ok,deviation_exploded,C1_before,C1_after,A1_before,A1_after,A2_before,A2_after,B2_before,B2_after,A3_before,A3_after,S3_before,S3_after,C3_before,C3_after
18672,7,210,-1,,,,,,,,,False,False,False,9.839494705200195,9.839494705200195,41.47645950317383,41.47645950317383,294.89141845703125,294.89141845703125,471.7919921875,471.7919921875,2785.99072265625,2785.99072265625,1417.638671875,1417.638671875,1358.656005859375,1358.656005859375
18672,7,210,0,1,21,A1,pct_button,20,,,-43.59912872314453,False,False,False,9.839494705200195,8.391883850097656,41.47645950317383,13.40768051147461,294.89141845703125,294.89141845703125,471.7919921875,471.7919921875,2785.99072265625,2785.99072265625,1417.638671875,1417.638671875,1358.656005859375,1358.656005859375
18680,7,210,1,0,20,A1,pct_button,10,,,-24.685551643371582,False,False,False,8.391883850097656,8.0086088180542,13.40768051147461,4.334167003631592,294.89141845703125,294.89141845703125,471.7919921875,471.7919921875,2785.99072265625,2785.99072265625,1417.638671875,1417.638671875,1358.656005859375,1358.656005859375
18688,7,210,2,1,21,A1,pct_button,20,,,-17.661046504974365,False,False,False,8.0086088180542,7.429460525512695,4.334167003631592,1.4010627269744873,294.89141845703125,294.89141845703125,471.7919921875,471.7919921875,2785.99072265625,2785.99072265625,1417.638671875,1417.638671875,1358.656005859375,1358.656005859375
18696,7,210,3,12,40,C1,pct_button,100,,,1.8623279333114624,True,True,False,7.429460525512695,-5.365811824798584,1.4010627269744873,11.274291038513184,294.89141845703125,362.73895263671875,471.7919921875,188.8672332763672,2785.99072265625,2088.325927734375,1417.638671875,1009.8648681640625,1358.656005859375,-2914.8583984375
