t,env_id,episode_id,step_in_ep,action_sub_idx,base_action_idx,target,type,pct,step,dir,reward,done,gate_ok,deviation_exploded,C1_before,C1_after,A1_before,A1_after
47328,5,460,-1,,,,,,,,,False,False,False,-2.721712589263916,-2.721712589263916,4.694148540496826,4.694148540496826
47328,5,460,0,10,38,C1,pct_button,30,,,1.8133681035041815,False,False,False,-2.721712589263916,-1.940569519996643,4.694148540496826,4.629306316375732
47336,5,460,1,9,37,C1,pct_button,20,,,0.6487318682670595,False,False,False,-1.940569519996643,-1.5630420446395874,4.629306316375732,4.740503311157227
47344,5,460,2,2,22,A1,pct_button,30,,,4.863796513080597,False,False,False,-1.5630420446395874,-1.270523190498352,4.740503311157227,2.635180950164795
47352,5,460,3,11,39,C1,pct_button,50,,,7.169171756505967,True,True,False,-1.270523190498352,3.3921475410461426,2.635180950164795,26.21068000793457
