t,env_id,episode_id,step_in_ep,action_sub_idx,base_action_idx,target,type,pct,step,dir,reward,done,gate_ok,deviation_exploded,C1_before,C1_after,A1_before,A1_after,A2_before,A2_after,B2_before,B2_after,A3_before,A3_after,S3_before,S3_after,C3_before,C3_after
45320,0,610,-1,,,,,,,,,False,False,False,-4.156030654907227,-4.156030654907227,13.499332427978516,13.499332427978516,299.9776916503906,299.9776916503906,443.14093017578125,443.14093017578125,1001.0384521484375,1001.0384521484375,2884.621337890625,2884.621337890625,2092.087890625,2092.087890625
45320,0,610,0,0,20,A1,pct_button,10,,,-17.7107515335083,False,False,False,-4.156030654907227,-4.491581439971924,13.499332427978516,4.363794326782227,299.9776916503906,299.9776916503906,443.14093017578125,443.14093017578125,1001.0384521484375,1001.0384521484375,2884.621337890625,2884.621337890625,2092.087890625,2092.087890625
45328,0,610,1,1,21,A1,pct_button,20,,,-12.936196088790894,False,False,False,-4.491581439971924,-5.05745792388916,4.363794326782227,1.4106401205062866,299.9776916503906,299.9776916503906,443.14093017578125,443.14093017578125,1001.0384521484375,1001.0384521484375,2884.621337890625,2884.621337890625,2092.087890625,2092.087890625
45336,0,610,2,12,40,C1,pct_button,100,,,-5.439651846885681,False,False,False,-5.05745792388916,-1.9031568765640259,1.4106401205062866,0.8166690468788147,299.9776916503906,299.9776916503906,443.14093017578125,443.14093017578125,1001.0384521484375,1001.0384521484375,2884.621337890625,2884.621337890625,2092.087890625,2092.087890625
45344,0,610,3,0,20,A1,pct_button,10,,,-4.165110945701599,False,False,False,-1.9031568765640259,-1.8185590505599976,0.8166690468788147,0.263996422290802,299.9776916503906,299.9776916503906,443.14093017578125,443.14093017578125,1001.0384521484375,1001.0384521484375,2884.621337890625,2884.621337890625,2092.087890625,2092.087890625
45352,0,610,4,12,40,C1,pct_button,100,,,3.6567815840244293,True,True,False,-1.8185590505599976,19.12519645690918,0.263996422290802,34.04289627075195,299.9776916503906,467.0285339355469,443.14093017578125,434.1359558105469,1001.0384521484375,2054.075439453125,2884.621337890625,2879.733642578125,2092.087890625,-1972.876953125
