t,env_id,episode_id,step_in_ep,action_sub_idx,base_action_idx,target,type,pct,step,dir,reward,done,gate_ok,deviation_exploded,C1_before,C1_after,A1_before,A1_after
19232,0,180,-1,,,,,,,,,False,False,False,-18.49405860900879,-18.49405860900879,5.997984409332275,5.997984409332275
19232,0,180,0,12,40,C1,pct_button,100,,,37.39220408439636,False,False,False,-18.49405860900879,1.4069247245788574,5.997984409332275,4.442510604858398
19240,0,180,1,6,34,C1,pct_button,5,,,0.11640931129455524,False,False,False,1.4069247245788574,1.3709535598754883,4.442510604858398,4.473723888397217
19248,0,180,2,10,38,C1,pct_button,30,,,-0.23423114538192658,False,False,False,1.3709535598754883,1.1187855005264282,4.473723888397217,4.898177146911621
19256,0,180,3,7,35,C1,pct_button,10,,,0.11696993112564137,False,False,False,1.1187855005264282,1.0778647661209106,4.898177146911621,4.935749053955078
19264,0,180,4,8,36,C1,pct_button,15,,,0.11027227640152028,False,False,False,1.0778647661209106,1.0778647661209106,4.935749053955078,4.935749053955078
19272,0,180,5,2,22,A1,pct_button,30,,,14.953652759194375,True,True,False,1.0778647661209106,7.2626800537109375,4.935749053955078,6.986458778381348
