t,env_id,episode_id,step_in_ep,action_sub_idx,base_action_idx,target,type,pct,step,dir,reward,done,gate_ok,deviation_exploded,C1_before,C1_after,A1_before,A1_after,A2_before,A2_after,B2_before,B2_after,A3_before,A3_after,S3_before,S3_after,C3_before,C3_after
8224,4,80,-1,,,,,,,,,False,False,False,11.404354095458984,11.404354095458984,12.741385459899902,12.741385459899902,303.12493896484375,303.12493896484375,221.68666076660156,221.68666076660156,1835.092041015625,1835.092041015625,2168.07177734375,2168.07177734375,2477.313720703125,2477.313720703125
8224,4,80,0,1,21,A1,pct_button,20,,,-30.074831008911133,False,False,False,11.404354095458984,10.918635368347168,12.741385459899902,4.118780136108398,303.12493896484375,303.12493896484375,221.68666076660156,221.68666076660156,1835.092041015625,1835.092041015625,2168.07177734375,2168.07177734375,2477.313720703125,2477.313720703125
8232,4,80,1,0,20,A1,pct_button,10,,,-24.326228618621826,False,False,False,10.918635368347168,10.831677436828613,4.118780136108398,1.3314368724822998,303.12493896484375,303.12493896484375,221.68666076660156,221.68666076660156,1835.092041015625,1835.092041015625,2168.07177734375,2168.07177734375,2477.313720703125,2477.313720703125
8240,4,80,2,6,34,C1,pct_button,5,,,-23.005911588668823,False,False,False,10.831677436828613,10.144291877746582,1.3314368724822998,1.3586639165878296,303.12493896484375,303.12493896484375,221.68666076660156,221.68666076660156,1835.092041015625,1835.092041015625,2168.07177734375,2168.07177734375,2477.313720703125,2477.313720703125
8248,4,80,3,4,24,A1,pct_button,100,,,-20.196060836315155,False,False,False,10.144291877746582,9.658828735351562,1.3586639165878296,0.439201682806015,303.12493896484375,303.12493896484375,221.68666076660156,221.68666076660156,1835.092041015625,1835.092041015625,2168.07177734375,2168.07177734375,2477.313720703125,2477.313720703125
8256,4,80,4,12,40,C1,pct_button,100,,,2.0015573501586914,True,True,False,9.658828735351562,-5.928953170776367,0.439201682806015,32.77391815185547,303.12493896484375,107.61492156982422,221.68666076660156,258.01666259765625,1835.092041015625,2230.42236328125,2168.07177734375,2037.80322265625,2477.313720703125,1050.5706787109375
