t,env_id,episode_id,step_in_ep,action_sub_idx,base_action_idx,target,type,pct,step,dir,reward,done,gate_ok,deviation_exploded,C1_before,C1_after,A1_before,A1_after,A2_before,A2_after,B2_before,B2_after,A3_before,A3_after,S3_before,S3_after,C3_before,C3_after
47848,0,650,-1,,,,,,,,,False,False,False,2.8776814937591553,2.8776814937591553,7.762798309326172,7.762798309326172,486.2779541015625,486.2779541015625,481.0353088378906,481.0353088378906,2356.59326171875,2356.59326171875,2601.72802734375,2601.72802734375,-2926.433349609375,-2926.433349609375
47848,0,650,0,12,40,C1,pct_button,100,,,-13.209726572036743,False,False,False,2.8776814937591553,0.844037652015686,7.762798309326172,5.7608256340026855,486.2779541015625,486.2779541015625,481.0353088378906,481.0353088378906,2356.59326171875,2356.59326171875,2601.72802734375,2601.72802734375,-2926.433349609375,-2926.433349609375
47856,0,650,1,12,40,C1,pct_button,100,,,-11.300268221646547,False,False,False,0.844037652015686,-0.006279969587922096,5.7608256340026855,5.643854141235352,486.2779541015625,486.2779541015625,481.0353088378906,481.0353088378906,2356.59326171875,2356.59326171875,2601.72802734375,2601.72802734375,-2926.433349609375,-2926.433349609375
47864,0,650,2,12,40,C1,pct_button,100,,,-11.300268221646547,False,False,False,-0.006279969587922096,-0.006279969587922096,5.643854141235352,5.643854141235352,486.2779541015625,486.2779541015625,481.0353088378906,481.0353088378906,2356.59326171875,2356.59326171875,2601.72802734375,2601.72802734375,-2926.433349609375,-2926.433349609375
47872,0,650,3,12,40,C1,pct_button,100,,,-15.726741909980774,False,False,False,-0.006279969587922096,-0.3084164261817932,5.643854141235352,7.554954528808594,486.2779541015625,486.2779541015625,481.0353088378906,481.0353088378906,2356.59326171875,2356.59326171875,2601.72802734375,2601.72802734375,-2926.433349609375,-2926.433349609375
47880,0,650,4,1,21,A1,pct_button,20,,,-1.995161533355713,True,True,False,-0.3084164261817932,-4.258138179779053,7.554954528808594,44.358001708984375,486.2779541015625,472.8883056640625,481.0353088378906,495.2209777832031,2356.59326171875,2413.875,2601.72802734375,2665.177978515625,-2926.433349609375,-1031.9305419921875
