t,env_id,episode_id,step_in_ep,action_sub_idx,base_action_idx,target,type,pct,step,dir,reward,done,gate_ok,deviation_exploded,C1_before,C1_after,A1_before,A1_after,A2_before,A2_after,B2_before,B2_after,A3_before,A3_after,S3_before,S3_after,C3_before,C3_after
17720,5,200,-1,,,,,,,,,False,False,False,-18.281394958496094,-18.281394958496094,27.113142013549805,27.113142013549805,225.00698852539062,225.00698852539062,220.21046447753906,220.21046447753906,2896.104736328125,2896.104736328125,2428.586181640625,2428.586181640625,966.173583984375,966.173583984375
17720,5,200,0,0,20,A1,pct_button,10,,,-55.819223403930664,False,False,False,-18.281394958496094,-19.145017623901367,27.113142013549805,8.764594078063965,225.00698852539062,225.00698852539062,220.21046447753906,220.21046447753906,2896.104736328125,2896.104736328125,2428.586181640625,2428.586181640625,966.173583984375,966.173583984375
17728,5,200,1,12,40,C1,pct_button,100,,,-20.4412899017334,False,False,False,-19.145017623901367,-2.6167774200439453,8.764594078063965,7.603867530822754,225.00698852539062,225.00698852539062,220.21046447753906,220.21046447753906,2896.104736328125,2896.104736328125,2428.586181640625,2428.586181640625,966.173583984375,966.173583984375
17736,5,200,2,12,40,C1,pct_button,100,,,-17.560479402542114,False,False,False,-2.6167774200439453,1.307320237159729,7.603867530822754,7.472919464111328,225.00698852539062,225.00698852539062,220.21046447753906,220.21046447753906,2896.104736328125,2896.104736328125,2428.586181640625,2428.586181640625,966.173583984375,966.173583984375
17744,5,200,3,0,20,A1,pct_button,10,,,-2.030571222305298,True,True,False,1.307320237159729,19.778913497924805,7.472919464111328,43.78899002075195,225.00698852539062,442.5353088378906,220.21046447753906,454.0035400390625,2896.104736328125,1936.9188232421875,2428.586181640625,1870.2578125,966.173583984375,-2354.470703125
