t,env_id,episode_id,step_in_ep,action_sub_idx,base_action_idx,target,type,pct,step,dir,reward,done,gate_ok,deviation_exploded,C1_before,C1_after,A1_before,A1_after,A2_before,A2_after,B2_before,B2_after,A3_before,A3_after,S3_before,S3_after,C3_before,C3_after
42808,4,580,-1,,,,,,,,,False,True,False,3.35482120513916,3.35482120513916,0.3269853889942169,0.3269853889942169,151.21859741210938,151.21859741210938,492.3807373046875,492.3807373046875,1960.0277099609375,1960.0277099609375,2949.359619140625,2949.359619140625,1377.3541259765625,1377.3541259765625
42808,4,580,0,12,40,C1,pct_button,100,,,2.677903890609741,True,True,False,3.35482120513916,-12.241316795349121,0.3269853889942169,48.553531646728516,151.21859741210938,305.1779479980469,492.3807373046875,220.4337158203125,1960.0277099609375,2637.19873046875,2949.359619140625,1249.4884033203125,1377.3541259765625,2764.43017578125
