t,env_id,episode_id,step_in_ep,action_sub_idx,base_action_idx,target,type,pct,step,dir,reward,done,gate_ok,deviation_exploded,C1_before,C1_after,A1_before,A1_after
33112,4,340,-1,,,,,,,,,False,False,False,18.950273513793945,18.950273513793945,11.523201942443848,11.523201942443848
33112,4,340,0,4,24,A1,pct_button,100,,,21.42965955734253,False,False,False,18.950273513793945,15.981179237365723,11.523201942443848,3.9719982147216797
33120,4,340,1,1,21,A1,pct_button,20,,,4.9082937002182,False,False,False,15.981179237365723,15.600337028503418,3.9719982147216797,2.0704009532928467
33128,4,340,2,5,33,C1,pct_button,1,,,0.6219131565093983,False,False,False,15.600337028503418,15.457563400268555,2.0704009532928467,2.072518825531006
33136,4,340,3,0,20,A1,pct_button,10,,,3.146070448160172,False,False,False,15.457563400268555,15.450227737426758,2.072518825531006,0.6629510521888733
33144,4,340,4,10,38,C1,pct_button,30,,,9.30162034511566,False,False,False,15.450227737426758,11.06261920928955,0.6629510521888733,0.5104804039001465
33152,4,340,5,4,24,A1,pct_button,100,,,1.488510370850564,False,False,False,11.06261920928955,10.83446979522705,0.5104804039001465,0.09870639443397522
33160,4,340,6,10,38,C1,pct_button,30,,,5.889555529356004,False,False,False,10.83446979522705,7.905573844909668,0.09870639443397522,0.1584649682044983
33168,4,340,7,12,40,C1,pct_button,100,,,18.616283119916915,True,True,False,7.905573844909668,11.433001518249512,0.1584649682044983,4.363503932952881
