t,env_id,episode_id,step_in_ep,action_sub_idx,base_action_idx,target,type,pct,step,dir,reward,done,gate_ok,deviation_exploded,C1_before,C1_after,A1_before,A1_after
43104,2,440,-1,,,,,,,,,False,False,False,7.777779579162598,7.777779579162598,23.159181594848633,23.159181594848633
43104,2,440,0,1,21,A1,pct_button,20,,,34.07799699783325,False,False,False,7.777779579162598,6.121474742889404,23.159181594848633,7.911820888519287
43112,2,440,1,10,38,C1,pct_button,30,,,3.7372020244598385,False,False,False,6.121474742889404,3.879002094268799,7.911820888519287,8.403517723083496
43120,2,440,2,10,38,C1,pct_button,30,,,3.8507989549636843,False,False,False,3.879002094268799,2.255154848098755,8.403517723083496,8.201532363891602
43128,2,440,3,1,21,A1,pct_button,20,,,11.590746011734009,False,False,False,2.255154848098755,1.0840919017791748,8.201532363891602,3.619255781173706
43136,2,440,4,10,38,C1,pct_button,30,,,0.04361962795257646,False,False,False,1.0840919017791748,0.7956383228302002,3.619255781173706,3.9281373023986816
43144,2,440,5,10,38,C1,pct_button,30,,,1.5789672225713731,False,False,False,0.7956383228302002,0.4445103108882904,3.9281373023986816,3.5244715213775635
43152,2,440,6,4,24,A1,pct_button,100,,,10.519715017080307,True,True,False,0.4445103108882904,-18.942138671875,3.5244715213775635,25.89278793334961
