t,env_id,episode_id,step_in_ep,action_sub_idx,base_action_idx,target,type,pct,step,dir,reward,done,gate_ok,deviation_exploded,C1_before,C1_after,A1_before,A1_after,A2_before,A2_after,B2_before,B2_after,A3_before,A3_after,S3_before,S3_after,C3_before,C3_after
24880,2,300,-1,,,,,,,,,False,False,False,-13.967137336730957,-13.967137336730957,6.524425029754639,6.524425029754639,107.66805267333984,107.66805267333984,172.99838256835938,172.99838256835938,1017.902099609375,1017.902099609375,1591.4176025390625,1591.4176025390625,-2127.431884765625,-2127.431884765625
24880,2,300,0,12,40,C1,pct_button,100,,,-19.42585325241089,False,False,False,-13.967137336730957,2.7985613346099854,6.524425029754639,6.914365291595459,107.66805267333984,107.66805267333984,172.99838256835938,172.99838256835938,1017.902099609375,1017.902099609375,1591.4176025390625,1591.4176025390625,-2127.431884765625,-2127.431884765625
24888,2,300,1,11,39,C1,pct_button,50,,,-16.152612805366516,False,False,False,2.7985613346099854,0.6967440247535706,6.914365291595459,7.3795623779296875,107.66805267333984,107.66805267333984,172.99838256835938,172.99838256835938,1017.902099609375,1017.902099609375,1591.4176025390625,1591.4176025390625,-2127.431884765625,-2127.431884765625
24896,2,300,2,1,21,A1,pct_button,20,,,-0.11093577742576599,True,True,False,0.6967440247535706,-16.640094757080078,7.3795623779296875,41.86231994628906,107.66805267333984,364.8448486328125,172.99838256835938,318.01593017578125,1017.902099609375,1757.082763671875,1591.4176025390625,2949.84912109375,-2127.431884765625,2038.53271484375
