t,env_id,episode_id,step_in_ep,action_sub_idx,base_action_idx,target,type,pct,step,dir,reward,done,gate_ok,deviation_exploded,C1_before,C1_after,A1_before,A1_after
17704,0,130,-1,,,,,,,,,False,False,False,-14.309271812438965,-14.309271812438965,18.308353424072266,18.308353424072266
17704,0,130,0,12,40,C1,pct_button,100,,,24.339813776016232,False,False,False,-14.309271812438965,-2.9152913093566895,18.308353424072266,17.733919143676758
17712,0,130,1,7,35,C1,pct_button,10,,,0.862968034744261,False,False,False,-2.9152913093566895,-2.6809792518615723,17.733919143676758,17.735916137695312
17720,0,130,2,9,37,C1,pct_button,20,,,1.4090253782272322,False,False,False,-2.6809792518615723,-1.9986770153045654,17.735916137695312,17.90777015686035
17728,0,130,3,4,24,A1,pct_button,100,,,21.368618612289428,False,False,False,-1.9986770153045654,-3.329216480255127,17.90777015686035,5.981023788452148
17736,0,130,4,9,37,C1,pct_button,20,,,0.17620480537414607,False,False,False,-3.329216480255127,-3.329216480255127,5.981023788452148,5.981023788452148
17744,0,130,5,4,24,A1,pct_button,100,,,10.114942297935485,False,False,False,-3.329216480255127,-2.8251490592956543,5.981023788452148,1.465526819229126
17752,0,130,6,1,21,A1,pct_button,20,,,0.1018424463272092,False,False,False,-2.8251490592956543,-2.979759931564331,1.465526819229126,1.2977700233459473
17760,0,130,7,12,40,C1,pct_button,100,,,9.661220596432686,True,True,False,-2.979759931564331,-16.366331100463867,1.2977700233459473,12.574522972106934
