t,env_id,episode_id,step_in_ep,action_sub_idx,base_action_idx,target,type,pct,step,dir,reward,done,gate_ok,deviation_exploded,C1_before,C1_after,A1_before,A1_after,A2_before,A2_after,B2_before,B2_after,A3_before,A3_after,S3_before,S3_after,C3_before,C3_after
38136,7,510,-1,,,,,,,,,False,False,False,-9.471131324768066,-9.471131324768066,4.24676513671875,4.24676513671875,177.1531982421875,177.1531982421875,176.84133911132812,176.84133911132812,1071.349609375,1071.349609375,2199.866943359375,2199.866943359375,-2986.628173828125,-2986.628173828125
38136,7,510,0,12,40,C1,pct_button,100,,,-13.23593258857727,False,False,False,-9.471131324768066,1.761604905128479,4.24676513671875,4.856361389160156,177.1531982421875,177.1531982421875,176.84133911132812,176.84133911132812,1071.349609375,1071.349609375,2199.866943359375,2199.866943359375,-2986.628173828125,-2986.628173828125
38144,7,510,1,12,40,C1,pct_button,100,,,-12.84643828868866,False,False,False,1.761604905128479,0.6707634329795837,4.856361389160156,5.752455711364746,177.1531982421875,177.1531982421875,176.84133911132812,176.84133911132812,1071.349609375,1071.349609375,2199.866943359375,2199.866943359375,-2986.628173828125,-2986.628173828125
38152,7,510,2,3,23,A1,pct_button,50,,,0.6646745800971985,True,True,False,0.6707634329795837,-6.689746379852295,5.752455711364746,32.931068420410156,177.1531982421875,424.00518798828125,176.84133911132812,243.76046752929688,1071.349609375,2122.80029296875,2199.866943359375,2251.072265625,-2986.628173828125,-1119.824462890625
