t,env_id,episode_id,step_in_ep,action_sub_idx,base_action_idx,target,type,pct,step,dir,reward,done,gate_ok,deviation_exploded,C1_before,C1_after,A1_before,A1_after,A2_before,A2_after,B2_before,B2_after,A3_before,A3_after,S3_before,S3_after,C3_before,C3_after
24160,2,280,-1,,,,,,,,,False,False,False,-12.609274864196777,-12.609274864196777,15.753171920776367,15.753171920776367,204.0398712158203,204.0398712158203,463.1139221191406,463.1139221191406,1763.0933837890625,1763.0933837890625,1294.5203857421875,1294.5203857421875,-1562.6683349609375,-1562.6683349609375
24160,2,280,0,12,40,C1,pct_button,100,,,-35.5341682434082,False,False,False,-12.609274864196777,-1.3218746185302734,15.753171920776367,16.445209503173828,204.0398712158203,204.0398712158203,463.1139221191406,463.1139221191406,1763.0933837890625,1763.0933837890625,1294.5203857421875,1294.5203857421875,-1562.6683349609375,-1562.6683349609375
24168,2,280,1,11,39,C1,pct_button,50,,,-34.15503215789795,False,False,False,-1.3218746185302734,-1.0842833518981934,16.445209503173828,15.993232727050781,204.0398712158203,204.0398712158203,463.1139221191406,463.1139221191406,1763.0933837890625,1763.0933837890625,1294.5203857421875,1294.5203857421875,-1562.6683349609375,-1562.6683349609375
24176,2,280,2,0,20,A1,pct_button,10,,,-13.256953954696655,False,False,False,-1.0842833518981934,-1.458504557609558,15.993232727050781,5.1699724197387695,204.0398712158203,204.0398712158203,463.1139221191406,463.1139221191406,1763.0933837890625,1763.0933837890625,1294.5203857421875,1294.5203857421875,-1562.6683349609375,-1562.6683349609375
24184,2,280,3,3,23,A1,pct_button,50,,,-6.274509429931641,False,False,False,-1.458504557609558,-1.466009497642517,5.1699724197387695,1.6712452173233032,204.0398712158203,204.0398712158203,463.1139221191406,463.1139221191406,1763.0933837890625,1763.0933837890625,1294.5203857421875,1294.5203857421875,-1562.6683349609375,-1562.6683349609375
24192,2,280,4,12,40,C1,pct_button,100,,,2.0557310432195663,True,True,False,-1.466009497642517,2.572936773300171,1.6712452173233032,44.746559143066406,204.0398712158203,102.79037475585938,463.1139221191406,343.0226135253906,1763.0933837890625,1014.7235107421875,1294.5203857421875,1279.30712890625,-1562.6683349609375,2217.63134765625
