t,env_id,episode_id,step_in_ep,action_sub_idx,base_action_idx,target,type,pct,step,dir,reward,done,gate_ok,deviation_exploded,C1_before,C1_after,A1_before,A1_after,A2_before,A2_after,B2_before,B2_after,A3_before,A3_after,S3_before,S3_after,C3_before,C3_after
22592,7,190,-1,,,,,,,,,False,False,False,-3.3402884006500244,-3.3402884006500244,1.412700891494751,1.412700891494751,191.0502471923828,191.0502471923828,134.408935546875,134.408935546875,2248.451171875,2248.451171875,1555.3682861328125,1555.3682861328125,-2765.30859375,-2765.30859375
22592,7,190,0,11,39,C1,pct_button,50,,,3.9098413467407225,False,False,False,-3.3402884006500244,-1.34642493724823,1.412700891494751,1.4748564958572388,191.0502471923828,191.0502471923828,134.408935546875,134.408935546875,2248.451171875,2248.451171875,1555.3682861328125,1555.3682861328125,-2765.30859375,-2765.30859375
22600,7,190,1,0,20,A1,pct_button,10,,,2.0233963042497636,False,False,False,-1.34642493724823,-1.3460493087768555,1.4748564958572388,0.4767620861530304,191.0502471923828,191.0502471923828,134.408935546875,134.408935546875,2248.451171875,2248.451171875,1555.3682861328125,1555.3682861328125,-2765.30859375,-2765.30859375
22608,7,190,2,7,35,C1,pct_button,10,,,0.28357014477252984,False,False,False,-1.3460493087768555,-1.368524432182312,0.4767620861530304,0.324431449174881,191.0502471923828,191.0502471923828,134.408935546875,134.408935546875,2248.451171875,2248.451171875,1555.3682861328125,1555.3682861328125,-2765.30859375,-2765.30859375
22616,7,190,3,0,20,A1,pct_button,10,,,0.29359969437122335,False,False,False,-1.368524432182312,-1.4518475532531738,0.324431449174881,0.10487571358680725,191.0502471923828,191.0502471923828,134.408935546875,134.408935546875,2248.451171875,2248.451171875,1555.3682861328125,1555.3682861328125,-2765.30859375,-2765.30859375
22624,7,190,4,11,39,C1,pct_button,50,,,5.000597289800644,True,True,False,-1.4518475532531738,7.293752670288086,0.10487571358680725,36.113731384277344,191.0502471923828,118.1443099975586,134.408935546875,107.55248260498047,2248.451171875,1608.7955322265625,1555.3682861328125,1290.398681640625,-2765.30859375,994.3700561523438
