t,env_id,episode_id,step_in_ep,action_sub_idx,base_action_idx,target,type,pct,step,dir,reward,done,gate_ok,deviation_exploded,C1_before,C1_after,A1_before,A1_after
18248,6,160,-1,,,,,,,,,False,False,False,-5.302998065948486,-5.302998065948486,21.88610076904297,21.88610076904297
18248,6,160,0,0,20,A1,pct_button,10,,,27.357389440536497,False,False,False,-5.302998065948486,-5.821298599243164,21.88610076904297,7.820523738861084
18256,6,160,1,6,34,C1,pct_button,5,,,0.625982913970949,False,False,False,-5.821298599243164,-5.665719985961914,7.820523738861084,7.792695045471191
18264,6,160,2,11,39,C1,pct_button,50,,,2.2141547918319713,False,False,False,-5.665719985961914,-3.9648044109344482,7.792695045471191,8.506243705749512
18272,6,160,3,12,40,C1,pct_button,100,,,10.41745091944933,False,False,False,-3.9648044109344482,-0.11362607777118683,8.506243705749512,7.217002868652344
18280,6,160,4,2,22,A1,pct_button,30,,,15.302815088629723,True,True,False,-0.11362607777118683,-14.918169021606445,7.217002868652344,9.8194580078125
