t,env_id,episode_id,step_in_ep,action_sub_idx,base_action_idx,target,type,pct,step,dir,reward,done,gate_ok,deviation_exploded,C1_before,C1_after,A1_before,A1_after,A2_before,A2_after,B2_before,B2_after,A3_before,A3_after,S3_before,S3_after,C3_before,C3_after
12680,0,120,-1,,,,,,,,,False,False,False,4.332942485809326,4.332942485809326,39.785865783691406,39.785865783691406,435.6327819824219,435.6327819824219,140.15042114257812,140.15042114257812,2415.541015625,2415.541015625,1747.7451171875,1747.7451171875,-2184.05029296875,-2184.05029296875
12680,0,120,0,11,39,C1,pct_button,50,,,-82.36439418792725,False,False,False,4.332942485809326,2.20112943649292,39.785865783691406,38.9810676574707,435.6327819824219,435.6327819824219,140.15042114257812,140.15042114257812,2415.541015625,2415.541015625,1747.7451171875,1747.7451171875,-2184.05029296875,-2184.05029296875
12688,0,120,1,0,20,A1,pct_button,10,,,-26.89023518562317,False,False,False,2.20112943649292,0.8440977334976196,38.9810676574707,12.601019859313965,435.6327819824219,435.6327819824219,140.15042114257812,140.15042114257812,2415.541015625,2415.541015625,1747.7451171875,1747.7451171875,-2184.05029296875,-2184.05029296875
12696,0,120,2,5,33,C1,pct_button,1,,,-26.82376456260681,False,False,False,0.8440977334976196,0.8159664869308472,12.601019859313965,12.595915794372559,435.6327819824219,435.6327819824219,140.15042114257812,140.15042114257812,2415.541015625,2415.541015625,1747.7451171875,1747.7451171875,-2184.05029296875,-2184.05029296875
12704,0,120,3,9,37,C1,pct_button,20,,,-26.452502250671387,False,False,False,0.8159664869308472,0.8143458366394043,12.595915794372559,12.411905288696289,435.6327819824219,435.6327819824219,140.15042114257812,140.15042114257812,2415.541015625,2415.541015625,1747.7451171875,1747.7451171875,-2184.05029296875,-2184.05029296875
12712,0,120,4,0,20,A1,pct_button,10,,,-8.292211294174194,False,False,False,0.8143458366394043,0.13383281230926514,12.411905288696289,4.012272834777832,435.6327819824219,435.6327819824219,140.15042114257812,140.15042114257812,2415.541015625,2415.541015625,1747.7451171875,1747.7451171875,-2184.05029296875,-2184.05029296875
12720,0,120,5,3,23,A1,pct_button,50,,,0.8828178644180298,True,True,False,0.13383281230926514,9.49898910522461,4.012272834777832,20.157073974609375,435.6327819824219,155.8268585205078,140.15042114257812,178.24545288085938,2415.541015625,2252.239990234375,1747.7451171875,2564.7685546875,-2184.05029296875,-1626.9208984375
