t,env_id,episode_id,step_in_ep,action_sub_idx,base_action_idx,target,type,pct,step,dir,reward,done,gate_ok,deviation_exploded,C1_before,C1_after,A1_before,A1_after
30744,7,300,-1,,,,,,,,,False,False,False,-7.881207466125488,-7.881207466125488,26.20262336730957,26.20262336730957
30744,7,300,0,1,21,A1,pct_button,20,,,31.778622875213625,False,False,False,-7.881207466125488,-10.163511276245117,26.20262336730957,8.20974063873291
30752,7,300,1,8,36,C1,pct_button,15,,,4.113976955413817,False,False,False,-10.163511276245117,-8.110638618469238,8.20974063873291,8.365385055541992
30760,7,300,2,0,20,A1,pct_button,10,,,10.113561801910402,False,False,False,-8.110638618469238,-8.411437034606934,8.365385055541992,3.118101119995117
30768,7,300,3,0,20,A1,pct_button,10,,,3.1755482912063595,False,False,False,-8.411437034606934,-8.668452262878418,3.118101119995117,1.368683099746704
30776,7,300,4,0,20,A1,pct_button,10,,,1.0517796516418458,False,False,False,-8.668452262878418,-8.541954040527344,1.368683099746704,1.0603141784667969
30784,7,300,5,4,24,A1,pct_button,100,,,-1.159102766513824,False,False,False,-8.541954040527344,-9.102779388427734,1.0603141784667969,1.176836371421814
30792,7,300,6,12,40,C1,pct_button,100,,,21.478974779844282,True,True,False,-9.102779388427734,-0.9972323775291443,1.176836371421814,23.609901428222656
