t,env_id,episode_id,step_in_ep,action_sub_idx,base_action_idx,target,type,pct,step,dir,reward,done,gate_ok,deviation_exploded,C1_before,C1_after,A1_before,A1_after
31432,3,240,-1,,,,,,,,,False,False,False,11.557051658630371,11.557051658630371,38.06240463256836,38.06240463256836
31432,3,240,0,2,22,A1,pct_button,30,,,21.839743900299073,False,False,False,11.557051658630371,9.567444801330566,38.06240463256836,29.517993927001953
31440,3,240,1,2,22,A1,pct_button,30,,,17.08441202163696,False,False,False,9.567444801330566,8.45148754119873,29.517993927001953,22.395212173461914
31448,3,240,2,4,24,A1,pct_button,100,,,43.00742164611817,False,False,False,8.45148754119873,5.04913330078125,22.395212173461914,4.3831787109375
31456,3,240,3,3,23,A1,pct_button,50,,,6.5046849751472475,False,False,False,5.04913330078125,4.424890518188477,4.3831787109375,1.8124524354934692
31464,3,240,4,9,37,C1,pct_button,20,,,2.3657436108589174,False,False,False,4.424890518188477,3.5882086753845215,1.8124524354934692,1.5122672319412231
31472,3,240,5,11,39,C1,pct_button,50,,,12.431336438953878,True,True,False,3.5882086753845215,-13.56594467163086,1.5122672319412231,24.71204948425293
