t,env_id,episode_id,step_in_ep,action_sub_idx,base_action_idx,target,type,pct,step,dir,reward,done,gate_ok,deviation_exploded,C1_before,C1_after,A1_before,A1_after
15256,4,150,-1,,,,,,,,,False,False,False,12.078655242919922,12.078655242919922,45.307594299316406,45.307594299316406
15256,4,150,0,2,22,A1,pct_button,30,,,71.4100337409973,False,False,False,12.078655242919922,7.063627243041992,45.307594299316406,14.831557273864746
15264,4,150,1,4,24,A1,pct_button,100,,,33.51858330488205,False,False,False,7.063627243041992,0.68297278881073,14.831557273864746,4.499747276306152
15272,4,150,2,9,37,C1,pct_button,20,,,-0.17080856442451542,False,False,False,0.68297278881073,0.7845250964164734,4.499747276306152,4.53176212310791
15280,4,150,3,1,21,A1,pct_button,20,,,13.694528559446335,True,True,False,0.7845250964164734,14.165457725524902,4.53176212310791,32.50166320800781
