t,env_id,episode_id,step_in_ep,action_sub_idx,base_action_idx,target,type,pct,step,dir,reward,done,gate_ok,deviation_exploded,C1_before,C1_after,A1_before,A1_after
24496,0,240,-1,,,,,,,,,False,False,False,4.229033946990967,4.229033946990967,36.4671630859375,36.4671630859375
24496,0,240,0,10,38,C1,pct_button,30,,,5.2563242578506415,False,False,False,4.229033946990967,2.433655023574829,36.4671630859375,36.01385498046875
24504,0,240,1,4,24,A1,pct_button,100,,,46.18597422599793,False,False,False,2.433655023574829,-2.68992280960083,36.01385498046875,12.814645767211914
24512,0,240,2,10,38,C1,pct_button,30,,,0.30009137153625587,False,False,False,-2.68992280960083,-2.68992280960083,12.814645767211914,12.814645767211914
24520,0,240,3,0,20,A1,pct_button,10,,,15.516784963607789,False,False,False,-2.68992280960083,-2.819335460662842,12.814645767211914,5.000034332275391
24528,0,240,4,12,40,C1,pct_button,100,,,5.866731193065643,False,False,False,-2.819335460662842,0.03302562236785889,5.000034332275391,4.897281646728516
24536,0,240,5,1,21,A1,pct_button,20,,,12.666143401563168,True,True,False,0.03302562236785889,17.239253997802734,4.897281646728516,0.24336287379264832
