t,env_id,episode_id,step_in_ep,action_sub_idx,base_action_idx,target,type,pct,step,dir,reward,done,gate_ok,deviation_exploded,C1_before,C1_after,A1_before,A1_after,A2_before,A2_after,B2_before,B2_after,A3_before,A3_after,S3_before,S3_after,C3_before,C3_after
46864,0,350,-1,,,,,,,,,False,False,False,-0.027837375178933144,-0.027837375178933144,16.70903778076172,16.70903778076172,232.81997680664062,232.81997680664062,351.6187438964844,351.6187438964844,1256.8525390625,1256.8525390625,2178.621337890625,2178.621337890625,-884.9816284179688,-884.9816284179688
46864,0,350,0,1,21,A1,pct_button,20,,,21.17533268406987,False,False,False,-0.027837375178933144,-0.8049081563949585,16.70903778076172,5.401363372802734,232.81997680664062,232.81997680664062,351.6187438964844,351.6187438964844,1256.8525390625,1256.8525390625,2178.621337890625,2178.621337890625,-884.9816284179688,-884.9816284179688
46872,0,350,1,0,20,A1,pct_button,10,,,12.099403977394104,True,True,False,-0.8049081563949585,8.72690486907959,5.401363372802734,19.54097557067871,232.81997680664062,324.2220764160156,351.6187438964844,490.4815979003906,1256.8525390625,1240.645263671875,2178.621337890625,1332.3848876953125,-884.9816284179688,1281.53515625
