t,env_id,episode_id,step_in_ep,action_sub_idx,base_action_idx,target,type,pct,step,dir,reward,done,gate_ok,deviation_exploded,C1_before,C1_after,A1_before,A1_after,A2_before,A2_after,B2_before,B2_after,A3_before,A3_after,S3_before,S3_after,C3_before,C3_after
47616,3,640,-1,,,,,,,,,False,False,False,-8.304933547973633,-8.304933547973633,17.756677627563477,17.756677627563477,366.94000244140625,366.94000244140625,437.62603759765625,437.62603759765625,2189.619384765625,2189.619384765625,1417.1173095703125,1417.1173095703125,-1121.2537841796875,-1121.2537841796875
47616,3,640,0,1,21,A1,pct_button,20,,,-30.750226974487305,False,False,False,-8.304933547973633,-9.635089874267578,17.756677627563477,5.740023612976074,366.94000244140625,366.94000244140625,437.62603759765625,437.62603759765625,2189.619384765625,2189.619384765625,1417.1173095703125,1417.1173095703125,-1121.2537841796875,-1121.2537841796875
47624,3,640,1,2,22,A1,pct_button,30,,,-23.188544750213623,False,False,False,-9.635089874267578,-9.738752365112305,5.740023612976074,1.8555200099945068,366.94000244140625,366.94000244140625,437.62603759765625,437.62603759765625,2189.619384765625,2189.619384765625,1417.1173095703125,1417.1173095703125,-1121.2537841796875,-1121.2537841796875
47632,3,640,2,0,20,A1,pct_button,10,,,-20.78342056274414,False,False,False,-9.738752365112305,-9.791894912719727,1.8555200099945068,0.5998153686523438,366.94000244140625,366.94000244140625,437.62603759765625,437.62603759765625,2189.619384765625,2189.619384765625,1417.1173095703125,1417.1173095703125,-1121.2537841796875,-1121.2537841796875
47640,3,640,3,12,40,C1,pct_button,100,,,-3.086518734693527,False,False,False,-9.791894912719727,-1.340577244758606,0.5998153686523438,0.20268212258815765,366.94000244140625,366.94000244140625,437.62603759765625,437.62603759765625,2189.619384765625,2189.619384765625,1417.1173095703125,1417.1173095703125,-1121.2537841796875,-1121.2537841796875
47648,3,640,4,12,40,C1,pct_button,100,,,1.8183680772781372,True,True,False,-1.340577244758606,2.2078332901000977,0.20268212258815765,43.6471061706543,366.94000244140625,336.2594299316406,437.62603759765625,221.2689666748047,2189.619384765625,2862.29736328125,1417.1173095703125,2579.401611328125,-1121.2537841796875,1093.6597900390625
