t,env_id,episode_id,step_in_ep,action_sub_idx,base_action_idx,target,type,pct,step,dir,reward,done,gate_ok,deviation_exploded,C1_before,C1_after,A1_before,A1_after,A2_before,A2_after,B2_before,B2_after,A3_before,A3_after,S3_before,S3_after,C3_before,C3_after
46024,6,630,-1,,,,,,,,,False,False,False,8.761696815490723,8.761696815490723,3.813246726989746,3.813246726989746,385.7331848144531,385.7331848144531,420.02667236328125,420.02667236328125,1622.3470458984375,1622.3470458984375,2990.43310546875,2990.43310546875,-1911.409912109375,-1911.409912109375
46024,6,630,0,0,20,A1,pct_button,10,,,-19.65462374687195,False,False,False,8.761696815490723,8.59464168548584,3.813246726989746,1.2326701879501343,385.7331848144531,385.7331848144531,420.02667236328125,420.02667236328125,1622.3470458984375,1622.3470458984375,2990.43310546875,2990.43310546875,-1911.409912109375,-1911.409912109375
46032,6,630,1,1,21,A1,pct_button,20,,,-18.258230566978455,False,False,False,8.59464168548584,8.730642318725586,1.2326701879501343,0.39847296476364136,385.7331848144531,385.7331848144531,420.02667236328125,420.02667236328125,1622.3470458984375,1622.3470458984375,2990.43310546875,2990.43310546875,-1911.409912109375,-1911.409912109375
46040,6,630,2,12,40,C1,pct_button,100,,,2.109342873096466,True,True,False,8.730642318725586,1.4321000576019287,0.39847296476364136,6.166214942932129,385.7331848144531,296.5876770019531,420.02667236328125,247.8627166748047,1622.3470458984375,2900.60693359375,2990.43310546875,1133.2347412109375,-1911.409912109375,2124.5595703125
