t,env_id,episode_id,step_in_ep,action_sub_idx,base_action_idx,target,type,pct,step,dir,reward,done,gate_ok,deviation_exploded,C1_before,C1_after,A1_before,A1_after
15408,0,140,-1,,,,,,,,,False,False,False,9.212625503540039,9.212625503540039,29.7662353515625,29.7662353515625
15408,0,140,0,4,24,A1,pct_button,100,,,51.98811106204987,False,False,False,9.212625503540039,3.7625906467437744,29.7662353515625,9.348323822021484
15416,0,140,1,0,20,A1,pct_button,10,,,18.30037397265434,False,False,False,3.7625906467437744,3.6552770137786865,9.348323822021484,0.3404073119163513
15424,0,140,2,11,39,C1,pct_button,50,,,1.3366499686241153,False,False,False,3.6552770137786865,2.709834575653076,0.3404073119163513,0.6460839509963989
15432,0,140,3,1,21,A1,pct_button,20,,,-1.5285887718200686,False,False,False,2.709834575653076,2.3745484352111816,0.6460839509963989,1.7822322845458984
15440,0,140,4,0,20,A1,pct_button,10,,,1.9691427755355837,False,False,False,2.3745484352111816,2.380276679992676,1.7822322845458984,0.8189246654510498
15448,0,140,5,12,40,C1,pct_button,100,,,6.381693893671036,True,True,False,2.380276679992676,-7.610854148864746,0.8189246654510498,0.2171938717365265
