t,env_id,episode_id,step_in_ep,action_sub_idx,base_action_idx,target,type,pct,step,dir,reward,done,gate_ok,deviation_exploded,C1_before,C1_after,A1_before,A1_after
45336,3,350,-1,,,,,,,,,False,False,False,9.846991539001465,9.846991539001465,2.753990650177002,2.753990650177002
45336,3,350,0,4,24,A1,pct_button,100,,,7.776100047230722,False,False,False,9.846991539001465,8.662134170532227,2.753990650177002,0.13375690579414368
45344,3,350,1,1,21,A1,pct_button,20,,,0.22878313701600006,False,False,False,8.662134170532227,8.746500015258789,0.13375690579414368,0.01764090172946453
45352,3,350,2,12,40,C1,pct_button,100,,,20.938538572639228,True,True,False,8.746500015258789,-18.742429733276367,0.01764090172946453,25.638280868530273
