t,env_id,episode_id,step_in_ep,action_sub_idx,base_action_idx,target,type,pct,step,dir,reward,done,gate_ok,deviation_exploded,C1_before,C1_after,A1_before,A1_after,A2_before,A2_after,B2_before,B2_after,A3_before,A3_after,S3_before,S3_after,C3_before,C3_after
30296,6,380,-1,,,,,,,,,False,False,False,2.1494154930114746,2.1494154930114746,18.219932556152344,18.219932556152344,424.1592102050781,424.1592102050781,375.0422668457031,375.0422668457031,2713.880126953125,2713.880126953125,2678.624267578125,2678.624267578125,974.4778442382812,974.4778442382812
30296,6,380,0,2,22,A1,pct_button,30,,,-11.8375174254179,False,False,False,2.1494154930114746,0.02898343652486801,18.219932556152344,5.889775276184082,424.1592102050781,424.1592102050781,375.0422668457031,375.0422668457031,2713.880126953125,2713.880126953125,2678.624267578125,2678.624267578125,974.4778442382812,974.4778442382812
30304,6,380,1,12,40,C1,pct_button,100,,,-9.092949509620667,False,False,False,0.02898343652486801,-0.3011830449104309,5.889775276184082,4.245291709899902,424.1592102050781,424.1592102050781,375.0422668457031,375.0422668457031,2713.880126953125,2713.880126953125,2678.624267578125,2678.624267578125,974.4778442382812,974.4778442382812
30312,6,380,2,3,23,A1,pct_button,50,,,-5.80346417427063,False,False,False,-0.3011830449104309,-1.5293991565704346,4.245291709899902,1.3723329305648804,424.1592102050781,424.1592102050781,375.0422668457031,375.0422668457031,2713.880126953125,2713.880126953125,2678.624267578125,2678.624267578125,974.4778442382812,974.4778442382812
30320,6,380,3,12,40,C1,pct_button,100,,,1.4120242595672607,True,True,False,-1.5293991565704346,1.9950010776519775,1.3723329305648804,1.1528874635696411,424.1592102050781,267.5626525878906,375.0422668457031,447.1821594238281,2713.880126953125,1271.43798828125,2678.624267578125,2270.433349609375,974.4778442382812,-1079.8135986328125
