t,env_id,episode_id,step_in_ep,action_sub_idx,base_action_idx,target,type,pct,step,dir,reward,done,gate_ok,deviation_exploded,C1_before,C1_after,A1_before,A1_after,A2_before,A2_after,B2_before,B2_after,A3_before,A3_after,S3_before,S3_after,C3_before,C3_after
34408,3,440,-1,,,,,,,,,False,False,False,-1.9258191585540771,-1.9258191585540771,44.36271286010742,44.36271286010742,394.6122131347656,394.6122131347656,138.48068237304688,138.48068237304688,2509.211669921875,2509.211669921875,1887.8323974609375,1887.8323974609375,950.0083618164062,950.0083618164062
34408,3,440,0,1,21,A1,pct_button,20,,,-40.39425563812256,False,False,False,-1.9258191585540771,-5.8564372062683105,44.36271286010742,14.340690612792969,394.6122131347656,394.6122131347656,138.48068237304688,138.48068237304688,2509.211669921875,2509.211669921875,1887.8323974609375,1887.8323974609375,950.0083618164062,950.0083618164062
34416,3,440,1,12,40,C1,pct_button,100,,,-32.98089957237244,False,False,False,-5.8564372062683105,1.878743052482605,14.340690612792969,14.611706733703613,394.6122131347656,394.6122131347656,138.48068237304688,138.48068237304688,2509.211669921875,2509.211669921875,1887.8323974609375,1887.8323974609375,950.0083618164062,950.0083618164062
34424,3,440,2,11,39,C1,pct_button,50,,,-32.324660778045654,False,False,False,1.878743052482605,1.5074193477630615,14.611706733703613,14.654911041259766,394.6122131347656,394.6122131347656,138.48068237304688,138.48068237304688,2509.211669921875,2509.211669921875,1887.8323974609375,1887.8323974609375,950.0083618164062,950.0083618164062
34432,3,440,3,0,20,A1,pct_button,10,,,-11.258465647697449,False,False,False,1.5074193477630615,0.8918861746788025,14.654911041259766,4.737346649169922,394.6122131347656,394.6122131347656,138.48068237304688,138.48068237304688,2509.211669921875,2509.211669921875,1887.8323974609375,1887.8323974609375,950.0083618164062,950.0083618164062
34440,3,440,4,3,23,A1,pct_button,50,,,1.8140329867601395,True,True,False,0.8918861746788025,9.628287315368652,4.737346649169922,12.050429344177246,394.6122131347656,440.60943603515625,138.48068237304688,472.5445556640625,2509.211669921875,2911.7392578125,1887.8323974609375,1422.3973388671875,950.0083618164062,2519.456787109375
