t,env_id,episode_id,step_in_ep,action_sub_idx,base_action_idx,target,type,pct,step,dir,reward,done,gate_ok,deviation_exploded,C1_before,C1_after,A1_before,A1_after,A2_before,A2_after,B2_before,B2_after,A3_before,A3_after,S3_before,S3_after,C3_before,C3_after
36216,7,450,-1,,,,,,,,,False,False,False,-7.513770580291748,-7.513770580291748,37.20521926879883,37.20521926879883,208.82937622070312,208.82937622070312,128.97787475585938,128.97787475585938,1459.198486328125,1459.198486328125,2113.880126953125,2113.880126953125,1696.01318359375,1696.01318359375
36216,7,450,0,3,23,A1,pct_button,50,,,-46.40506935119629,False,False,False,-7.513770580291748,-11.175575256347656,37.20521926879883,12.026959419250488,208.82937622070312,208.82937622070312,128.97787475585938,128.97787475585938,1459.198486328125,1459.198486328125,2113.880126953125,2113.880126953125,1696.01318359375,1696.01318359375
36224,7,450,1,3,23,A1,pct_button,50,,,-31.811503410339355,False,False,False,-11.175575256347656,-12.017916679382324,12.026959419250488,3.8878350257873535,208.82937622070312,208.82937622070312,128.97787475585938,128.97787475585938,1459.198486328125,1459.198486328125,2113.880126953125,2113.880126953125,1696.01318359375,1696.01318359375
36232,7,450,2,12,40,C1,pct_button,100,,,-14.321828365325928,False,False,False,-12.017916679382324,-1.2143442630767822,3.8878350257873535,5.946569919586182,208.82937622070312,208.82937622070312,128.97787475585938,128.97787475585938,1459.198486328125,1459.198486328125,2113.880126953125,2113.880126953125,1696.01318359375,1696.01318359375
36240,7,450,3,3,23,A1,pct_button,50,,,-6.329628944396973,False,False,False,-1.2143442630767822,-1.2425262928009033,5.946569919586182,1.922288179397583,208.82937622070312,208.82937622070312,128.97787475585938,128.97787475585938,1459.198486328125,1459.198486328125,2113.880126953125,2113.880126953125,1696.01318359375,1696.01318359375
36248,7,450,4,3,23,A1,pct_button,50,,,1.4471689462661743,True,True,False,-1.2425262928009033,9.361433982849121,1.922288179397583,9.921491622924805,208.82937622070312,137.27015686035156,128.97787475585938,384.01666259765625,1459.198486328125,1016.9056396484375,2113.880126953125,1752.1669921875,1696.01318359375,-2599.53515625
