t,env_id,episode_id,step_in_ep,action_sub_idx,base_action_idx,target,type,pct,step,dir,reward,done,gate_ok,deviation_exploded,C1_before,C1_after,A1_before,A1_after,A2_before,A2_after,B2_before,B2_after,A3_before,A3_after,S3_before,S3_after,C3_before,C3_after
28952,6,360,-1,,,,,,,,,False,False,False,19.655752182006836,19.655752182006836,14.534955978393555,14.534955978393555,113.447998046875,113.447998046875,442.4281005859375,442.4281005859375,1297.7449951171875,1297.7449951171875,1309.3873291015625,1309.3873291015625,2393.493408203125,2393.493408203125
28952,6,360,0,3,23,A1,pct_button,50,,,-41.381937980651855,False,False,False,19.655752182006836,15.992399215698242,14.534955978393555,4.6985697746276855,113.447998046875,113.447998046875,442.4281005859375,442.4281005859375,1297.7449951171875,1297.7449951171875,1309.3873291015625,1309.3873291015625,2393.493408203125,2393.493408203125
28960,6,360,1,1,21,A1,pct_button,20,,,-34.32577466964722,False,False,False,15.992399215698242,15.644027709960938,4.6985697746276855,1.518859624862671,113.447998046875,113.447998046875,442.4281005859375,442.4281005859375,1297.7449951171875,1297.7449951171875,1309.3873291015625,1309.3873291015625,2393.493408203125,2393.493408203125
28968,6,360,2,12,40,C1,pct_button,100,,,-6.734506130218506,False,False,False,15.644027709960938,2.774949312210083,1.518859624862671,0.5923037528991699,113.447998046875,113.447998046875,442.4281005859375,442.4281005859375,1297.7449951171875,1297.7449951171875,1309.3873291015625,1309.3873291015625,2393.493408203125,2393.493408203125
28976,6,360,3,12,40,C1,pct_button,100,,,3.780596077442169,True,True,False,2.774949312210083,13.563566207885742,0.5923037528991699,12.631353378295898,113.447998046875,448.05169677734375,442.4281005859375,393.87957763671875,1297.7449951171875,2244.218017578125,1309.3873291015625,2609.854736328125,2393.493408203125,-2728.853515625
