t,env_id,episode_id,step_in_ep,action_sub_idx,base_action_idx,target,type,pct,step,dir,reward,done,gate_ok,deviation_exploded,C1_before,C1_after,A1_before,A1_after,A2_before,A2_after,B2_before,B2_after,A3_before,A3_after,S3_before,S3_after,C3_before,C3_after
42080,6,310,-1,,,,,,,,,False,False,False,-7.989862442016602,-7.989862442016602,12.372394561767578,12.372394561767578,197.6245880126953,197.6245880126953,482.7659606933594,482.7659606933594,1387.582763671875,1387.582763671875,2932.62255859375,2932.62255859375,930.59619140625,930.59619140625
42080,6,310,0,12,40,C1,pct_button,100,,,5.4851713657379175,False,False,False,-7.989862442016602,5.089992046356201,12.372394561767578,12.702605247497559,197.6245880126953,197.6245880126953,482.7659606933594,482.7659606933594,1387.582763671875,1387.582763671875,2932.62255859375,2932.62255859375,930.59619140625,930.59619140625
42088,6,310,1,0,20,A1,pct_button,10,,,17.871576538085936,False,False,False,5.089992046356201,4.834977149963379,12.702605247497559,4.106244087219238,197.6245880126953,197.6245880126953,482.7659606933594,482.7659606933594,1387.582763671875,1387.582763671875,2932.62255859375,2932.62255859375,930.59619140625,930.59619140625
42096,6,310,2,1,21,A1,pct_button,20,,,5.584538221359253,False,False,False,4.834977149963379,4.878627777099609,4.106244087219238,1.3273844718933105,197.6245880126953,197.6245880126953,482.7659606933594,482.7659606933594,1387.582763671875,1387.582763671875,2932.62255859375,2932.62255859375,930.59619140625,930.59619140625
42104,6,310,3,4,24,A1,pct_button,100,,,4.949594823122025,False,False,False,4.878627777099609,3.3347630500793457,1.3273844718933105,0.42909032106399536,197.6245880126953,197.6245880126953,482.7659606933594,482.7659606933594,1387.582763671875,1387.582763671875,2932.62255859375,2932.62255859375,930.59619140625,930.59619140625
42112,6,310,4,11,39,C1,pct_button,50,,,10.490532156080008,True,True,False,3.3347630500793457,14.19754695892334,0.42909032106399536,23.26868438720703,197.6245880126953,367.4679870605469,482.7659606933594,421.3582458496094,1387.582763671875,2149.069580078125,2932.62255859375,1478.176025390625,930.59619140625,-1980.425048828125
