t,env_id,episode_id,step_in_ep,action_sub_idx,base_action_idx,target,type,pct,step,dir,reward,done,gate_ok,deviation_exploded,C1_before,C1_after,A1_before,A1_after,A2_before,A2_after,B2_before,B2_after,A3_before,A3_after,S3_before,S3_after,C3_before,C3_after
26200,2,240,-1,,,,,,,,,False,False,False,12.228753089904785,12.228753089904785,9.625311851501465,9.625311851501465,279.9661865234375,279.9661865234375,304.5820617675781,304.5820617675781,2520.2353515625,2520.2353515625,1145.4976806640625,1145.4976806640625,-1426.375,-1426.375
26200,2,240,0,1,21,A1,pct_button,20,,,13.684996271133423,False,False,False,12.228753089904785,11.997696876525879,9.625311851501465,3.1604514122009277,279.9661865234375,279.9661865234375,304.5820617675781,304.5820617675781,2520.2353515625,2520.2353515625,1145.4976806640625,1145.4976806640625,-1426.375,-1426.375
26208,2,240,1,4,24,A1,pct_button,100,,,11.016705020666121,False,False,False,11.997696876525879,8.953791618347168,3.1604514122009277,0.7884263396263123,279.9661865234375,279.9661865234375,304.5820617675781,304.5820617675781,2520.2353515625,2520.2353515625,1145.4976806640625,1145.4976806640625,-1426.375,-1426.375
26216,2,240,2,2,22,A1,pct_button,30,,,1.0900456103682516,False,False,False,8.953791618347168,9.065227508544922,0.7884263396263123,0.2198181003332138,279.9661865234375,279.9661865234375,304.5820617675781,304.5820617675781,2520.2353515625,2520.2353515625,1145.4976806640625,1145.4976806640625,-1426.375,-1426.375
26224,2,240,3,1,21,A1,pct_button,20,,,-0.3523281180858595,False,False,False,9.065227508544922,8.760766983032227,0.2198181003332138,0.7909599542617798,279.9661865234375,279.9661865234375,304.5820617675781,304.5820617675781,2520.2353515625,2520.2353515625,1145.4976806640625,1145.4976806640625,-1426.375,-1426.375
26232,2,240,4,11,39,C1,pct_button,50,,,11.575077134370805,False,False,False,8.760766983032227,3.312035083770752,0.7909599542617798,0.4851248860359192,279.9661865234375,279.9661865234375,304.5820617675781,304.5820617675781,2520.2353515625,2520.2353515625,1145.4976806640625,1145.4976806640625,-1426.375,-1426.375
26240,2,240,5,12,40,C1,pct_button,100,,,9.092231688499451,True,True,False,3.312035083770752,13.009037017822266,0.4851248860359192,40.18490982055664,279.9661865234375,260.7047119140625,304.5820617675781,481.0345764160156,2520.2353515625,2207.17431640625,1145.4976806640625,2074.183837890625,-1426.375,-990.3623657226562
