t,env_id,episode_id,step_in_ep,action_sub_idx,base_action_idx,target,type,pct,step,dir,reward,done,gate_ok,deviation_exploded,C1_before,C1_after,A1_before,A1_after,A2_before,A2_after,B2_before,B2_after,A3_before,A3_after,S3_before,S3_after,C3_before,C3_after
40384,2,510,-1,,,,,,,,,False,False,False,3.71884822845459,3.71884822845459,15.333295822143555,15.333295822143555,423.5474853515625,423.5474853515625,174.80950927734375,174.80950927734375,1995.62890625,1995.62890625,2272.150634765625,2272.150634765625,920.0206909179688,920.0206909179688
40384,2,510,0,1,21,A1,pct_button,20,,,-15.946118354797363,False,False,False,3.71884822845459,3.016417980194092,15.333295822143555,4.95664119720459,423.5474853515625,423.5474853515625,174.80950927734375,174.80950927734375,1995.62890625,1995.62890625,2272.150634765625,2272.150634765625,920.0206909179688,920.0206909179688
40392,2,510,1,3,23,A1,pct_button,50,,,-8.751918077468872,False,False,False,3.016417980194092,2.7736752033233643,4.95664119720459,1.6022838354110718,423.5474853515625,423.5474853515625,174.80950927734375,174.80950927734375,1995.62890625,1995.62890625,2272.150634765625,2272.150634765625,920.0206909179688,920.0206909179688
40400,2,510,2,9,37,C1,pct_button,20,,,-8.397188186645508,False,False,False,2.7736752033233643,2.6161746978759766,1.6022838354110718,1.5824193954467773,423.5474853515625,423.5474853515625,174.80950927734375,174.80950927734375,1995.62890625,1995.62890625,2272.150634765625,2272.150634765625,920.0206909179688,920.0206909179688
40408,2,510,3,3,23,A1,pct_button,50,,,-4.7948620319366455,False,False,False,2.6161746978759766,1.8858981132507324,1.5824193954467773,0.5115329027175903,423.5474853515625,423.5474853515625,174.80950927734375,174.80950927734375,1995.62890625,1995.62890625,2272.150634765625,2272.150634765625,920.0206909179688,920.0206909179688
40416,2,510,4,12,40,C1,pct_button,100,,,2.2488075494766235,True,True,False,1.8858981132507324,-8.220609664916992,0.5115329027175903,3.747284412384033,423.5474853515625,465.1856384277344,174.80950927734375,116.6889877319336,1995.62890625,2990.9794921875,2272.150634765625,1008.1248168945312,920.0206909179688,-1918.099609375
