t,env_id,episode_id,step_in_ep,action_sub_idx,base_action_idx,target,type,pct,step,dir,reward,done,gate_ok,deviation_exploded,C1_before,C1_after,A1_before,A1_after,A2_before,A2_after,B2_before,B2_after,A3_before,A3_after,S3_before,S3_after,C3_before,C3_after
45440,2,600,-1,,,,,,,,,False,False,False,-5.558764934539795,-5.558764934539795,18.74955177307129,18.74955177307129,464.44091796875,464.44091796875,338.9894714355469,338.9894714355469,1663.3486328125,1663.3486328125,2927.512451171875,2927.512451171875,-2984.65869140625,-2984.65869140625
45440,2,600,0,1,21,A1,pct_button,20,,,-25.466066360473633,False,False,False,-5.558764934539795,-6.672053337097168,18.74955177307129,6.060979843139648,464.44091796875,464.44091796875,338.9894714355469,338.9894714355469,1663.3486328125,1663.3486328125,2927.512451171875,2927.512451171875,-2984.65869140625,-2984.65869140625
45448,2,600,1,12,40,C1,pct_button,100,,,-9.274568438529968,False,False,False,-6.672053337097168,0.7889522910118103,6.060979843139648,3.848331928253174,464.44091796875,464.44091796875,338.9894714355469,338.9894714355469,1663.3486328125,1663.3486328125,2927.512451171875,2927.512451171875,-2984.65869140625,-2984.65869140625
45456,2,600,2,3,23,A1,pct_button,50,,,1.1716728210449219,True,True,False,0.7889522910118103,17.28130531311035,3.848331928253174,29.150508880615234,464.44091796875,142.1646270751953,338.9894714355469,445.54827880859375,1663.3486328125,1929.530517578125,2927.512451171875,2500.264892578125,-2984.65869140625,1272.192626953125
