t,env_id,episode_id,step_in_ep,action_sub_idx,base_action_idx,target,type,pct,step,dir,reward,done,gate_ok,deviation_exploded,C1_before,C1_after,A1_before,A1_after,A2_before,A2_after,B2_before,B2_after,A3_before,A3_after,S3_before,S3_after,C3_before,C3_after
35544,0,460,-1,,,,,,,,,False,False,False,15.47996997833252,15.47996997833252,1.2987284660339355,1.2987284660339355,250.03846740722656,250.03846740722656,200.75665283203125,200.75665283203125,1035.213623046875,1035.213623046875,1013.9457397460938,1013.9457397460938,2044.8662109375,2044.8662109375
35544,0,460,0,11,39,C1,pct_button,50,,,-19.15825605392456,False,False,False,15.47996997833252,7.545337677001953,1.2987284660339355,2.033790349960327,250.03846740722656,250.03846740722656,200.75665283203125,200.75665283203125,1035.213623046875,1035.213623046875,1013.9457397460938,1013.9457397460938,2044.8662109375,2044.8662109375
35552,0,460,1,1,21,A1,pct_button,20,,,-15.829618453979492,False,False,False,7.545337677001953,7.257366180419922,2.033790349960327,0.6574430465698242,250.03846740722656,250.03846740722656,200.75665283203125,200.75665283203125,1035.213623046875,1035.213623046875,1013.9457397460938,1013.9457397460938,2044.8662109375,2044.8662109375
35560,0,460,2,3,23,A1,pct_button,50,,,-15.004308998584747,False,False,False,7.257366180419922,7.2896294593811035,0.6574430465698242,0.21252503991127014,250.03846740722656,250.03846740722656,200.75665283203125,200.75665283203125,1035.213623046875,1035.213623046875,1013.9457397460938,1013.9457397460938,2044.8662109375,2044.8662109375
35568,0,460,3,12,40,C1,pct_button,100,,,4.198934972286224,True,True,False,7.2896294593811035,10.214667320251465,0.21252503991127014,36.244136810302734,250.03846740722656,168.30279541015625,200.75665283203125,423.6605224609375,1035.213623046875,2941.11962890625,1013.9457397460938,2037.92138671875,2044.8662109375,-1240.1556396484375
