t,env_id,episode_id,step_in_ep,action_sub_idx,base_action_idx,target,type,pct,step,dir,reward,done,gate_ok,deviation_exploded,C1_before,C1_after,A1_before,A1_after,A2_before,A2_after,B2_before,B2_after,A3_before,A3_after,S3_before,S3_after,C3_before,C3_after
30104,2,360,-1,,,,,,,,,False,False,False,4.910508632659912,4.910508632659912,49.70527648925781,49.70527648925781,269.7677307128906,269.7677307128906,161.8607940673828,161.8607940673828,2747.14111328125,2747.14111328125,2359.58642578125,2359.58642578125,1346.6917724609375,1346.6917724609375
30104,2,360,0,0,20,A1,pct_button,10,,,-37.18487501144409,False,False,False,4.910508632659912,2.524709463119507,49.70527648925781,16.06772804260254,269.7677307128906,269.7677307128906,161.8607940673828,161.8607940673828,2747.14111328125,2747.14111328125,2359.58642578125,2359.58642578125,1346.6917724609375,1346.6917724609375
30112,2,360,1,1,21,A1,pct_button,20,,,-12.156226634979248,False,False,False,2.524709463119507,0.8840596675872803,16.06772804260254,5.194053649902344,269.7677307128906,269.7677307128906,161.8607940673828,161.8607940673828,2747.14111328125,2747.14111328125,2359.58642578125,2359.58642578125,1346.6917724609375,1346.6917724609375
30120,2,360,2,1,21,A1,pct_button,20,,,1.038914680480957,True,True,False,0.8840596675872803,9.848435401916504,5.194053649902344,5.081549167633057,269.7677307128906,411.5780029296875,161.8607940673828,236.59814453125,2747.14111328125,2517.75341796875,2359.58642578125,1421.6605224609375,1346.6917724609375,1567.1014404296875
