t,env_id,episode_id,step_in_ep,action_sub_idx,base_action_idx,target,type,pct,step,dir,reward,done,gate_ok,deviation_exploded,C1_before,C1_after,A1_before,A1_after
32560,7,320,-1,,,,,,,,,False,False,False,-14.862010955810547,-14.862010955810547,35.89011001586914,35.89011001586914
32560,7,320,0,1,21,A1,pct_button,20,,,48.312105407714846,False,False,False,-14.862010955810547,-16.40791893005371,35.89011001586914,10.451745986938477
32568,7,320,1,10,38,C1,pct_button,30,,,10.123088474273684,False,False,False,-16.40791893005371,-11.112171173095703,10.451745986938477,10.901082038879395
32576,7,320,2,0,20,A1,pct_button,10,,,14.377046413421633,False,False,False,-11.112171173095703,-11.448799133300781,10.901082038879395,3.520625114440918
32584,7,320,3,12,40,C1,pct_button,100,,,16.90985154867172,False,False,False,-11.448799133300781,1.3924554586410522,3.520625114440918,5.182795524597168
32592,7,320,4,0,20,A1,pct_button,10,,,0.1215050196647647,False,False,False,1.3924554586410522,1.3924554586410522,5.182795524597168,5.182795524597168
32600,7,320,5,0,20,A1,pct_button,10,,,10.571760317087174,False,False,False,1.3924554586410522,1.2156341075897217,5.182795524597168,0.08171015977859497
32608,7,320,6,9,37,C1,pct_button,20,,,5.7043477138876915,True,True,False,1.2156341075897217,-15.561692237854004,0.08171015977859497,40.0674934387207
