t,env_id,episode_id,step_in_ep,action_sub_idx,base_action_idx,target,type,pct,step,dir,reward,done,gate_ok,deviation_exploded,C1_before,C1_after,A1_before,A1_after,A2_before,A2_after,B2_before,B2_after,A3_before,A3_after,S3_before,S3_after,C3_before,C3_after
14528,3,150,-1,,,,,,,,,False,False,False,-1.762718677520752,-1.762718677520752,41.16661071777344,41.16661071777344,473.7540283203125,473.7540283203125,487.46514892578125,487.46514892578125,1659.0413818359375,1659.0413818359375,1286.8829345703125,1286.8829345703125,822.716796875,822.716796875
14528,3,150,0,0,20,A1,pct_button,10,,,-33.33217000961304,False,False,False,-1.762718677520752,-3.3585660457611084,41.16661071777344,13.30751895904541,473.7540283203125,473.7540283203125,487.46514892578125,487.46514892578125,1659.0413818359375,1659.0413818359375,1286.8829345703125,1286.8829345703125,822.716796875,822.716796875
14536,3,150,1,12,40,C1,pct_button,100,,,-29.95261526107788,False,False,False,-3.3585660457611084,1.1997878551483154,13.30751895904541,13.776519775390625,473.7540283203125,473.7540283203125,487.46514892578125,487.46514892578125,1659.0413818359375,1659.0413818359375,1286.8829345703125,1286.8829345703125,822.716796875,822.716796875
14544,3,150,2,0,20,A1,pct_button,10,,,-10.626744627952576,False,False,False,1.1997878551483154,0.8599745631217957,13.776519775390625,4.453397750854492,473.7540283203125,473.7540283203125,487.46514892578125,487.46514892578125,1659.0413818359375,1659.0413818359375,1286.8829345703125,1286.8829345703125,822.716796875,822.716796875
14552,3,150,3,1,21,A1,pct_button,20,,,0.20903348922729492,True,True,False,0.8599745631217957,6.105103969573975,4.453397750854492,21.523216247558594,473.7540283203125,125.75720977783203,487.46514892578125,321.4824523925781,1659.0413818359375,2223.689208984375,1286.8829345703125,1303.4072265625,822.716796875,-2007.3734130859375
