t,env_id,episode_id,step_in_ep,action_sub_idx,base_action_idx,target,type,pct,step,dir,reward,done,gate_ok,deviation_exploded,C1_before,C1_after,A1_before,A1_after,A2_before,A2_after,B2_before,B2_after,A3_before,A3_after,S3_before,S3_after,C3_before,C3_after
23456,5,280,-1,,,,,,,,,False,False,False,19.031373977661133,19.031373977661133,30.922103881835938,30.922103881835938,243.142578125,243.142578125,187.4361114501953,187.4361114501953,2931.232177734375,2931.232177734375,1952.619140625,1952.619140625,2760.6787109375,2760.6787109375
23456,5,280,0,1,21,A1,pct_button,20,,,-55.46317100524902,False,False,False,19.031373977661133,17.735706329345703,30.922103881835938,9.995879173278809,243.142578125,243.142578125,187.4361114501953,187.4361114501953,2931.232177734375,2931.232177734375,1952.619140625,1952.619140625,2760.6787109375,2760.6787109375
23464,5,280,1,3,23,A1,pct_button,50,,,-39.86455154418945,False,False,False,17.735706329345703,16.701007843017578,9.995879173278809,3.2312679290771484,243.142578125,243.142578125,187.4361114501953,187.4361114501953,2931.232177734375,2931.232177734375,1952.619140625,1952.619140625,2760.6787109375,2760.6787109375
23472,5,280,2,12,40,C1,pct_button,100,,,-10.128462791442871,False,False,False,16.701007843017578,1.83077073097229,3.2312679290771484,3.2334606647491455,243.142578125,243.142578125,187.4361114501953,187.4361114501953,2931.232177734375,2931.232177734375,1952.619140625,1952.619140625,2760.6787109375,2760.6787109375
23480,5,280,3,12,40,C1,pct_button,100,,,-1.5055404901504517,True,True,False,1.83077073097229,-9.572198867797852,3.2334606647491455,25.17220687866211,243.142578125,417.9195251464844,187.4361114501953,170.50726318359375,2931.232177734375,1016.1157836914062,1952.619140625,2120.26611328125,2760.6787109375,2802.684326171875
