t,env_id,episode_id,step_in_ep,action_sub_idx,base_action_idx,target,type,pct,step,dir,reward,done,gate_ok,deviation_exploded,C1_before,C1_after,A1_before,A1_after
31792,0,240,-1,,,,,,,,,False,False,False,19.610942840576172,19.610942840576172,4.178255081176758,4.178255081176758
31792,0,240,0,3,23,A1,pct_button,50,,,6.434939870834354,False,False,False,19.610942840576172,18.54433822631836,4.178255081176758,2.2301344871520996
31800,0,240,1,11,39,C1,pct_button,50,,,21.778539724349976,False,False,False,18.54433822631836,7.60956335067749,2.2301344871520996,2.3704395294189453
31808,0,240,2,12,40,C1,pct_button,100,,,21.056695979833602,True,True,False,7.60956335067749,-18.89291763305664,2.3704395294189453,2.2043795585632324
