t,env_id,episode_id,step_in_ep,action_sub_idx,base_action_idx,target,type,pct,step,dir,reward,done,gate_ok,deviation_exploded,C1_before,C1_after,A1_before,A1_after
27944,6,270,-1,,,,,,,,,False,False,False,10.600957870483398,10.600957870483398,36.84166717529297,36.84166717529297
27944,6,270,0,0,20,A1,pct_button,10,,,52.65660711288452,False,False,False,10.600957870483398,9.158313751220703,36.84166717529297,12.164233207702637
27952,6,270,1,1,21,A1,pct_button,20,,,16.171771240234374,False,False,False,9.158313751220703,8.256747245788574,12.164233207702637,5.108567237854004
27960,6,270,2,9,37,C1,pct_button,20,,,2.9388241100311294,False,False,False,8.256747245788574,7.062350273132324,5.108567237854004,4.948662281036377
27968,6,270,3,12,40,C1,pct_button,100,,,9.680971269607545,False,False,False,7.062350273132324,1.4137001037597656,4.948662281036377,5.8242058753967285
27976,6,270,4,10,38,C1,pct_button,30,,,1.5130783629417424,False,False,False,1.4137001037597656,1.075600504875183,5.8242058753967285,5.466184139251709
27984,6,270,5,1,21,A1,pct_button,20,,,0.12083569288253827,False,False,False,1.075600504875183,1.075600504875183,5.466184139251709,5.466184139251709
27992,6,270,6,1,21,A1,pct_button,20,,,5.016401677131654,False,False,False,1.075600504875183,0.7783548831939697,5.466184139251709,3.290921688079834
28000,6,270,7,2,22,A1,pct_button,30,,,10.63572269141674,True,True,False,0.7783548831939697,-14.898180961608887,3.290921688079834,14.017250061035156
