t,env_id,episode_id,step_in_ep,action_sub_idx,base_action_idx,target,type,pct,step,dir,reward,done,gate_ok,deviation_exploded,C1_before,C1_after,A1_before,A1_after,A2_before,A2_after,B2_before,B2_after,A3_before,A3_after,S3_before,S3_after,C3_before,C3_after
33328,4,420,-1,,,,,,,,,False,False,False,4.263786315917969,4.263786315917969,4.265600681304932,4.265600681304932,308.6495056152344,308.6495056152344,412.75030517578125,412.75030517578125,1446.71923828125,1446.71923828125,2195.205322265625,2195.205322265625,1559.244873046875,1559.244873046875
33328,4,420,0,1,21,A1,pct_button,20,,,-11.454898834228516,False,False,False,4.263786315917969,4.348551273345947,4.265600681304932,1.3788981437683105,308.6495056152344,308.6495056152344,412.75030517578125,412.75030517578125,1446.71923828125,1446.71923828125,2195.205322265625,2195.205322265625,1559.244873046875,1559.244873046875
33336,4,420,1,12,40,C1,pct_button,100,,,-7.825078368186951,False,False,False,4.348551273345947,0.8160046935081482,1.3788981437683105,3.096534490585327,308.6495056152344,308.6495056152344,412.75030517578125,412.75030517578125,1446.71923828125,1446.71923828125,2195.205322265625,2195.205322265625,1559.244873046875,1559.244873046875
33344,4,420,2,1,21,A1,pct_button,20,,,-7.825078368186951,False,False,False,0.8160046935081482,0.8160046935081482,3.096534490585327,3.096534490585327,308.6495056152344,308.6495056152344,412.75030517578125,412.75030517578125,1446.71923828125,1446.71923828125,2195.205322265625,2195.205322265625,1559.244873046875,1559.244873046875
33352,4,420,3,12,40,C1,pct_button,100,,,-7.094362020492554,False,False,False,0.8160046935081482,0.6301718950271606,3.096534490585327,2.917009115219116,308.6495056152344,308.6495056152344,412.75030517578125,412.75030517578125,1446.71923828125,1446.71923828125,2195.205322265625,2195.205322265625,1559.244873046875,1559.244873046875
33360,4,420,4,4,24,A1,pct_button,100,,,1.4765815734863281,True,True,False,0.6301718950271606,18.123884201049805,2.917009115219116,17.9869327545166,308.6495056152344,265.3923034667969,412.75030517578125,387.1799011230469,1446.71923828125,1979.70703125,2195.205322265625,2271.009521484375,1559.244873046875,-1883.52294921875
