t,env_id,episode_id,step_in_ep,action_sub_idx,base_action_idx,target,type,pct,step,dir,reward,done,gate_ok,deviation_exploded,C1_before,C1_after,A1_before,A1_after,A2_before,A2_after,B2_before,B2_after,A3_before,A3_after,S3_before,S3_after,C3_before,C3_after
28472,4,350,-1,,,,,,,,,False,False,False,-17.162824630737305,-17.162824630737305,8.315568923950195,8.315568923950195,243.56932067871094,243.56932067871094,229.30865478515625,229.30865478515625,1029.43505859375,1029.43505859375,1254.3502197265625,1254.3502197265625,-1732.2757568359375,-1732.2757568359375
28472,4,350,0,0,20,A1,pct_button,10,,,-40.22404384613037,False,False,False,-17.162824630737305,-17.423931121826172,8.315568923950195,2.6880908012390137,243.56932067871094,243.56932067871094,229.30865478515625,229.30865478515625,1029.43505859375,1029.43505859375,1254.3502197265625,1254.3502197265625,-1732.2757568359375,-1732.2757568359375
28480,4,350,1,1,21,A1,pct_button,20,,,-36.587178111076355,False,False,False,-17.423931121826172,-17.424636840820312,2.6880908012390137,0.868952214717865,243.56932067871094,243.56932067871094,229.30865478515625,229.30865478515625,1029.43505859375,1029.43505859375,1254.3502197265625,1254.3502197265625,-1732.2757568359375,-1732.2757568359375
28488,4,350,2,12,40,C1,pct_button,100,,,-6.645888566970825,False,False,False,-17.424636840820312,-1.3086386919021606,0.868952214717865,2.014305591583252,243.56932067871094,243.56932067871094,229.30865478515625,229.30865478515625,1029.43505859375,1029.43505859375,1254.3502197265625,1254.3502197265625,-1732.2757568359375,-1732.2757568359375
28496,4,350,3,0,20,A1,pct_button,10,,,-3.9240485429763794,False,False,False,-1.3086386919021606,-1.3108798265457153,2.014305591583252,0.6511444449424744,243.56932067871094,243.56932067871094,229.30865478515625,229.30865478515625,1029.43505859375,1029.43505859375,1254.3502197265625,1254.3502197265625,-1732.2757568359375,-1732.2757568359375
28504,4,350,4,12,40,C1,pct_button,100,,,2.218638703227043,True,True,False,-1.3108798265457153,4.131725311279297,0.6511444449424744,45.804832458496094,243.56932067871094,390.8686218261719,229.30865478515625,398.00238037109375,1029.43505859375,2333.333740234375,1254.3502197265625,2418.15380859375,-1732.2757568359375,1119.31689453125
