t,env_id,episode_id,step_in_ep,action_sub_idx,base_action_idx,target,type,pct,step,dir,reward,done,gate_ok,deviation_exploded,C1_before,C1_after,A1_before,A1_after,A2_before,A2_after,B2_before,B2_after,A3_before,A3_after,S3_before,S3_after,C3_before,C3_after
10544,0,80,-1,,,,,,,,,False,False,False,-0.24073800444602966,-0.24073800444602966,17.85039520263672,17.85039520263672,458.2679138183594,458.2679138183594,206.872802734375,206.872802734375,1425.1417236328125,1425.1417236328125,1705.101806640625,1705.101806640625,-2188.1796875,-2188.1796875
10544,0,80,0,0,20,A1,pct_button,10,,,18.981783123016356,False,False,False,-0.24073800444602966,-0.27582848072052,17.85039520263672,8.406233787536621,458.2679138183594,458.2679138183594,206.872802734375,206.872802734375,1425.1417236328125,1425.1417236328125,1705.101806640625,1705.101806640625,-2188.1796875,-2188.1796875
10552,0,80,1,1,21,A1,pct_button,20,,,20.831510213613512,True,True,False,-0.27582848072052,8.739581108093262,8.406233787536621,17.547760009765625,458.2679138183594,368.45306396484375,206.872802734375,295.937744140625,1425.1417236328125,1035.4991455078125,1705.101806640625,2616.908447265625,-2188.1796875,1592.3619384765625
