t,env_id,episode_id,step_in_ep,action_sub_idx,base_action_idx,target,type,pct,step,dir,reward,done,gate_ok,deviation_exploded,C1_before,C1_after,A1_before,A1_after
27248,4,210,-1,,,,,,,,,False,False,False,8.6483154296875,8.6483154296875,0.009102785028517246,0.009102785028517246
27248,4,210,0,11,39,C1,pct_button,50,,,0.16314836429432034,False,False,False,8.6483154296875,8.6483154296875,0.009102785028517246,0.009102785028517246
27256,4,210,1,10,38,C1,pct_button,30,,,2.8417523566633474,False,False,False,8.6483154296875,7.073353290557861,0.009102785028517246,0.2312346249818802
27264,4,210,2,8,36,C1,pct_button,15,,,2.584819861650468,False,False,False,7.073353290557861,5.990669250488281,0.2312346249818802,0.07718729972839355
27272,4,210,3,9,37,C1,pct_button,20,,,1.9024576406180864,False,False,False,5.990669250488281,5.042823314666748,0.07718729972839355,0.12043701857328415
27280,4,210,4,11,39,C1,pct_button,50,,,5.12721532329917,False,False,False,5.042823314666748,2.499885320663452,0.12043701857328415,0.12097596377134323
27288,4,210,5,4,24,A1,pct_button,100,,,5.802405707240105,True,True,False,2.499885320663452,8.704886436462402,0.12097596377134323,15.145278930664062
