t,env_id,episode_id,step_in_ep,action_sub_idx,base_action_idx,target,type,pct,step,dir,reward,done,gate_ok,deviation_exploded,C1_before,C1_after,A1_before,A1_after
40712,6,100,-1,,,,,,,,,False,False,False,-6.187807559967041,-6.187807559967041,41.32752227783203,41.32752227783203
40712,6,100,0,3,23,A1,pct_button,50,,,58.4810252070427,False,False,False,-6.187807559967041,-0.7095354795455933,41.32752227783203,17.74482536315918
40720,6,100,1,3,23,A1,pct_button,50,,,3.2934878015518176,False,False,False,-0.7095354795455933,3.388864278793335,17.74482536315918,13.583476066589355
40728,6,100,2,3,23,A1,pct_button,50,,,37.0732970238477,True,True,False,3.388864278793335,7.755767822265625,13.583476066589355,26.86561393737793
