t,env_id,episode_id,step_in_ep,action_sub_idx,base_action_idx,target,type,pct,step,dir,reward,done,gate_ok,deviation_exploded,C1_before,C1_after,A1_before,A1_after,A2_before,A2_after,B2_before,B2_after,A3_before,A3_after,S3_before,S3_after,C3_before,C3_after
19456,2,210,-1,,,,,,,,,False,False,False,6.420675277709961,6.420675277709961,10.324801445007324,10.324801445007324,246.4708251953125,246.4708251953125,453.531982421875,453.531982421875,2603.3310546875,2603.3310546875,2765.889892578125,2765.889892578125,1301.2288818359375,1301.2288818359375
19456,2,210,0,0,20,A1,pct_button,10,,,-19.28150224685669,False,False,False,6.420675277709961,6.303155899047852,10.324801445007324,3.337595224380493,246.4708251953125,246.4708251953125,453.531982421875,453.531982421875,2603.3310546875,2603.3310546875,2765.889892578125,2765.889892578125,1301.2288818359375,1301.2288818359375
19464,2,210,1,12,40,C1,pct_button,100,,,-8.700676918029785,False,False,False,6.303155899047852,1.2392141819000244,3.337595224380493,3.111124277114868,246.4708251953125,246.4708251953125,453.531982421875,453.531982421875,2603.3310546875,2603.3310546875,2765.889892578125,2765.889892578125,1301.2288818359375,1301.2288818359375
19472,2,210,2,11,39,C1,pct_button,50,,,-9.68274712562561,False,False,False,1.2392141819000244,1.09784734249115,3.111124277114868,3.7435262203216553,246.4708251953125,246.4708251953125,453.531982421875,453.531982421875,2603.3310546875,2603.3310546875,2765.889892578125,2765.889892578125,1301.2288818359375,1301.2288818359375
19480,2,210,3,9,37,C1,pct_button,20,,,-9.541135907173157,False,False,False,1.09784734249115,0.9202643036842346,3.7435262203216553,3.8503036499023438,246.4708251953125,246.4708251953125,453.531982421875,453.531982421875,2603.3310546875,2603.3310546875,2765.889892578125,2765.889892578125,1301.2288818359375,1301.2288818359375
19488,2,210,4,4,24,A1,pct_button,100,,,2.434137351810932,True,True,False,0.9202643036842346,-14.094599723815918,3.8503036499023438,36.005760192871094,246.4708251953125,368.80816650390625,453.531982421875,185.20355224609375,2603.3310546875,1815.8531494140625,2765.889892578125,2800.52587890625,1301.2288818359375,1057.5826416015625
