t,env_id,episode_id,step_in_ep,action_sub_idx,base_action_idx,target,type,pct,step,dir,reward,done,gate_ok,deviation_exploded,C1_before,C1_after,A1_before,A1_after,A2_before,A2_after,B2_before,B2_after,A3_before,A3_after,S3_before,S3_after,C3_before,C3_after
28624,2,340,-1,,,,,,,,,False,False,False,1.9526225328445435,1.9526225328445435,34.13353729248047,34.13353729248047,133.92562866210938,133.92562866210938,342.6382141113281,342.6382141113281,2735.983642578125,2735.983642578125,2132.979248046875,2132.979248046875,1023.402099609375,1023.402099609375
28624,2,340,0,2,22,A1,pct_button,30,,,-22.361827164888382,False,False,False,1.9526225328445435,-0.1469055563211441,34.13353729248047,11.034008026123047,133.92562866210938,133.92562866210938,342.6382141113281,342.6382141113281,2735.983642578125,2735.983642578125,2132.979248046875,2132.979248046875,1023.402099609375,1023.402099609375
28632,2,340,1,12,40,C1,pct_button,100,,,-21.494756937026978,False,False,False,-0.1469055563211441,1.041178822517395,11.034008026123047,9.706199645996094,133.92562866210938,133.92562866210938,342.6382141113281,342.6382141113281,2735.983642578125,2735.983642578125,2132.979248046875,2132.979248046875,1023.402099609375,1023.402099609375
28640,2,340,2,0,20,A1,pct_button,10,,,-7.5497812032699585,False,False,False,1.041178822517395,0.6372644305229187,9.706199645996094,3.1376261711120605,133.92562866210938,133.92562866210938,342.6382141113281,342.6382141113281,2735.983642578125,2735.983642578125,2132.979248046875,2132.979248046875,1023.402099609375,1023.402099609375
28648,2,340,3,11,39,C1,pct_button,50,,,-7.863514184951782,False,False,False,0.6372644305229187,0.4565938711166382,3.1376261711120605,3.475163221359253,133.92562866210938,133.92562866210938,342.6382141113281,342.6382141113281,2735.983642578125,2735.983642578125,2132.979248046875,2132.979248046875,1023.402099609375,1023.402099609375
28656,2,340,4,2,22,A1,pct_button,30,,,2.517384886741638,True,True,False,0.4565938711166382,5.019330978393555,3.475163221359253,21.534337997436523,133.92562866210938,174.3388214111328,342.6382141113281,158.83079528808594,2735.983642578125,2300.6396484375,2132.979248046875,2688.24462890625,1023.402099609375,-1701.1771240234375
