t,env_id,episode_id,step_in_ep,action_sub_idx,base_action_idx,target,type,pct,step,dir,reward,done,gate_ok,deviation_exploded,C1_before,C1_after,A1_before,A1_after
5792,1,60,-1,,,,,,,,,False,False,False,10.716133117675781,10.716133117675781,29.343257904052734,29.343257904052734
5792,1,60,0,10,38,C1,pct_button,30,,,4.50563463211059,False,False,False,10.716133117675781,8.45031452178955,29.343257904052734,29.73309326171875
5800,1,60,1,6,34,C1,pct_button,5,,,1.2118033599853584,False,False,False,8.45031452178955,8.223665237426758,29.73309326171875,29.728361129760742
5808,1,60,2,1,21,A1,pct_button,20,,,40.07682961463929,False,False,False,8.223665237426758,7.190311908721924,29.728361129760742,10.899194717407227
5816,1,60,3,1,21,A1,pct_button,20,,,0.35179013252258584,False,False,False,7.190311908721924,7.190311908721924,10.899194717407227,10.899194717407227
5824,1,60,4,6,34,C1,pct_button,5,,,0.8641953086853016,False,False,False,7.190311908721924,6.943665504455566,10.899194717407227,10.88705062866211
5832,1,60,5,4,24,A1,pct_button,100,,,27.69977391719818,False,False,False,6.943665504455566,2.0508270263671875,10.88705062866211,1.9651620388031006
5840,1,60,6,12,40,C1,pct_button,100,,,11.932902848646044,True,True,False,2.0508270263671875,-10.40964412689209,1.9651620388031006,25.620487213134766
