t,env_id,episode_id,step_in_ep,action_sub_idx,base_action_idx,target,type,pct,step,dir,reward,done,gate_ok,deviation_exploded,C1_before,C1_after,A1_before,A1_after,A2_before,A2_after,B2_before,B2_after,A3_before,A3_after,S3_before,S3_after,C3_before,C3_after
4240,6,40,-1,,,,,,,,,False,False,False,6.427241802215576,6.427241802215576,10.141826629638672,10.141826629638672,493.3065490722656,493.3065490722656,297.00433349609375,297.00433349609375,2507.945068359375,2507.945068359375,2608.522705078125,2608.522705078125,2099.59228515625,2099.59228515625
4240,6,40,0,12,40,C1,pct_button,100,,,10.607737687826157,False,False,False,6.427241802215576,-0.5623840689659119,10.141826629638672,10.811554908752441,493.3065490722656,493.3065490722656,297.00433349609375,297.00433349609375,2507.945068359375,2507.945068359375,2608.522705078125,2608.522705078125,2099.59228515625,2099.59228515625
4248,6,40,1,0,20,A1,pct_button,10,,,14.804501532316207,False,False,False,-0.5623840689659119,-0.7183451056480408,10.811554908752441,3.2884106636047363,493.3065490722656,493.3065490722656,297.00433349609375,297.00433349609375,2507.945068359375,2507.945068359375,2608.522705078125,2608.522705078125,2099.59228515625,2099.59228515625
4256,6,40,2,12,40,C1,pct_button,100,,,6.742913929224015,True,True,False,-0.7183451056480408,-17.53033447265625,3.2884106636047363,43.2104377746582,493.3065490722656,364.0311279296875,297.00433349609375,156.1608123779297,2507.945068359375,1333.7108154296875,2608.522705078125,2551.440185546875,2099.59228515625,-2339.8388671875
