t,env_id,episode_id,step_in_ep,action_sub_idx,base_action_idx,target,type,pct,step,dir,reward,done,gate_ok,deviation_exploded,C1_before,C1_after,A1_before,A1_after
42832,0,420,-1,,,,,,,,,False,False,False,0.7684018015861511,0.7684018015861511,10.869421005249023,10.869421005249023
42832,0,420,0,1,21,A1,pct_button,20,,,0.22275645613670192,False,False,False,0.7684018015861511,0.7684018015861511,10.869421005249023,10.869421005249023
42840,0,420,1,0,20,A1,pct_button,10,,,0.22275645613670192,False,False,False,0.7684018015861511,0.7684018015861511,10.869421005249023,10.869421005249023
42848,0,420,2,0,20,A1,pct_button,10,,,15.923007749915124,False,False,False,0.7684018015861511,0.4147091805934906,10.869421005249023,3.293693780899048
42856,0,420,3,0,20,A1,pct_button,10,,,9.034069938063622,True,True,False,0.4147091805934906,7.815375804901123,3.293693780899048,0.6574757695198059
