t,env_id,episode_id,step_in_ep,action_sub_idx,base_action_idx,target,type,pct,step,dir,reward,done,gate_ok,deviation_exploded,C1_before,C1_after,A1_before,A1_after,A2_before,A2_after,B2_before,B2_after,A3_before,A3_after,S3_before,S3_after,C3_before,C3_after
39600,2,500,-1,,,,,,,,,False,False,False,17.34217071533203,17.34217071533203,15.40597915649414,15.40597915649414,165.467041015625,165.467041015625,416.3770446777344,416.3770446777344,2644.3876953125,2644.3876953125,2959.757568359375,2959.757568359375,-2879.14111328125,-2879.14111328125
39600,2,500,0,12,40,C1,pct_button,100,,,-44.07113838195801,False,False,False,17.34217071533203,8.10747241973877,15.40597915649414,13.928096771240234,165.467041015625,165.467041015625,416.3770446777344,416.3770446777344,2644.3876953125,2644.3876953125,2959.757568359375,2959.757568359375,-2879.14111328125,-2879.14111328125
39608,2,500,1,1,21,A1,pct_button,20,,,-24.86941432952881,False,False,False,8.10747241973877,7.932310581207275,13.928096771240234,4.502396583557129,165.467041015625,165.467041015625,416.3770446777344,416.3770446777344,2644.3876953125,2644.3876953125,2959.757568359375,2959.757568359375,-2879.14111328125,-2879.14111328125
39616,2,500,2,12,40,C1,pct_button,100,,,-19.46852684020996,False,False,False,7.932310581207275,4.34478235244751,4.502396583557129,5.389481067657471,165.467041015625,165.467041015625,416.3770446777344,416.3770446777344,2644.3876953125,2644.3876953125,2959.757568359375,2959.757568359375,-2879.14111328125,-2879.14111328125
39624,2,500,3,0,20,A1,pct_button,10,,,-11.952597618103027,False,False,False,4.34478235244751,4.234095096588135,5.389481067657471,1.742203712463379,165.467041015625,165.467041015625,416.3770446777344,416.3770446777344,2644.3876953125,2644.3876953125,2959.757568359375,2959.757568359375,-2879.14111328125,-2879.14111328125
39632,2,500,4,12,40,C1,pct_button,100,,,0.3709593117237091,True,True,False,4.234095096588135,-15.804142951965332,1.742203712463379,7.836491584777832,165.467041015625,449.18280029296875,416.3770446777344,496.1603698730469,2644.3876953125,1982.3101806640625,2959.757568359375,1480.7491455078125,-2879.14111328125,2701.46044921875
