t,env_id,episode_id,step_in_ep,action_sub_idx,base_action_idx,target,type,pct,step,dir,reward,done,gate_ok,deviation_exploded,C1_before,C1_after,A1_before,A1_after
11016,5,80,-1,,,,,,,,,False,False,False,-18.254911422729492,-18.254911422729492,4.175151348114014,4.175151348114014
11016,5,80,0,6,34,C1,pct_button,5,,,2.7356266021728555,False,False,False,-18.254911422729492,-17.097745895385742,4.175151348114014,4.172203063964844
11024,5,80,1,4,24,A1,pct_button,100,,,-0.4276068258285497,False,False,False,-17.097745895385742,-19.032934188842773,4.172203063964844,2.6627752780914307
11032,5,80,2,12,40,C1,pct_button,100,,,26.1634019947052,False,False,False,-19.032934188842773,4.263177871704102,2.6627752780914307,4.432790279388428
11040,5,80,3,9,37,C1,pct_button,20,,,0.9742207145690907,False,False,False,4.263177871704102,3.458510398864746,4.432790279388428,4.828214645385742
11048,5,80,4,12,40,C1,pct_button,100,,,3.767560049295426,False,False,False,3.458510398864746,-0.9987860321998596,4.828214645385742,5.463784694671631
11056,5,80,5,11,39,C1,pct_button,50,,,2.338374435901642,False,False,False,-0.9987860321998596,-0.1121286153793335,5.463784694671631,5.229672908782959
11064,5,80,6,9,37,C1,pct_button,20,,,0.09683603048324564,False,False,False,-0.1121286153793335,-0.1121286153793335,5.229672908782959,5.229672908782959
11072,5,80,7,4,24,A1,pct_button,100,,,12.154936881959438,True,True,False,-0.1121286153793335,-19.491580963134766,5.229672908782959,25.925607681274414
