t,env_id,episode_id,step_in_ep,action_sub_idx,base_action_idx,target,type,pct,step,dir,reward,done,gate_ok,deviation_exploded,C1_before,C1_after,A1_before,A1_after,A2_before,A2_after,B2_before,B2_after,A3_before,A3_after,S3_before,S3_after,C3_before,C3_after
8384,7,80,-1,,,,,,,,,False,False,False,-12.808921813964844,-12.808921813964844,4.249810218811035,4.249810218811035,333.5564270019531,333.5564270019531,386.94793701171875,386.94793701171875,2555.950439453125,2555.950439453125,1985.0589599609375,1985.0589599609375,1706.2586669921875,1706.2586669921875
8384,7,80,0,8,36,C1,pct_button,15,,,-29.99484634399414,False,False,False,-12.808921813964844,-10.577213287353516,4.249810218811035,4.420209884643555,333.5564270019531,333.5564270019531,386.94793701171875,386.94793701171875,2555.950439453125,2555.950439453125,1985.0589599609375,1985.0589599609375,1706.2586669921875,1706.2586669921875
8392,7,80,1,2,22,A1,pct_button,30,,,-25.202188968658447,False,False,False,-10.577213287353516,-11.17221736907959,4.420209884643555,1.4288771152496338,333.5564270019531,333.5564270019531,386.94793701171875,386.94793701171875,2555.950439453125,2555.950439453125,1985.0589599609375,1985.0589599609375,1706.2586669921875,1706.2586669921875
8400,7,80,2,10,38,C1,pct_button,30,,,-25.202188968658447,False,False,False,-11.17221736907959,-11.17221736907959,1.4288771152496338,1.4288771152496338,333.5564270019531,333.5564270019531,386.94793701171875,386.94793701171875,2555.950439453125,2555.950439453125,1985.0589599609375,1985.0589599609375,1706.2586669921875,1706.2586669921875
8408,7,80,3,3,23,A1,pct_button,50,,,-21.978490829467773,False,False,False,-11.17221736907959,-10.52734661102295,1.4288771152496338,0.4618988037109375,333.5564270019531,333.5564270019531,386.94793701171875,386.94793701171875,2555.950439453125,2555.950439453125,1985.0589599609375,1985.0589599609375,1706.2586669921875,1706.2586669921875
8416,7,80,4,12,40,C1,pct_button,100,,,4.510706886649132,True,True,False,-10.52734661102295,2.1383354663848877,0.4618988037109375,6.70646333694458,333.5564270019531,484.6368713378906,386.94793701171875,491.54241943359375,2555.950439453125,1736.3004150390625,1985.0589599609375,2281.121826171875,1706.2586669921875,-1163.42822265625
