t,env_id,episode_id,step_in_ep,action_sub_idx,base_action_idx,target,type,pct,step,dir,reward,done,gate_ok,deviation_exploded,C1_before,C1_after,A1_before,A1_after,A2_before,A2_after,B2_before,B2_after,A3_before,A3_after,S3_before,S3_after,C3_before,C3_after
20688,1,230,-1,,,,,,,,,False,False,False,-16.37483024597168,-16.37483024597168,25.43349838256836,25.43349838256836,200.8085174560547,200.8085174560547,228.1737060546875,228.1737060546875,2873.152099609375,2873.152099609375,1396.265869140625,1396.265869140625,1994.6456298828125,1994.6456298828125
20688,1,230,0,0,20,A1,pct_button,10,,,-51.40437126159668,False,False,False,-16.37483024597168,-17.480552673339844,25.43349838256836,8.221632957458496,200.8085174560547,200.8085174560547,228.1737060546875,228.1737060546875,2873.152099609375,2873.152099609375,1396.265869140625,1396.265869140625,1994.6456298828125,1994.6456298828125
20696,1,230,1,0,20,A1,pct_button,10,,,-40.95984411239624,False,False,False,-17.480552673339844,-17.82219696044922,8.221632957458496,2.6577250957489014,200.8085174560547,200.8085174560547,228.1737060546875,228.1737060546875,2873.152099609375,2873.152099609375,1396.265869140625,1396.265869140625,1994.6456298828125,1994.6456298828125
20704,1,230,2,10,38,C1,pct_button,30,,,-28.0066819190979,False,False,False,-17.82219696044922,-11.722646713256836,2.6577250957489014,2.2806942462921143,200.8085174560547,200.8085174560547,228.1737060546875,228.1737060546875,2873.152099609375,2873.152099609375,1396.265869140625,1396.265869140625,1994.6456298828125,1994.6456298828125
20712,1,230,3,0,20,A1,pct_button,10,,,-25.07388162612915,False,False,False,-11.722646713256836,-11.799683570861816,2.2806942462921143,0.7372572422027588,200.8085174560547,200.8085174560547,228.1737060546875,228.1737060546875,2873.152099609375,2873.152099609375,1396.265869140625,1396.265869140625,1994.6456298828125,1994.6456298828125
20720,1,230,4,12,40,C1,pct_button,100,,,3.434230089187622,True,True,False,-11.799683570861816,16.577075958251953,0.7372572422027588,18.135526657104492,200.8085174560547,184.54754638671875,228.1737060546875,318.1926574707031,2873.152099609375,1335.020751953125,1396.265869140625,1893.796630859375,1994.6456298828125,1922.81787109375
