t,env_id,episode_id,step_in_ep,action_sub_idx,base_action_idx,target,type,pct,step,dir,reward,done,gate_ok,deviation_exploded,C1_before,C1_after,A1_before,A1_after,A2_before,A2_after,B2_before,B2_after,A3_before,A3_after,S3_before,S3_after,C3_before,C3_after
27400,3,340,-1,,,,,,,,,False,False,False,7.610410690307617,7.610410690307617,49.41500473022461,49.41500473022461,142.2729949951172,142.2729949951172,282.2418518066406,282.2418518066406,2604.656494140625,2604.656494140625,1620.9052734375,1620.9052734375,2213.490234375,2213.490234375
27400,3,340,0,1,21,A1,pct_button,20,,,-43.80824089050293,False,False,False,7.610410690307617,5.930225372314453,49.41500473022461,15.973895072937012,142.2729949951172,142.2729949951172,282.2418518066406,282.2418518066406,2604.656494140625,2604.656494140625,1620.9052734375,1620.9052734375,2213.490234375,2213.490234375
27408,3,340,1,3,23,A1,pct_button,50,,,-19.76441478729248,False,False,False,5.930225372314453,4.718486309051514,15.973895072937012,5.163721084594727,142.2729949951172,142.2729949951172,282.2418518066406,282.2418518066406,2604.656494140625,2604.656494140625,1620.9052734375,1620.9052734375,2213.490234375,2213.490234375
27416,3,340,2,0,20,A1,pct_button,10,,,-12.585748195648193,False,False,False,4.718486309051514,4.623649597167969,5.163721084594727,1.669224500656128,142.2729949951172,142.2729949951172,282.2418518066406,282.2418518066406,2604.656494140625,2604.656494140625,1620.9052734375,1620.9052734375,2213.490234375,2213.490234375
27424,3,340,3,4,24,A1,pct_button,100,,,-9.114753365516663,False,False,False,4.623649597167969,4.017783164978027,1.669224500656128,0.539593517780304,142.2729949951172,142.2729949951172,282.2418518066406,282.2418518066406,2604.656494140625,2604.656494140625,1620.9052734375,1620.9052734375,2213.490234375,2213.490234375
27432,3,340,4,12,40,C1,pct_button,100,,,3.2172658443450928,True,True,False,4.017783164978027,-0.6311722993850708,0.539593517780304,35.645423889160156,142.2729949951172,393.53271484375,282.2418518066406,349.6465759277344,2604.656494140625,1438.284912109375,1620.9052734375,2006.5379638671875,2213.490234375,-2026.92724609375
