t,env_id,episode_id,step_in_ep,action_sub_idx,base_action_idx,target,type,pct,step,dir,reward,done,gate_ok,deviation_exploded,C1_before,C1_after,A1_before,A1_after,A2_before,A2_after,B2_before,B2_after,A3_before,A3_after,S3_before,S3_after,C3_before,C3_after
26976,6,250,-1,,,,,,,,,False,False,False,8.224223136901855,8.224223136901855,25.7760009765625,25.7760009765625,176.29322814941406,176.29322814941406,231.91246032714844,231.91246032714844,1670.073974609375,1670.073974609375,1148.2276611328125,1148.2276611328125,-1197.9329833984375,-1197.9329833984375
26976,6,250,0,11,39,C1,pct_button,50,,,8.99518112182617,False,False,False,8.224223136901855,4.123111724853516,25.7760009765625,25.67247772216797,176.29322814941406,176.29322814941406,231.91246032714844,231.91246032714844,1670.073974609375,1670.073974609375,1148.2276611328125,1148.2276611328125,-1197.9329833984375,-1197.9329833984375
26984,6,250,1,2,22,A1,pct_button,30,,,38.788226575851446,False,False,False,4.123111724853516,3.268678665161133,25.67247772216797,7.232812404632568,176.29322814941406,176.29322814941406,231.91246032714844,231.91246032714844,1670.073974609375,1670.073974609375,1148.2276611328125,1148.2276611328125,-1197.9329833984375,-1197.9329833984375
26992,6,250,2,9,37,C1,pct_button,20,,,1.5121398210525514,False,False,False,3.268678665161133,2.4502532482147217,7.232812404632568,7.388556003570557,176.29322814941406,176.29322814941406,231.91246032714844,231.91246032714844,1670.073974609375,1670.073974609375,1148.2276611328125,1148.2276611328125,-1197.9329833984375,-1197.9329833984375
27000,6,250,3,1,21,A1,pct_button,20,,,8.869377346038819,False,False,False,2.4502532482147217,2.0965466499328613,7.388556003570557,3.3571105003356934,176.29322814941406,176.29322814941406,231.91246032714844,231.91246032714844,1670.073974609375,1670.073974609375,1148.2276611328125,1148.2276611328125,-1197.9329833984375,-1197.9329833984375
27008,6,250,4,3,23,A1,pct_button,50,,,13.795048130750656,True,True,False,2.0965466499328613,17.961345672607422,3.3571105003356934,12.166388511657715,176.29322814941406,146.76588439941406,231.91246032714844,219.88894653320312,1670.073974609375,2989.9736328125,1148.2276611328125,1142.35107421875,-1197.9329833984375,-1801.0159912109375
