t,env_id,episode_id,step_in_ep,action_sub_idx,base_action_idx,target,type,pct,step,dir,reward,done,gate_ok,deviation_exploded,C1_before,C1_after,A1_before,A1_after,A2_before,A2_after,B2_before,B2_after,A3_before,A3_after,S3_before,S3_after,C3_before,C3_after
2072,6,20,-1,,,,,,,,,False,False,False,-3.825741767883301,-3.825741767883301,9.486625671386719,9.486625671386719,407.7179260253906,407.7179260253906,144.84844970703125,144.84844970703125,1589.189453125,1589.189453125,2926.396484375,2926.396484375,-1909.491455078125,-1909.491455078125
2072,6,20,0,6,34,C1,pct_button,5,,,0.8474190902709979,False,False,False,-3.825741767883301,-3.5591726303100586,9.486625671386719,9.454623222351074,407.7179260253906,407.7179260253906,144.84844970703125,144.84844970703125,1589.189453125,1589.189453125,2926.396484375,2926.396484375,-1909.491455078125,-1909.491455078125
2080,6,20,1,3,23,A1,pct_button,50,,,12.501093029975891,False,False,False,-3.5591726303100586,-4.094550132751465,9.454623222351074,2.731964349746704,407.7179260253906,407.7179260253906,144.84844970703125,144.84844970703125,1589.189453125,1589.189453125,2926.396484375,2926.396484375,-1909.491455078125,-1909.491455078125
2088,6,20,2,1,21,A1,pct_button,20,,,1.3074273538589478,False,False,False,-4.094550132751465,-4.22570276260376,2.731964349746704,2.004399061203003,407.7179260253906,407.7179260253906,144.84844970703125,144.84844970703125,1589.189453125,1589.189453125,2926.396484375,2926.396484375,-1909.491455078125,-1909.491455078125
2096,6,20,3,1,21,A1,pct_button,20,,,-0.37476382255554186,False,False,False,-4.22570276260376,-4.412600994110107,2.004399061203003,2.064655303955078,407.7179260253906,407.7179260253906,144.84844970703125,144.84844970703125,1589.189453125,1589.189453125,2926.396484375,2926.396484375,-1909.491455078125,-1909.491455078125
2104,6,20,4,12,40,C1,pct_button,100,,,14.8439057970047,True,True,False,-4.412600994110107,-1.2001941204071045,2.064655303955078,32.37631607055664,407.7179260253906,192.62606811523438,144.84844970703125,117.79803466796875,1589.189453125,2036.0570068359375,2926.396484375,2277.262451171875,-1909.491455078125,2413.334228515625
