t,env_id,episode_id,step_in_ep,action_sub_idx,base_action_idx,target,type,pct,step,dir,reward,done,gate_ok,deviation_exploded,C1_before,C1_after,A1_before,A1_after
38024,7,280,-1,,,,,,,,,False,False,False,13.113445281982422,13.113445281982422,22.23481559753418,22.23481559753418
38024,7,280,0,4,24,A1,pct_button,100,,,52.93174089431763,False,False,False,13.113445281982422,6.496728420257568,22.23481559753418,2.470332622528076
38032,7,280,1,11,39,C1,pct_button,50,,,4.921930079460145,False,False,False,6.496728420257568,3.6358513832092285,2.470332622528076,2.9309122562408447
38040,7,280,2,8,36,C1,pct_button,15,,,0.4992919540405276,False,False,False,3.6358513832092285,3.2384986877441406,2.9309122562408447,3.1373777389526367
38048,7,280,3,3,23,A1,pct_button,50,,,4.188242206573486,False,False,False,3.2384986877441406,2.6863813400268555,3.1373777389526367,1.6335735321044922
38056,7,280,4,3,23,A1,pct_button,50,,,1.2752435088157659,False,False,False,2.6863813400268555,2.3808391094207764,1.6335735321044922,1.3336387872695923
38064,7,280,5,12,40,C1,pct_button,100,,,3.9507456666231158,False,False,False,2.3808391094207764,-1.4946656227111816,1.3336387872695923,0.25695565342903137
38072,7,280,6,2,22,A1,pct_button,30,,,0.025032425522804276,False,False,False,-1.4946656227111816,-1.4946656227111816,0.25695565342903137,0.25695565342903137
38080,7,280,7,9,37,C1,pct_button,20,,,6.272784255770967,True,True,False,-1.4946656227111816,18.70755386352539,0.25695565342903137,18.024656295776367
