t,env_id,episode_id,step_in_ep,action_sub_idx,base_action_idx,target,type,pct,step,dir,reward,done,gate_ok,deviation_exploded,C1_before,C1_after,A1_before,A1_after,A2_before,A2_after,B2_before,B2_after,A3_before,A3_after,S3_before,S3_after,C3_before,C3_after
32208,0,410,-1,,,,,,,,,False,False,False,-5.8819756507873535,-5.8819756507873535,35.47116470336914,35.47116470336914,490.78265380859375,490.78265380859375,493.0457458496094,493.0457458496094,2503.211669921875,2503.211669921875,2645.195556640625,2645.195556640625,-1760.6383056640625,-1760.6383056640625
32208,0,410,0,1,21,A1,pct_button,20,,,-36.824761390686035,False,False,False,-5.8819756507873535,-6.945972919464111,35.47116470336914,11.466407775878906,490.78265380859375,490.78265380859375,493.0457458496094,493.0457458496094,2503.211669921875,2503.211669921875,2645.195556640625,2645.195556640625,-1760.6383056640625,-1760.6383056640625
32216,0,410,1,1,21,A1,pct_button,20,,,-21.76713466644287,False,False,False,-6.945972919464111,-7.176936149597168,11.466407775878906,3.7066311836242676,490.78265380859375,490.78265380859375,493.0457458496094,493.0457458496094,2503.211669921875,2503.211669921875,2645.195556640625,2645.195556640625,-1760.6383056640625,-1760.6383056640625
32224,0,410,2,12,40,C1,pct_button,100,,,-10.437532901763916,False,False,False,-7.176936149597168,-0.8617699146270752,3.7066311836242676,4.356996536254883,490.78265380859375,490.78265380859375,493.0457458496094,493.0457458496094,2503.211669921875,2503.211669921875,2645.195556640625,2645.195556640625,-1760.6383056640625,-1760.6383056640625
32232,0,410,3,1,21,A1,pct_button,20,,,0.24013733863830566,True,True,False,-0.8617699146270752,-11.256948471069336,4.356996536254883,13.659832954406738,490.78265380859375,480.5661315917969,493.0457458496094,117.46985626220703,2503.211669921875,2604.426513671875,2645.195556640625,1567.69580078125,-1760.6383056640625,-1057.55126953125
