t,env_id,episode_id,step_in_ep,action_sub_idx,base_action_idx,target,type,pct,step,dir,reward,done,gate_ok,deviation_exploded,C1_before,C1_after,A1_before,A1_after,A2_before,A2_after,B2_before,B2_after,A3_before,A3_after,S3_before,S3_after,C3_before,C3_after
40888,5,560,-1,,,,,,,,,False,False,False,-7.971097946166992,-7.971097946166992,3.449251651763916,3.449251651763916,143.91026306152344,143.91026306152344,243.31590270996094,243.31590270996094,2328.3935546875,2328.3935546875,1558.5843505859375,1558.5843505859375,-2854.373779296875,-2854.373779296875
40888,5,560,0,1,21,A1,pct_button,20,,,-22.840699195861816,False,False,False,-7.971097946166992,-7.971097946166992,3.449251651763916,3.449251651763916,143.91026306152344,143.91026306152344,243.31590270996094,243.31590270996094,2328.3935546875,2328.3935546875,1558.5843505859375,1558.5843505859375,-2854.373779296875,-2854.373779296875
40896,5,560,1,10,38,C1,pct_button,30,,,-16.414494037628174,False,False,False,-7.971097946166992,-4.627847194671631,3.449251651763916,3.579399824142456,143.91026306152344,143.91026306152344,243.31590270996094,243.31590270996094,2328.3935546875,2328.3935546875,1558.5843505859375,1558.5843505859375,-2854.373779296875,-2854.373779296875
40904,5,560,2,1,21,A1,pct_button,20,,,-11.600094556808472,False,False,False,-4.627847194671631,-4.642970561981201,3.579399824142456,1.1570767164230347,143.91026306152344,143.91026306152344,243.31590270996094,243.31590270996094,2328.3935546875,2328.3935546875,1558.5843505859375,1558.5843505859375,-2854.373779296875,-2854.373779296875
40912,5,560,3,12,40,C1,pct_button,100,,,1.8954517841339111,True,True,False,-4.642970561981201,7.667328357696533,1.1570767164230347,37.75046920776367,143.91026306152344,236.78724670410156,243.31590270996094,445.8847351074219,2328.3935546875,1679.956787109375,1558.5843505859375,1296.4052734375,-2854.373779296875,1564.6966552734375
