t,env_id,episode_id,step_in_ep,action_sub_idx,base_action_idx,target,type,pct,step,dir,reward,done,gate_ok,deviation_exploded,C1_before,C1_after,A1_before,A1_after,A2_before,A2_after,B2_before,B2_after,A3_before,A3_after,S3_before,S3_after,C3_before,C3_after
12968,6,120,-1,,,,,,,,,False,False,False,-13.577797889709473,-13.577797889709473,19.75340461730957,19.75340461730957,452.4798583984375,452.4798583984375,215.87860107421875,215.87860107421875,2092.591552734375,2092.591552734375,1151.2508544921875,1151.2508544921875,-1060.068603515625,-1060.068603515625
12968,6,120,0,3,23,A1,pct_button,50,,,20.35345624923706,False,False,False,-13.577797889709473,-16.330793380737305,19.75340461730957,7.05251407623291,452.4798583984375,452.4798583984375,215.87860107421875,215.87860107421875,2092.591552734375,2092.591552734375,1151.2508544921875,1151.2508544921875,-1060.068603515625,-1060.068603515625
12976,6,120,1,9,37,C1,pct_button,20,,,5.5006976890564,False,False,False,-16.330793380737305,-13.858551979064941,7.05251407623291,6.97776985168457,452.4798583984375,452.4798583984375,215.87860107421875,215.87860107421875,2092.591552734375,2092.591552734375,1151.2508544921875,1151.2508544921875,-1060.068603515625,-1060.068603515625
12984,6,120,2,12,40,C1,pct_button,100,,,21.92276823043823,False,False,False,-13.858551979064941,-2.639355182647705,6.97776985168457,7.3302788734436035,452.4798583984375,452.4798583984375,215.87860107421875,215.87860107421875,2092.591552734375,2092.591552734375,1151.2508544921875,1151.2508544921875,-1060.068603515625,-1060.068603515625
12992,6,120,3,2,22,A1,pct_button,30,,,8.198782210350037,False,False,False,-2.639355182647705,-3.0163259506225586,7.3302788734436035,2.9081618785858154,452.4798583984375,452.4798583984375,215.87860107421875,215.87860107421875,2092.591552734375,2092.591552734375,1151.2508544921875,1151.2508544921875,-1060.068603515625,-1060.068603515625
13000,6,120,4,12,40,C1,pct_button,100,,,15.057133405641652,True,True,False,-3.0163259506225586,-1.5782746076583862,2.9081618785858154,30.99757194519043,452.4798583984375,300.3853454589844,215.87860107421875,244.14776611328125,2092.591552734375,1338.991455078125,1151.2508544921875,1882.7109375,-1060.068603515625,-1780.58349609375
