t,env_id,episode_id,step_in_ep,action_sub_idx,base_action_idx,target,type,pct,step,dir,reward,done,gate_ok,deviation_exploded,C1_before,C1_after,A1_before,A1_after,A2_before,A2_after,B2_before,B2_after,A3_before,A3_after,S3_before,S3_after,C3_before,C3_after
29984,1,360,-1,,,,,,,,,False,False,False,5.298704624176025,5.298704624176025,29.410755157470703,29.410755157470703,333.453125,333.453125,324.3772277832031,324.3772277832031,1131.82666015625,1131.82666015625,1340.9798583984375,1340.9798583984375,1699.588134765625,1699.588134765625
29984,1,360,0,12,40,C1,pct_button,100,,,-62.49345123767853,False,False,False,5.298704624176025,0.6557775139808655,29.410755157470703,30.5909481048584,333.453125,333.453125,324.3772277832031,324.3772277832031,1131.82666015625,1131.82666015625,1340.9798583984375,1340.9798583984375,1699.588134765625,1699.588134765625
29992,1,360,1,12,40,C1,pct_button,100,,,-59.84984469413757,False,False,False,0.6557775139808655,-0.4993699789047241,30.5909481048584,29.425552368164062,333.453125,333.453125,324.3772277832031,324.3772277832031,1131.82666015625,1131.82666015625,1340.9798583984375,1340.9798583984375,1699.588134765625,1699.588134765625
30000,1,360,2,4,24,A1,pct_button,100,,,-43.32403564453125,False,False,False,-0.4993699789047241,-12.149913787841797,29.425552368164062,9.512104034423828,333.453125,333.453125,324.3772277832031,324.3772277832031,1131.82666015625,1131.82666015625,1340.9798583984375,1340.9798583984375,1699.588134765625,1699.588134765625
30008,1,360,3,0,20,A1,pct_button,10,,,-31.333141803741455,False,False,False,-12.149913787841797,-12.59168815612793,9.512104034423828,3.074882745742798,333.453125,333.453125,324.3772277832031,324.3772277832031,1131.82666015625,1131.82666015625,1340.9798583984375,1340.9798583984375,1699.588134765625,1699.588134765625
30016,1,360,4,12,40,C1,pct_button,100,,,-1.7171046733856201,True,True,False,-12.59168815612793,2.9723734855651855,3.074882745742798,9.713850021362305,333.453125,287.3496398925781,324.3772277832031,160.8859100341797,1131.82666015625,2201.003173828125,1340.9798583984375,1692.2501220703125,1699.588134765625,2518.5078125
