t,env_id,episode_id,step_in_ep,action_sub_idx,base_action_idx,target,type,pct,step,dir,reward,done,gate_ok,deviation_exploded,C1_before,C1_after,A1_before,A1_after,A2_before,A2_after,B2_before,B2_after,A3_before,A3_after,S3_before,S3_after,C3_before,C3_after
15232,6,140,-1,,,,,,,,,False,True,False,1.0562920570373535,1.0562920570373535,0.06970550119876862,0.06970550119876862,440.4320068359375,440.4320068359375,418.7109680175781,418.7109680175781,1235.0,1235.0,1236.448486328125,1236.448486328125,2144.32470703125,2144.32470703125
15232,6,140,0,5,33,C1,pct_button,1,,,5.055210769027472,True,True,False,1.0562920570373535,-10.508800506591797,0.06970550119876862,35.660255432128906,440.4320068359375,400.9993591308594,418.7109680175781,241.8379669189453,1235.0,2534.708251953125,1236.448486328125,1053.5662841796875,2144.32470703125,2814.806640625
