t,env_id,episode_id,step_in_ep,action_sub_idx,base_action_idx,target,type,pct,step,dir,reward,done,gate_ok,deviation_exploded,C1_before,C1_after,A1_before,A1_after,A2_before,A2_after,B2_before,B2_after,A3_before,A3_after,S3_before,S3_after,C3_before,C3_after
23616,0,270,-1,,,,,,,,,False,False,False,-5.536348819732666,-5.536348819732666,43.173912048339844,43.173912048339844,340.61932373046875,340.61932373046875,450.5742492675781,450.5742492675781,1176.1842041015625,1176.1842041015625,2664.37548828125,2664.37548828125,-2163.898193359375,-2163.898193359375
23616,0,270,0,0,20,A1,pct_button,10,,,-42.31307029724121,False,False,False,-5.536348819732666,-7.200136184692383,43.173912048339844,13.956398963928223,340.61932373046875,340.61932373046875,450.5742492675781,450.5742492675781,1176.1842041015625,1176.1842041015625,2664.37548828125,2664.37548828125,-2163.898193359375,-2163.898193359375
23624,0,270,1,0,20,A1,pct_button,10,,,-24.15001392364502,False,False,False,-7.200136184692383,-7.5634613037109375,13.956398963928223,4.511545658111572,340.61932373046875,340.61932373046875,450.5742492675781,450.5742492675781,1176.1842041015625,1176.1842041015625,2664.37548828125,2664.37548828125,-2163.898193359375,-2163.898193359375
23632,0,270,2,9,37,C1,pct_button,20,,,-21.342609405517578,False,False,False,-7.5634613037109375,-6.162214756011963,4.511545658111572,4.509089946746826,340.61932373046875,340.61932373046875,450.5742492675781,450.5742492675781,1176.1842041015625,1176.1842041015625,2664.37548828125,2664.37548828125,-2163.898193359375,-2163.898193359375
23640,0,270,3,1,21,A1,pct_button,20,,,-15.971192836761475,False,False,False,-6.162214756011963,-6.527987957000732,4.509089946746826,1.4576084613800049,340.61932373046875,340.61932373046875,450.5742492675781,450.5742492675781,1176.1842041015625,1176.1842041015625,2664.37548828125,2664.37548828125,-2163.898193359375,-2163.898193359375
23648,0,270,4,12,40,C1,pct_button,100,,,1.2701427638530731,True,True,False,-6.527987957000732,-8.883308410644531,1.4576084613800049,37.305442810058594,340.61932373046875,340.72735595703125,450.5742492675781,204.43641662597656,1176.1842041015625,1989.1282958984375,2664.37548828125,2736.62060546875,-2163.898193359375,-1117.700927734375
