t,env_id,episode_id,step_in_ep,action_sub_idx,base_action_idx,target,type,pct,step,dir,reward,done,gate_ok,deviation_exploded,C1_before,C1_after,A1_before,A1_after
27088,0,200,-1,,,,,,,,,False,False,False,-17.6107177734375,-17.6107177734375,17.680801391601562,17.680801391601562
27088,0,200,0,4,24,A1,pct_button,100,,,11.595655078887942,False,False,False,-17.6107177734375,-22.96726417541504,17.680801391601562,6.819293022155762
27096,0,200,1,0,20,A1,pct_button,10,,,1.8857802581787106,False,False,False,-22.96726417541504,-23.159931182861328,6.819293022155762,5.970035552978516
27104,0,200,2,4,24,A1,pct_button,100,,,7.556817024946211,False,False,False,-23.159931182861328,-24.92165184020996,5.970035552978516,0.6809322237968445
27112,0,200,3,11,39,C1,pct_button,50,,,0.5020516812801341,False,False,False,-24.92165184020996,-24.92165184020996,0.6809322237968445,0.6809322237968445
27120,0,200,4,11,39,C1,pct_button,50,,,25.7933145108819,False,False,False,-24.92165184020996,-12.734697341918945,0.6809322237968445,0.0945216566324234
27128,0,200,5,12,40,C1,pct_button,100,,,24.372606610059737,True,True,False,-12.734697341918945,16.726322174072266,0.0945216566324234,9.64173412322998
