t,env_id,episode_id,step_in_ep,action_sub_idx,base_action_idx,target,type,pct,step,dir,reward,done,gate_ok,deviation_exploded,C1_before,C1_after,A1_before,A1_after,A2_before,A2_after,B2_before,B2_after,A3_before,A3_after,S3_before,S3_after,C3_before,C3_after
14144,1,150,-1,,,,,,,,,False,False,False,3.82724666595459,3.82724666595459,14.137113571166992,14.137113571166992,184.93853759765625,184.93853759765625,349.7811584472656,349.7811584472656,2023.96484375,2023.96484375,2099.6875,2099.6875,-1494.8515625,-1494.8515625
14144,1,150,0,3,23,A1,pct_button,50,,,-10.845224022865295,False,False,False,3.82724666595459,0.8526485562324524,14.137113571166992,4.569963455200195,184.93853759765625,184.93853759765625,349.7811584472656,349.7811584472656,2023.96484375,2023.96484375,2099.6875,2099.6875,-1494.8515625,-1494.8515625
14152,1,150,1,1,21,A1,pct_button,20,,,1.3334222435951233,True,True,False,0.8526485562324524,-17.11661148071289,4.569963455200195,39.66896057128906,184.93853759765625,482.7597351074219,349.7811584472656,435.03607177734375,2023.96484375,2471.775390625,2099.6875,1389.436767578125,-1494.8515625,2710.780029296875
