t,env_id,episode_id,step_in_ep,action_sub_idx,base_action_idx,target,type,pct,step,dir,reward,done,gate_ok,deviation_exploded,C1_before,C1_after,A1_before,A1_after,A2_before,A2_after,B2_before,B2_after,A3_before,A3_after,S3_before,S3_after,C3_before,C3_after
6176,5,60,-1,,,,,,,,,False,False,False,4.346781253814697,4.346781253814697,2.4164953231811523,2.4164953231811523,314.74365234375,314.74365234375,152.76898193359375,152.76898193359375,2920.044677734375,2920.044677734375,2863.480224609375,2863.480224609375,-1251.0771484375,-1251.0771484375
6176,5,60,0,9,37,C1,pct_button,20,,,1.6049604225158693,False,False,False,4.346781253814697,3.468555212020874,2.4164953231811523,2.547400712966919,314.74365234375,314.74365234375,152.76898193359375,152.76898193359375,2920.044677734375,2920.044677734375,2863.480224609375,2863.480224609375,-1251.0771484375,-1251.0771484375
6184,5,60,1,11,39,C1,pct_button,50,,,2.925971035957337,False,False,False,3.468555212020874,2.3202626705169678,2.547400712966919,2.273646831512451,314.74365234375,314.74365234375,152.76898193359375,152.76898193359375,2920.044677734375,2920.044677734375,2863.480224609375,2863.480224609375,-1251.0771484375,-1251.0771484375
6192,5,60,2,2,22,A1,pct_button,30,,,3.712324727773667,False,False,False,2.3202626705169678,2.025371551513672,2.273646831512451,0.7349790930747986,314.74365234375,314.74365234375,152.76898193359375,152.76898193359375,2920.044677734375,2920.044677734375,2863.480224609375,2863.480224609375,-1251.0771484375,-1251.0771484375
6200,5,60,3,12,40,C1,pct_button,100,,,9.378706892728806,True,True,False,2.025371551513672,16.473676681518555,0.7349790930747986,19.060428619384766,314.74365234375,262.1216735839844,152.76898193359375,472.76214599609375,2920.044677734375,2096.082763671875,2863.480224609375,2729.46875,-1251.0771484375,-1793.5955810546875
