t,env_id,episode_id,step_in_ep,action_sub_idx,base_action_idx,target,type,pct,step,dir,reward,done,gate_ok,deviation_exploded,C1_before,C1_after,A1_before,A1_after,A2_before,A2_after,B2_before,B2_after,A3_before,A3_after,S3_before,S3_after,C3_before,C3_after
27832,6,340,-1,,,,,,,,,False,False,False,8.268895149230957,8.268895149230957,17.39165496826172,17.39165496826172,164.576416015625,164.576416015625,265.93988037109375,265.93988037109375,2875.762451171875,2875.762451171875,1022.719970703125,1022.719970703125,2954.4892578125,2954.4892578125
27832,6,340,0,12,40,C1,pct_button,100,,,-35.53958511352539,False,False,False,8.268895149230957,0.8509635925292969,17.39165496826172,16.9188289642334,164.576416015625,164.576416015625,265.93988037109375,265.93988037109375,2875.762451171875,2875.762451171875,1022.719970703125,1022.719970703125,2954.4892578125,2954.4892578125
27840,6,340,1,11,39,C1,pct_button,50,,,-36.24411916732788,False,False,False,0.8509635925292969,1.2710292339324951,16.9188289642334,16.851030349731445,164.576416015625,164.576416015625,265.93988037109375,265.93988037109375,2875.762451171875,2875.762451171875,1022.719970703125,1022.719970703125,2954.4892578125,2954.4892578125
27848,6,340,2,0,20,A1,pct_button,10,,,-12.887702941894531,False,False,False,1.2710292339324951,0.9965872764587402,16.851030349731445,5.447264194488525,164.576416015625,164.576416015625,265.93988037109375,265.93988037109375,2875.762451171875,2875.762451171875,1022.719970703125,1022.719970703125,2954.4892578125,2954.4892578125
27856,6,340,3,1,21,A1,pct_button,20,,,-0.0980689525604248,True,True,False,0.9965872764587402,4.973551273345947,5.447264194488525,48.5072135925293,164.576416015625,164.9668731689453,265.93988037109375,179.38357543945312,2875.762451171875,1149.483154296875,1022.719970703125,1346.8985595703125,2954.4892578125,1459.5311279296875
