t,env_id,episode_id,step_in_ep,action_sub_idx,base_action_idx,target,type,pct,step,dir,reward,done,gate_ok,deviation_exploded,C1_before,C1_after,A1_before,A1_after,A2_before,A2_after,B2_before,B2_after,A3_before,A3_after,S3_before,S3_after,C3_before,C3_after
18376,3,190,-1,,,,,,,,,False,False,False,1.9551416635513306,1.9551416635513306,43.655662536621094,43.655662536621094,444.3351745605469,444.3351745605469,348.2294921875,348.2294921875,2563.920166015625,2563.920166015625,2632.685302734375,2632.685302734375,-2665.460693359375,-2665.460693359375
18376,3,190,0,0,20,A1,pct_button,10,,,-30.417585134506226,False,False,False,1.9551416635513306,1.0966633558273315,43.655662536621094,14.112129211425781,444.3351745605469,444.3351745605469,348.2294921875,348.2294921875,2563.920166015625,2563.920166015625,2632.685302734375,2632.685302734375,-2665.460693359375,-2665.460693359375
18384,3,190,1,12,40,C1,pct_button,100,,,-30.417585134506226,False,False,False,1.0966633558273315,1.0966633558273315,14.112129211425781,14.112129211425781,444.3351745605469,444.3351745605469,348.2294921875,348.2294921875,2563.920166015625,2563.920166015625,2632.685302734375,2632.685302734375,-2665.460693359375,-2665.460693359375
18392,3,190,2,0,20,A1,pct_button,10,,,-10.44905698299408,False,False,False,1.0966633558273315,0.662641704082489,14.112129211425781,4.561886787414551,444.3351745605469,444.3351745605469,348.2294921875,348.2294921875,2563.920166015625,2563.920166015625,2632.685302734375,2632.685302734375,-2665.460693359375,-2665.460693359375
18400,3,190,3,4,24,A1,pct_button,100,,,1.4137483835220337,True,True,False,0.662641704082489,-10.0241060256958,4.561886787414551,48.093868255615234,444.3351745605469,297.341064453125,348.2294921875,322.492919921875,2563.920166015625,1635.3333740234375,2632.685302734375,2322.591064453125,-2665.460693359375,2157.329345703125
