t,env_id,episode_id,step_in_ep,action_sub_idx,base_action_idx,target,type,pct,step,dir,reward,done,gate_ok,deviation_exploded,C1_before,C1_after,A1_before,A1_after,A2_before,A2_after,B2_before,B2_after,A3_before,A3_after,S3_before,S3_after,C3_before,C3_after
41520,6,550,-1,,,,,,,,,False,False,False,11.059056282043457,11.059056282043457,5.163982391357422,5.163982391357422,329.2074890136719,329.2074890136719,226.5064697265625,226.5064697265625,2620.59716796875,2620.59716796875,2080.697021484375,2080.697021484375,-2074.961181640625,-2074.961181640625
41520,6,550,0,12,40,C1,pct_button,100,,,-21.07913589477539,False,False,False,11.059056282043457,-5.593580722808838,5.163982391357422,4.945987224578857,329.2074890136719,329.2074890136719,226.5064697265625,226.5064697265625,2620.59716796875,2620.59716796875,2080.697021484375,2080.697021484375,-2074.961181640625,-2074.961181640625
41528,6,550,1,1,21,A1,pct_button,20,,,-14.795754432678223,False,False,False,-5.593580722808838,-5.799037456512451,4.945987224578857,1.5988397598266602,329.2074890136719,329.2074890136719,226.5064697265625,226.5064697265625,2620.59716796875,2620.59716796875,2080.697021484375,2080.697021484375,-2074.961181640625,-2074.961181640625
41536,6,550,2,12,40,C1,pct_button,100,,,1.3288940489292145,True,True,False,-5.799037456512451,12.396902084350586,1.5988397598266602,7.136054039001465,329.2074890136719,134.08253479003906,226.5064697265625,299.9307556152344,2620.59716796875,1124.64892578125,2080.697021484375,1507.2724609375,-2074.961181640625,1226.1292724609375
