t,env_id,episode_id,step_in_ep,action_sub_idx,base_action_idx,target,type,pct,step,dir,reward,done,gate_ok,deviation_exploded,C1_before,C1_after,A1_before,A1_after
31736,6,310,-1,,,,,,,,,False,True,False,0.6832389235496521,0.6832389235496521,4.262690544128418,4.262690544128418
31736,6,310,0,0,20,A1,pct_button,10,,,10.243920006752013,True,True,False,0.6832389235496521,16.95433235168457,4.262690544128418,37.99159622192383
