t,env_id,episode_id,step_in_ep,action_sub_idx,base_action_idx,target,type,pct,step,dir,reward,done,gate_ok,deviation_exploded,C1_before,C1_after,A1_before,A1_after
4352,6,30,-1,,,,,,,,,False,False,False,1.6640349626541138,1.6640349626541138,9.46988582611084,9.46988582611084
4352,6,30,0,8,36,C1,pct_button,15,,,1.1258983159065232,False,False,False,1.6640349626541138,1.3350902795791626,9.46988582611084,9.337608337402344
4360,6,30,1,9,37,C1,pct_button,20,,,0.17574259042739881,False,False,False,1.3350902795791626,1.2340394258499146,9.337608337402344,9.452654838562012
4368,6,30,2,6,34,C1,pct_button,5,,,0.3877172660827648,False,False,False,1.2340394258499146,1.1464104652404785,9.452654838562012,9.447362899780273
4376,6,30,3,2,22,A1,pct_button,30,,,6.229784293770791,False,False,False,1.1464104652404785,0.3843158781528473,9.447362899780273,7.1650590896606445
4384,6,30,4,1,21,A1,pct_button,20,,,3.807875010892749,False,False,False,0.3843158781528473,-0.03791336342692375,7.1650590896606445,5.65949821472168
4392,6,30,5,12,40,C1,pct_button,100,,,-4.549777304232121,False,False,False,-0.03791336342692375,1.754553198814392,5.65949821472168,6.293224811553955
4400,6,30,6,8,36,C1,pct_button,15,,,0.42279613494873103,False,False,False,1.754553198814392,1.6000876426696777,6.293224811553955,6.310397148132324
4408,6,30,7,4,24,A1,pct_button,100,,,19.14587590008974,True,True,False,1.6000876426696777,-0.7137598395347595,6.310397148132324,41.72966003417969
