t,env_id,episode_id,step_in_ep,action_sub_idx,base_action_idx,target,type,pct,step,dir,reward,done,gate_ok,deviation_exploded,C1_before,C1_after,A1_before,A1_after,A2_before,A2_after,B2_before,B2_after,A3_before,A3_after,S3_before,S3_after,C3_before,C3_after
33912,1,430,-1,,,,,,,,,False,False,False,-1.332578420639038,-1.332578420639038,10.985533714294434,10.985533714294434,136.03961181640625,136.03961181640625,232.20921325683594,232.20921325683594,2950.6943359375,2950.6943359375,2189.866455078125,2189.866455078125,899.1383056640625,899.1383056640625
33912,1,430,0,3,23,A1,pct_button,50,,,-11.827879428863525,False,False,False,-1.332578420639038,-2.3627560138702393,10.985533714294434,3.5511837005615234,136.03961181640625,136.03961181640625,232.20921325683594,232.20921325683594,2950.6943359375,2950.6943359375,2189.866455078125,2189.866455078125,899.1383056640625,899.1383056640625
33920,1,430,1,3,23,A1,pct_button,50,,,-4.955082893371582,False,False,False,-2.3627560138702393,-1.3295857906341553,3.5511837005615234,1.1479556560516357,136.03961181640625,136.03961181640625,232.20921325683594,232.20921325683594,2950.6943359375,2950.6943359375,2189.866455078125,2189.866455078125,899.1383056640625,899.1383056640625
33928,1,430,2,12,40,C1,pct_button,100,,,1.2906506061553955,True,True,False,-1.3295857906341553,16.645017623901367,1.1479556560516357,30.110233306884766,136.03961181640625,102.66697692871094,232.20921325683594,297.5823974609375,2950.6943359375,1707.6942138671875,2189.866455078125,1323.6297607421875,899.1383056640625,-1274.4810791015625
