t,env_id,episode_id,step_in_ep,action_sub_idx,base_action_idx,target,type,pct,step,dir,reward,done,gate_ok,deviation_exploded,C1_before,C1_after,A1_before,A1_after,A2_before,A2_after,B2_before,B2_after,A3_before,A3_after,S3_before,S3_after,C3_before,C3_after
49408,3,680,-1,,,,,,,,,False,False,False,-8.140795707702637,-8.140795707702637,22.48524284362793,22.48524284362793,444.5195007324219,444.5195007324219,395.226318359375,395.226318359375,2922.10107421875,2922.10107421875,2571.897705078125,2571.897705078125,-1456.811279296875,-1456.811279296875
49408,3,680,0,12,40,C1,pct_button,100,,,-48.93732833862305,False,False,False,-8.140795707702637,-3.7561206817626953,22.48524284362793,20.712543487548828,444.5195007324219,444.5195007324219,395.226318359375,395.226318359375,2922.10107421875,2922.10107421875,2571.897705078125,2571.897705078125,-1456.811279296875,-1456.811279296875
49416,3,680,1,1,21,A1,pct_button,20,,,-23.067869186401367,False,False,False,-3.7561206817626953,-4.838397979736328,20.712543487548828,6.6955366134643555,444.5195007324219,444.5195007324219,395.226318359375,395.226318359375,2922.10107421875,2922.10107421875,2571.897705078125,2571.897705078125,-1456.811279296875,-1456.811279296875
49424,3,680,2,1,21,A1,pct_button,20,,,-14.548262596130371,False,False,False,-4.838397979736328,-5.109732151031494,6.6955366134643555,2.1643991470336914,444.5195007324219,444.5195007324219,395.226318359375,395.226318359375,2922.10107421875,2922.10107421875,2571.897705078125,2571.897705078125,-1456.811279296875,-1456.811279296875
49432,3,680,3,12,40,C1,pct_button,100,,,-1.0601006746292114,True,True,False,-5.109732151031494,-1.485076904296875,2.1643991470336914,15.380450248718262,444.5195007324219,477.7638854980469,395.226318359375,162.7590789794922,2922.10107421875,2431.813720703125,2571.897705078125,1149.35693359375,-1456.811279296875,-1542.97265625
