t,env_id,episode_id,step_in_ep,action_sub_idx,base_action_idx,target,type,pct,step,dir,reward,done,gate_ok,deviation_exploded,C1_before,C1_after,A1_before,A1_after
21952,7,50,-1,,,,,,,,,False,True,False,-1.8245333433151245,-1.8245333433151245,3.2426917552948,3.2426917552948
21952,7,50,0,1,21,A1,pct_button,20,,,11.88710330426693,True,True,False,-1.8245333433151245,10.87171459197998,3.2426917552948,17.96266746520996
