t,env_id,episode_id,step_in_ep,action_sub_idx,base_action_idx,target,type,pct,step,dir,reward,done,gate_ok,deviation_exploded,C1_before,C1_after,A1_before,A1_after,A2_before,A2_after,B2_before,B2_after,A3_before,A3_after,S3_before,S3_after,C3_before,C3_after
13848,2,120,-1,,,,,,,,,False,False,False,3.530045747756958,3.530045747756958,14.705789566040039,14.705789566040039,387.30169677734375,387.30169677734375,183.9774627685547,183.9774627685547,2984.53662109375,2984.53662109375,1548.7423095703125,1548.7423095703125,-1447.162353515625,-1447.162353515625
13848,2,120,0,3,23,A1,pct_button,50,,,29.529315004348753,False,False,False,3.530045747756958,0.5433809757232666,14.705789566040039,2.95780873298645,387.30169677734375,387.30169677734375,183.9774627685547,183.9774627685547,2984.53662109375,2984.53662109375,1548.7423095703125,1548.7423095703125,-1447.162353515625,-1447.162353515625
13856,2,120,1,2,22,A1,pct_button,30,,,7.244834082722664,True,True,False,0.5433809757232666,-8.716385841369629,2.95780873298645,26.169143676757812,387.30169677734375,295.8332214355469,183.9774627685547,417.59051513671875,2984.53662109375,1497.4852294921875,1548.7423095703125,1770.230712890625,-1447.162353515625,-1593.957275390625
