t,env_id,episode_id,step_in_ep,action_sub_idx,base_action_idx,target,type,pct,step,dir,reward,done,gate_ok,deviation_exploded,C1_before,C1_after,A1_before,A1_after,A2_before,A2_after,B2_before,B2_after,A3_before,A3_after,S3_before,S3_after,C3_before,C3_after
11760,6,110,-1,,,,,,,,,False,True,False,0.8020058870315552,0.8020058870315552,0.26475200057029724,0.26475200057029724,110.904296875,110.904296875,445.0358581542969,445.0358581542969,2481.527099609375,2481.527099609375,1917.7735595703125,1917.7735595703125,2139.290771484375,2139.290771484375
11760,6,110,0,0,20,A1,pct_button,10,,,4.89978893250227,True,True,False,0.8020058870315552,2.062920331954956,0.26475200057029724,14.613595962524414,110.904296875,172.7522430419922,445.0358581542969,216.73748779296875,2481.527099609375,1483.7271728515625,1917.7735595703125,1425.4615478515625,2139.290771484375,2129.08251953125
