t,env_id,episode_id,step_in_ep,action_sub_idx,base_action_idx,target,type,pct,step,dir,reward,done,gate_ok,deviation_exploded,C1_before,C1_after,A1_before,A1_after
31368,4,320,-1,,,,,,,,,False,False,False,-0.7055426836013794,-0.7055426836013794,15.79518985748291,15.79518985748291
31368,4,320,0,1,21,A1,pct_button,20,,,18.28592355966568,False,False,False,-0.7055426836013794,-1.575825810432434,15.79518985748291,5.851215362548828
31376,4,320,1,10,38,C1,pct_button,30,,,0.9042054748535155,False,False,False,-1.575825810432434,-1.1149048805236816,5.851215362548828,5.925436973571777
31384,4,320,2,5,33,C1,pct_button,1,,,0.1308068370819091,False,False,False,-1.1149048805236816,-1.1149048805236816,5.925436973571777,5.925436973571777
31392,4,320,3,9,37,C1,pct_button,20,,,1.0978160250186926,False,False,False,-1.1149048805236816,-0.5776177048683167,5.925436973571777,5.974335670471191
31400,4,320,4,8,36,C1,pct_button,15,,,-0.36299005389213534,False,False,False,-0.5776177048683167,-0.5710096955299377,5.974335670471191,6.22540283203125
31408,4,320,5,7,35,C1,pct_button,10,,,0.12592825055122403,False,False,False,-0.5710096955299377,-0.5710096955299377,6.22540283203125,6.22540283203125
31416,4,320,6,0,20,A1,pct_button,10,,,12.135606380701066,True,True,False,-0.5710096955299377,-14.111886024475098,6.22540283203125,27.67631721496582
