t,env_id,episode_id,step_in_ep,action_sub_idx,base_action_idx,target,type,pct,step,dir,reward,done,gate_ok,deviation_exploded,C1_before,C1_after,A1_before,A1_after,A2_before,A2_after,B2_before,B2_after,A3_before,A3_after,S3_before,S3_after,C3_before,C3_after
12712,3,110,-1,,,,,,,,,False,False,False,3.9222939014434814,3.9222939014434814,29.018014907836914,29.018014907836914,275.33563232421875,275.33563232421875,248.97207641601562,248.97207641601562,1078.882568359375,1078.882568359375,1154.0740966796875,1154.0740966796875,1500.1126708984375,1500.1126708984375
12712,3,110,0,2,22,A1,pct_button,30,,,44.90753418803215,False,False,False,3.9222939014434814,0.6401931643486023,29.018014907836914,9.947222709655762,275.33563232421875,275.33563232421875,248.97207641601562,248.97207641601562,1078.882568359375,1078.882568359375,1154.0740966796875,1154.0740966796875,1500.1126708984375,1500.1126708984375
12720,3,110,1,0,20,A1,pct_button,10,,,12.448277039527893,False,False,False,0.6401931643486023,0.5255603790283203,9.947222709655762,3.876739978790283,275.33563232421875,275.33563232421875,248.97207641601562,248.97207641601562,1078.882568359375,1078.882568359375,1154.0740966796875,1154.0740966796875,1500.1126708984375,1500.1126708984375
12728,3,110,2,1,21,A1,pct_button,20,,,9.292886204719544,True,True,False,0.5255603790283203,-15.989788055419922,3.876739978790283,3.9727835655212402,275.33563232421875,274.19708251953125,248.97207641601562,461.8887023925781,1078.882568359375,2519.677978515625,1154.0740966796875,2700.814208984375,1500.1126708984375,-2099.546630859375
