t,env_id,episode_id,step_in_ep,action_sub_idx,base_action_idx,target,type,pct,step,dir,reward,done,gate_ok,deviation_exploded,C1_before,C1_after,A1_before,A1_after,A2_before,A2_after,B2_before,B2_after,A3_before,A3_after,S3_before,S3_after,C3_before,C3_after
42472,1,350,-1,,,,,,,,,False,False,False,-4.923276901245117,-4.923276901245117,24.888832092285156,24.888832092285156,354.2482604980469,354.2482604980469,298.378662109375,298.378662109375,2463.699462890625,2463.699462890625,2994.37744140625,2994.37744140625,-949.3323364257812,-949.3323364257812
42472,1,350,0,7,35,C1,pct_button,10,,,0.5862421798706074,False,False,False,-4.923276901245117,-4.923276901245117,24.888832092285156,24.888832092285156,354.2482604980469,354.2482604980469,298.378662109375,298.378662109375,2463.699462890625,2463.699462890625,2994.37744140625,2994.37744140625,-949.3323364257812,-949.3323364257812
42480,1,350,1,2,22,A1,pct_button,30,,,0.5862421798706074,False,False,False,-4.923276901245117,-4.923276901245117,24.888832092285156,24.888832092285156,354.2482604980469,354.2482604980469,298.378662109375,298.378662109375,2463.699462890625,2463.699462890625,2994.37744140625,2994.37744140625,-949.3323364257812,-949.3323364257812
42488,1,350,2,3,23,A1,pct_button,50,,,38.71215782642364,False,False,False,-4.923276901245117,-6.830562114715576,24.888832092285156,3.726033926010132,354.2482604980469,354.2482604980469,298.378662109375,298.378662109375,2463.699462890625,2463.699462890625,2994.37744140625,2994.37744140625,-949.3323364257812,-949.3323364257812
42496,1,350,3,12,40,C1,pct_button,100,,,10.285577486455441,False,False,False,-6.830562114715576,0.10289417207241058,3.726033926010132,5.3605475425720215,354.2482604980469,354.2482604980469,298.378662109375,298.378662109375,2463.699462890625,2463.699462890625,2994.37744140625,2994.37744140625,-949.3323364257812,-949.3323364257812
42504,1,350,4,1,21,A1,pct_button,20,,,13.529706680383534,True,True,False,0.10289417207241058,-16.155986785888672,5.3605475425720215,43.659400939941406,354.2482604980469,293.8865966796875,298.378662109375,447.9440612792969,2463.699462890625,2466.30126953125,2994.37744140625,2060.632080078125,-949.3323364257812,-1184.7913818359375
