t,env_id,episode_id,step_in_ep,action_sub_idx,base_action_idx,target,type,pct,step,dir,reward,done,gate_ok,deviation_exploded,C1_before,C1_after,A1_before,A1_after,A2_before,A2_after,B2_before,B2_after,A3_before,A3_after,S3_before,S3_after,C3_before,C3_after
44920,6,590,-1,,,,,,,,,False,False,False,16.09036636352539,16.09036636352539,29.614501953125,29.614501953125,158.79649353027344,158.79649353027344,269.0190734863281,269.0190734863281,1411.5394287109375,1411.5394287109375,1922.6363525390625,1922.6363525390625,-2294.317626953125,-2294.317626953125
44920,6,590,0,1,21,A1,pct_button,20,,,-46.95042037963867,False,False,False,16.09036636352539,13.902026176452637,29.614501953125,9.5731840133667,158.79649353027344,158.79649353027344,269.0190734863281,269.0190734863281,1411.5394287109375,1411.5394287109375,1922.6363525390625,1922.6363525390625,-2294.317626953125,-2294.317626953125
44928,6,590,1,12,40,C1,pct_button,100,,,-27.809324264526367,False,False,False,13.902026176452637,4.678360939025879,9.5731840133667,9.226301193237305,158.79649353027344,158.79649353027344,269.0190734863281,269.0190734863281,1411.5394287109375,1411.5394287109375,1922.6363525390625,1922.6363525390625,-2294.317626953125,-2294.317626953125
44936,6,590,2,2,22,A1,pct_button,30,,,-13.539300441741943,False,False,False,4.678360939025879,3.787156105041504,9.226301193237305,2.9824941158294678,158.79649353027344,158.79649353027344,269.0190734863281,269.0190734863281,1411.5394287109375,1411.5394287109375,1922.6363525390625,1922.6363525390625,-2294.317626953125,-2294.317626953125
44944,6,590,3,12,40,C1,pct_button,100,,,-0.4031609296798706,True,True,False,3.787156105041504,1.6322041749954224,2.9824941158294678,21.893463134765625,158.79649353027344,269.6668395996094,269.0190734863281,288.15362548828125,1411.5394287109375,2527.193603515625,1922.6363525390625,2681.151123046875,-2294.317626953125,-1827.1619873046875
