t,env_id,episode_id,step_in_ep,action_sub_idx,base_action_idx,target,type,pct,step,dir,reward,done,gate_ok,deviation_exploded,C1_before,C1_after,A1_before,A1_after,A2_before,A2_after,B2_before,B2_after,A3_before,A3_after,S3_before,S3_after,C3_before,C3_after
7560,2,70,-1,,,,,,,,,False,False,False,6.21461820602417,6.21461820602417,36.080135345458984,36.080135345458984,327.0130920410156,327.0130920410156,311.0743408203125,311.0743408203125,2244.19873046875,2244.19873046875,2884.370849609375,2884.370849609375,-978.6890869140625,-978.6890869140625
7560,2,70,0,1,21,A1,pct_button,20,,,0.8358950710296591,False,False,False,6.21461820602417,6.21461820602417,36.080135345458984,36.080135345458984,327.0130920410156,327.0130920410156,311.0743408203125,311.0743408203125,2244.19873046875,2244.19873046875,2884.370849609375,2884.370849609375,-978.6890869140625,-978.6890869140625
7568,2,70,1,7,35,C1,pct_button,10,,,0.8358950710296591,False,False,False,6.21461820602417,6.21461820602417,36.080135345458984,36.080135345458984,327.0130920410156,327.0130920410156,311.0743408203125,311.0743408203125,2244.19873046875,2244.19873046875,2884.370849609375,2884.370849609375,-978.6890869140625,-978.6890869140625
7576,2,70,2,3,23,A1,pct_button,50,,,56.48438590288162,False,False,False,6.21461820602417,1.5946093797683716,36.080135345458984,12.59484577178955,327.0130920410156,327.0130920410156,311.0743408203125,311.0743408203125,2244.19873046875,2244.19873046875,2884.370849609375,2884.370849609375,-978.6890869140625,-978.6890869140625
7584,2,70,3,1,21,A1,pct_button,20,,,16.768384466171263,False,False,False,1.5946093797683716,0.9865999221801758,12.59484577178955,4.872251510620117,327.0130920410156,327.0130920410156,311.0743408203125,311.0743408203125,2244.19873046875,2244.19873046875,2884.370849609375,2884.370849609375,-978.6890869140625,-978.6890869140625
7592,2,70,4,0,20,A1,pct_button,10,,,10.179775416851044,True,True,False,0.9865999221801758,14.674668312072754,4.872251510620117,29.99163818359375,327.0130920410156,392.4355163574219,311.0743408203125,178.33445739746094,2244.19873046875,1014.6381225585938,2884.370849609375,2516.5205078125,-978.6890869140625,-2081.06640625
