t,env_id,episode_id,step_in_ep,action_sub_idx,base_action_idx,target,type,pct,step,dir,reward,done,gate_ok,deviation_exploded,C1_before,C1_after,A1_before,A1_after,A2_before,A2_after,B2_before,B2_after,A3_before,A3_after,S3_before,S3_after,C3_before,C3_after
27224,2,320,-1,,,,,,,,,False,False,False,2.825679063796997,2.825679063796997,20.189077377319336,20.189077377319336,257.19610595703125,257.19610595703125,180.1082000732422,180.1082000732422,2015.7086181640625,2015.7086181640625,1062.822021484375,1062.822021484375,2222.765625,2222.765625
27224,2,320,0,3,23,A1,pct_button,50,,,-14.565707445144653,False,False,False,2.825679063796997,-0.7565323114395142,20.189077377319336,6.5263214111328125,257.19610595703125,257.19610595703125,180.1082000732422,180.1082000732422,2015.7086181640625,2015.7086181640625,1062.822021484375,1062.822021484375,2222.765625,2222.765625
27232,2,320,1,4,24,A1,pct_button,100,,,-7.946937799453735,False,False,False,-0.7565323114395142,-1.8637703657150269,6.5263214111328125,2.109698534011841,257.19610595703125,257.19610595703125,180.1082000732422,180.1082000732422,2015.7086181640625,2015.7086181640625,1062.822021484375,1062.822021484375,2222.765625,2222.765625
27240,2,320,2,12,40,C1,pct_button,100,,,-6.291540503501892,False,False,False,-1.8637703657150269,-0.29346245527267456,2.109698534011841,2.8523077964782715,257.19610595703125,257.19610595703125,180.1082000732422,180.1082000732422,2015.7086181640625,2015.7086181640625,1062.822021484375,1062.822021484375,2222.765625,2222.765625
27248,2,320,3,11,39,C1,pct_button,50,,,-0.1980113983154297,True,True,False,-0.29346245527267456,1.5224418640136719,2.8523077964782715,24.7523136138916,257.19610595703125,204.25660705566406,180.1082000732422,154.52951049804688,2015.7086181640625,2849.236572265625,1062.822021484375,2287.451171875,2222.765625,-1153.9892578125
