t,env_id,episode_id,step_in_ep,action_sub_idx,base_action_idx,target,type,pct,step,dir,reward,done,gate_ok,deviation_exploded,C1_before,C1_after,A1_before,A1_after,A2_before,A2_after,B2_before,B2_after,A3_before,A3_after,S3_before,S3_after,C3_before,C3_after
23864,5,200,-1,,,,,,,,,False,False,False,6.825645446777344,6.825645446777344,40.66184997558594,40.66184997558594,498.12945556640625,498.12945556640625,132.1349334716797,132.1349334716797,2089.850341796875,2089.850341796875,1416.1846923828125,1416.1846923828125,2226.248291015625,2226.248291015625
23864,5,200,0,0,20,A1,pct_button,10,,,40.8967122745514,False,False,False,6.825645446777344,5.488770008087158,40.66184997558594,21.81844139099121,498.12945556640625,498.12945556640625,132.1349334716797,132.1349334716797,2089.850341796875,2089.850341796875,1416.1846923828125,1416.1846923828125,2226.248291015625,2226.248291015625
23872,5,200,1,2,22,A1,pct_button,30,,,41.57192869663239,False,False,False,5.488770008087158,3.067760944366455,21.81844139099121,3.5143067836761475,498.12945556640625,498.12945556640625,132.1349334716797,132.1349334716797,2089.850341796875,2089.850341796875,1416.1846923828125,1416.1846923828125,2226.248291015625,2226.248291015625
23880,5,200,2,11,39,C1,pct_button,50,,,4.553593658208847,False,False,False,3.067760944366455,0.9564573168754578,3.5143067836761475,3.3872506618499756,498.12945556640625,498.12945556640625,132.1349334716797,132.1349334716797,2089.850341796875,2089.850341796875,1416.1846923828125,1416.1846923828125,2226.248291015625,2226.248291015625
23888,5,200,3,12,40,C1,pct_button,100,,,2.623780267238617,False,False,False,0.9564573168754578,0.18499267101287842,3.3872506618499756,2.872399091720581,498.12945556640625,498.12945556640625,132.1349334716797,132.1349334716797,2089.850341796875,2089.850341796875,1416.1846923828125,1416.1846923828125,2226.248291015625,2226.248291015625
23896,5,200,4,1,21,A1,pct_button,20,,,6.6074141126871115,True,True,False,0.18499267101287842,-7.883969306945801,2.872399091720581,0.892621636390686,498.12945556640625,403.2902526855469,132.1349334716797,488.6445007324219,2089.850341796875,2245.26513671875,1416.1846923828125,1595.6434326171875,2226.248291015625,1341.054443359375
