t,env_id,episode_id,step_in_ep,action_sub_idx,base_action_idx,target,type,pct,step,dir,reward,done,gate_ok,deviation_exploded,C1_before,C1_after,A1_before,A1_after
31568,7,310,-1,,,,,,,,,False,False,False,-5.701569080352783,-5.701569080352783,10.869302749633789,10.869302749633789
31568,7,310,0,5,33,C1,pct_button,1,,,0.46953279495239086,False,False,False,-5.701569080352783,-5.61215877532959,10.869302749633789,10.883907318115234
31576,7,310,1,1,21,A1,pct_button,20,,,0.31992132186889477,False,False,False,-5.61215877532959,-5.61215877532959,10.883907318115234,10.883907318115234
31584,7,310,2,12,40,C1,pct_button,100,,,2.919584066867829,False,False,False,-5.61215877532959,1.8591896295547485,10.883907318115234,13.323915481567383
31592,7,310,3,2,22,A1,pct_button,30,,,19.440368704795834,False,False,False,1.8591896295547485,1.2662055492401123,13.323915481567383,4.246845722198486
31600,7,310,4,12,40,C1,pct_button,100,,,4.63977927684784,False,False,False,1.2662055492401123,-0.5489077568054199,4.246845722198486,2.671457529067993
31608,7,310,5,7,35,C1,pct_button,10,,,0.6221647304296496,False,False,False,-0.5489077568054199,-0.3934236466884613,2.671457529067993,2.5401954650878906
31616,7,310,6,12,40,C1,pct_button,100,,,-0.7962023431062699,False,False,False,-0.3934236466884613,0.48912104964256287,2.5401954650878906,2.8712024688720703
31624,7,310,7,12,40,C1,pct_button,100,,,6.518259187936783,True,True,False,0.48912104964256287,9.805970191955566,2.8712024688720703,3.88031005859375
