t,env_id,episode_id,step_in_ep,action_sub_idx,base_action_idx,target,type,pct,step,dir,reward,done,gate_ok,deviation_exploded,C1_before,C1_after,A1_before,A1_after,A2_before,A2_after,B2_before,B2_after,A3_before,A3_after,S3_before,S3_after,C3_before,C3_after
18960,7,200,-1,,,,,,,,,False,True,False,0.22633233666419983,0.22633233666419983,7.127702236175537,7.127702236175537,448.8418273925781,448.8418273925781,268.67999267578125,268.67999267578125,1601.6474609375,1601.6474609375,1178.6107177734375,1178.6107177734375,-2625.1796875,-2625.1796875
18960,7,200,0,1,21,A1,pct_button,20,,,-0.06624791026115417,True,True,False,0.22633233666419983,16.936628341674805,7.127702236175537,39.18185806274414,448.8418273925781,398.7474365234375,268.67999267578125,294.33892822265625,1601.6474609375,2056.548583984375,1178.6107177734375,1895.4881591796875,-2625.1796875,-2258.6318359375
