t,env_id,episode_id,step_in_ep,action_sub_idx,base_action_idx,target,type,pct,step,dir,reward,done,gate_ok,deviation_exploded,C1_before,C1_after,A1_before,A1_after,A2_before,A2_after,B2_before,B2_after,A3_before,A3_after,S3_before,S3_after,C3_before,C3_after
41776,4,560,-1,,,,,,,,,False,False,False,-12.630990028381348,-12.630990028381348,5.9256696701049805,5.9256696701049805,255.72650146484375,255.72650146484375,286.703857421875,286.703857421875,1627.7149658203125,1627.7149658203125,1064.9215087890625,1064.9215087890625,1522.84765625,1522.84765625
41776,4,560,0,12,40,C1,pct_button,100,,,-13.026914954185486,False,False,False,-12.630990028381348,0.38322752714157104,5.9256696701049805,6.130229949951172,255.72650146484375,255.72650146484375,286.703857421875,286.703857421875,1627.7149658203125,1627.7149658203125,1064.9215087890625,1064.9215087890625,1522.84765625,1522.84765625
41784,4,560,1,0,20,A1,pct_button,10,,,0.6156252324581146,True,True,False,0.38322752714157104,-1.5692580938339233,6.130229949951172,46.90201950073242,255.72650146484375,479.1865539550781,286.703857421875,490.6383056640625,1627.7149658203125,1371.6234130859375,1064.9215087890625,1958.5440673828125,1522.84765625,1876.741943359375
