t,env_id,episode_id,step_in_ep,action_sub_idx,base_action_idx,target,type,pct,step,dir,reward,done,gate_ok,deviation_exploded,C1_before,C1_after,A1_before,A1_after,A2_before,A2_after,B2_before,B2_after,A3_before,A3_after,S3_before,S3_after,C3_before,C3_after
47792,1,650,-1,,,,,,,,,False,False,False,4.580944061279297,4.580944061279297,12.661886215209961,12.661886215209961,417.1851806640625,417.1851806640625,468.6875915527344,468.6875915527344,2200.2607421875,2200.2607421875,2432.613037109375,2432.613037109375,2385.991455078125,2385.991455078125
47792,1,650,0,0,20,A1,pct_button,10,,,-16.374032020568848,False,False,False,4.580944061279297,4.093935012817383,12.661886215209961,4.093080997467041,417.1851806640625,417.1851806640625,468.6875915527344,468.6875915527344,2200.2607421875,2200.2607421875,2432.613037109375,2432.613037109375,2385.991455078125,2385.991455078125
47800,1,650,1,2,22,A1,pct_button,30,,,-10.480645656585693,False,False,False,4.093935012817383,3.9171934127807617,4.093080997467041,1.323129415512085,417.1851806640625,417.1851806640625,468.6875915527344,468.6875915527344,2200.2607421875,2200.2607421875,2432.613037109375,2432.613037109375,2385.991455078125,2385.991455078125
47808,1,650,2,2,22,A1,pct_button,30,,,-9.240022659301758,False,False,False,3.9171934127807617,4.192296504974365,1.323129415512085,0.42771482467651367,417.1851806640625,417.1851806640625,468.6875915527344,468.6875915527344,2200.2607421875,2200.2607421875,2432.613037109375,2432.613037109375,2385.991455078125,2385.991455078125
47816,1,650,3,12,40,C1,pct_button,100,,,2.1596191227436066,True,True,False,4.192296504974365,13.919576644897461,0.42771482467651367,20.346086502075195,417.1851806640625,243.03550720214844,468.6875915527344,433.6214599609375,2200.2607421875,1612.9622802734375,2432.613037109375,2335.523193359375,2385.991455078125,-1334.0130615234375
