t,env_id,episode_id,step_in_ep,action_sub_idx,base_action_idx,target,type,pct,step,dir,reward,done,gate_ok,deviation_exploded,C1_before,C1_after,A1_before,A1_after,A2_before,A2_after,B2_before,B2_after,A3_before,A3_after,S3_before,S3_after,C3_before,C3_after
32280,2,390,-1,,,,,,,,,False,False,False,-2.032984972000122,-2.032984972000122,31.378368377685547,31.378368377685547,386.7723083496094,386.7723083496094,336.64984130859375,336.64984130859375,1791.21728515625,1791.21728515625,2114.468994140625,2114.468994140625,-1851.78173828125,-1851.78173828125
32280,2,390,0,1,21,A1,pct_button,20,,,-26.684598922729492,False,False,False,-2.032984972000122,-3.198927879333496,31.378368377685547,10.14337158203125,386.7723083496094,386.7723083496094,336.64984130859375,336.64984130859375,1791.21728515625,1791.21728515625,2114.468994140625,2114.468994140625,-1851.78173828125,-1851.78173828125
32288,2,390,1,3,23,A1,pct_button,50,,,-14.243433952331543,False,False,False,-3.198927879333496,-3.84277081489563,10.14337158203125,3.2789461612701416,386.7723083496094,386.7723083496094,336.64984130859375,336.64984130859375,1791.21728515625,1791.21728515625,2114.468994140625,2114.468994140625,-1851.78173828125,-1851.78173828125
32296,2,390,2,4,24,A1,pct_button,100,,,-10.70468020439148,False,False,False,-3.84277081489563,-4.292387962341309,3.2789461612701416,1.0599521398544312,386.7723083496094,386.7723083496094,336.64984130859375,336.64984130859375,1791.21728515625,1791.21728515625,2114.468994140625,2114.468994140625,-1851.78173828125,-1851.78173828125
32304,2,390,3,1,21,A1,pct_button,20,,,-9.960274159908295,False,False,False,-4.292387962341309,-4.6374969482421875,1.0599521398544312,0.34264013171195984,386.7723083496094,386.7723083496094,336.64984130859375,336.64984130859375,1791.21728515625,1791.21728515625,2114.468994140625,2114.468994140625,-1851.78173828125,-1851.78173828125
32312,2,390,4,12,40,C1,pct_button,100,,,2.972454160451889,True,True,False,-4.6374969482421875,4.370754718780518,0.34264013171195984,30.100379943847656,386.7723083496094,103.20386505126953,336.64984130859375,294.8162841796875,1791.21728515625,2778.779052734375,2114.468994140625,2369.548095703125,-1851.78173828125,1674.5440673828125
