t,env_id,episode_id,step_in_ep,action_sub_idx,base_action_idx,target,type,pct,step,dir,reward,done,gate_ok,deviation_exploded,C1_before,C1_after,A1_before,A1_after,A2_before,A2_after,B2_before,B2_after,A3_before,A3_after,S3_before,S3_after,C3_before,C3_after
5368,7,50,-1,,,,,,,,,False,True,False,1.0724161863327026,1.0724161863327026,0.04545571655035019,0.04545571655035019,473.9107360839844,473.9107360839844,395.73260498046875,395.73260498046875,2220.9189453125,2220.9189453125,2031.67529296875,2031.67529296875,1373.8011474609375,1373.8011474609375
5368,7,50,0,9,37,C1,pct_button,20,,,4.8680138945579525,True,True,False,1.0724161863327026,-14.165291786193848,0.04545571655035019,48.520545959472656,473.9107360839844,220.51486206054688,395.73260498046875,281.1051330566406,2220.9189453125,1454.8834228515625,2031.67529296875,2181.5927734375,1373.8011474609375,1206.6065673828125
