t,env_id,episode_id,step_in_ep,action_sub_idx,base_action_idx,target,type,pct,step,dir,reward,done,gate_ok,deviation_exploded,C1_before,C1_after,A1_before,A1_after
36240,3,350,-1,,,,,,,,,False,False,False,-12.43170166015625,-12.43170166015625,22.35665512084961,22.35665512084961
36240,3,350,0,1,21,A1,pct_button,20,,,28.496635656356812,False,False,False,-12.43170166015625,-13.418804168701172,22.35665512084961,7.323659420013428
36248,3,350,1,6,34,C1,pct_button,5,,,1.5630001735687225,False,False,False,-13.418804168701172,-12.799506187438965,7.323659420013428,7.358032703399658
36256,3,350,2,10,38,C1,pct_button,30,,,7.588750839233397,False,False,False,-12.799506187438965,-9.133224487304688,7.358032703399658,7.390172958374023
36264,3,350,3,2,22,A1,pct_button,30,,,6.761299886703492,False,False,False,-9.133224487304688,-10.120833396911621,7.390172958374023,3.149618625640869
36272,3,350,4,6,34,C1,pct_button,5,,,1.2213571357727042,False,False,False,-10.120833396911621,-9.677513122558594,3.149618625640869,3.105086326599121
36280,3,350,5,12,40,C1,pct_button,100,,,27.86698513627052,True,True,False,-9.677513122558594,15.042120933532715,3.105086326599121,11.792874336242676
