t,env_id,episode_id,step_in_ep,action_sub_idx,base_action_idx,target,type,pct,step,dir,reward,done,gate_ok,deviation_exploded,C1_before,C1_after,A1_before,A1_after,A2_before,A2_after,B2_before,B2_after,A3_before,A3_after,S3_before,S3_after,C3_before,C3_after
24992,4,210,-1,,,,,,,,,False,False,False,10.887840270996094,10.887840270996094,29.06920623779297,29.06920623779297,217.98753356933594,217.98753356933594,301.1915283203125,301.1915283203125,1143.1851806640625,1143.1851806640625,1741.212158203125,1741.212158203125,1669.6873779296875,1669.6873779296875
24992,4,210,0,8,36,C1,pct_button,15,,,3.220457572937013,False,False,False,10.887840270996094,9.569498062133789,29.06920623779297,29.159610748291016,217.98753356933594,217.98753356933594,301.1915283203125,301.1915283203125,1143.1851806640625,1143.1851806640625,1741.212158203125,1741.212158203125,1669.6873779296875,1669.6873779296875
25000,4,210,1,3,23,A1,pct_button,50,,,47.9089674282074,False,False,False,9.569498062133789,6.532073497772217,29.159610748291016,8.386739730834961,217.98753356933594,217.98753356933594,301.1915283203125,301.1915283203125,1143.1851806640625,1143.1851806640625,1741.212158203125,1741.212158203125,1669.6873779296875,1669.6873779296875
25008,4,210,2,8,36,C1,pct_button,15,,,1.88534342765808,False,False,False,6.532073497772217,5.6957573890686035,8.386739730834961,8.41650676727295,217.98753356933594,217.98753356933594,301.1915283203125,301.1915283203125,1143.1851806640625,1143.1851806640625,1741.212158203125,1741.212158203125,1669.6873779296875,1669.6873779296875
25016,4,210,3,1,21,A1,pct_button,20,,,14.759844920635224,False,False,False,5.6957573890686035,5.146338939666748,8.41650676727295,1.6489557027816772,217.98753356933594,217.98753356933594,301.1915283203125,301.1915283203125,1143.1851806640625,1143.1851806640625,1741.212158203125,1741.212158203125,1669.6873779296875,1669.6873779296875
25024,4,210,4,12,40,C1,pct_button,100,,,16.265392210781574,True,True,False,5.146338939666748,16.030027389526367,1.6489557027816772,11.81620979309082,217.98753356933594,186.4081268310547,301.1915283203125,189.2506103515625,1143.1851806640625,1559.6346435546875,1741.212158203125,2824.85009765625,1669.6873779296875,-1649.58251953125
