t,env_id,episode_id,step_in_ep,action_sub_idx,base_action_idx,target,type,pct,step,dir,reward,done,gate_ok,deviation_exploded,C1_before,C1_after,A1_before,A1_after
10800,4,100,-1,,,,,,,,,False,False,False,18.801116943359375,18.801116943359375,36.8553352355957,36.8553352355957
10800,4,100,0,1,21,A1,pct_button,20,,,56.753263854980474,False,False,False,18.801116943359375,17.214157104492188,36.8553352355957,10.336166381835938
10808,4,100,1,12,40,C1,pct_button,100,,,38.89548932552338,False,False,False,17.214157104492188,-0.5237228870391846,10.336166381835938,7.655649662017822
10816,4,100,2,10,38,C1,pct_button,30,,,-0.178392857909204,False,False,False,-0.5237228870391846,-0.2895175516605377,7.655649662017822,8.05752182006836
10824,4,100,3,10,38,C1,pct_button,30,,,-0.5597925770282741,False,False,False,-0.2895175516605377,-0.6440206170082092,8.05752182006836,8.0650053024292
10832,4,100,4,1,21,A1,pct_button,20,,,16.590327095985415,True,True,False,-0.6440206170082092,-16.857847213745117,8.0650053024292,13.65732192993164
