t,env_id,episode_id,step_in_ep,action_sub_idx,base_action_idx,target,type,pct,step,dir,reward,done,gate_ok,deviation_exploded,C1_before,C1_after,A1_before,A1_after
2416,2,20,-1,,,,,,,,,False,False,False,-19.225486755371094,-19.225486755371094,5.621982097625732,5.621982097625732
2416,2,20,0,3,23,A1,pct_button,50,,,7.3568410944938645,False,False,False,-19.225486755371094,-20.651405334472656,5.621982097625732,0.7264212369918823
2424,2,20,1,11,39,C1,pct_button,50,,,35.028312036991125,False,False,False,-20.651405334472656,-3.2365057468414307,0.7264212369918823,0.6611412763595581
2432,2,20,2,5,33,C1,pct_button,1,,,0.15150899767875692,False,False,False,-3.2365057468414307,-3.19077205657959,0.6611412763595581,0.6646749377250671
2440,2,20,3,8,36,C1,pct_button,15,,,0.88038845539093,False,False,False,-3.19077205657959,-2.8408312797546387,0.6646749377250671,0.6038684844970703
2448,2,20,4,11,39,C1,pct_button,50,,,10.648137386441231,True,True,False,-2.8408312797546387,-10.545899391174316,0.6038684844970703,27.809600830078125
