t,env_id,episode_id,step_in_ep,action_sub_idx,base_action_idx,target,type,pct,step,dir,reward,done,gate_ok,deviation_exploded,C1_before,C1_after,A1_before,A1_after,A2_before,A2_after,B2_before,B2_after,A3_before,A3_after,S3_before,S3_after,C3_before,C3_after
18952,1,180,-1,,,,,,,,,False,False,False,-14.712911605834961,-14.712911605834961,0.1570480912923813,0.1570480912923813,326.422119140625,326.422119140625,391.423583984375,391.423583984375,1743.00634765625,1743.00634765625,2982.91455078125,2982.91455078125,-1534.7303466796875,-1534.7303466796875
18952,1,180,0,0,20,A1,pct_button,10,,,0.287399193942546,False,False,False,-14.712911605834961,-14.712911605834961,0.1570480912923813,0.1570480912923813,326.422119140625,326.422119140625,391.423583984375,391.423583984375,1743.00634765625,1743.00634765625,2982.91455078125,2982.91455078125,-1534.7303466796875,-1534.7303466796875
18960,1,180,1,0,20,A1,pct_button,10,,,0.6445750310271998,False,False,False,-14.712911605834961,-14.671441078186035,0.1570480912923813,0.018126782029867172,326.422119140625,326.422119140625,391.423583984375,391.423583984375,1743.00634765625,1743.00634765625,2982.91455078125,2982.91455078125,-1534.7303466796875,-1534.7303466796875
18968,1,180,2,5,33,C1,pct_button,1,,,0.5781734304130077,False,False,False,-14.671441078186035,-14.521441459655762,0.018126782029867172,0.01944858580827713,326.422119140625,326.422119140625,391.423583984375,391.423583984375,1743.00634765625,1743.00634765625,2982.91455078125,2982.91455078125,-1534.7303466796875,-1534.7303466796875
18976,1,180,3,2,22,A1,pct_button,30,,,-2.928464528918264,False,False,False,-14.521441459655762,-14.273661613464355,0.01944858580827713,1.8880780935287476,326.422119140625,326.422119140625,391.423583984375,391.423583984375,1743.00634765625,1743.00634765625,2982.91455078125,2982.91455078125,-1534.7303466796875,-1534.7303466796875
18984,1,180,4,12,40,C1,pct_button,100,,,33.58692822754383,True,True,False,-14.273661613464355,-11.46256160736084,1.8880780935287476,30.040334701538086,326.422119140625,323.7650146484375,391.423583984375,494.28955078125,1743.00634765625,1452.0438232421875,2982.91455078125,2796.58837890625,-1534.7303466796875,2275.27294921875
