t,env_id,episode_id,step_in_ep,action_sub_idx,base_action_idx,target,type,pct,step,dir,reward,done,gate_ok,deviation_exploded,C1_before,C1_after,A1_before,A1_after,A2_before,A2_after,B2_before,B2_after,A3_before,A3_after,S3_before,S3_after,C3_before,C3_after
24232,6,210,-1,,,,,,,,,False,False,False,2.182873010635376,2.182873010635376,20.087535858154297,20.087535858154297,148.544921875,148.544921875,247.05638122558594,247.05638122558594,1386.0361328125,1386.0361328125,2491.8447265625,2491.8447265625,2317.426025390625,2317.426025390625
24232,6,210,0,4,24,A1,pct_button,100,,,0.4354081773757963,False,False,False,2.182873010635376,2.182873010635376,20.087535858154297,20.087535858154297,148.544921875,148.544921875,247.05638122558594,247.05638122558594,1386.0361328125,1386.0361328125,2491.8447265625,2491.8447265625,2317.426025390625,2317.426025390625
24240,6,210,1,10,38,C1,pct_button,30,,,0.6071833872795105,False,False,False,2.182873010635376,1.910988688468933,20.087535858154297,20.27266502380371,148.544921875,148.544921875,247.05638122558594,247.05638122558594,1386.0361328125,1386.0361328125,2491.8447265625,2491.8447265625,2317.426025390625,2317.426025390625
24248,6,210,2,2,22,A1,pct_button,30,,,31.73160136938095,False,False,False,1.910988688468933,0.7962554693222046,20.27266502380371,5.580363750457764,148.544921875,148.544921875,247.05638122558594,247.05638122558594,1386.0361328125,1386.0361328125,2491.8447265625,2491.8447265625,2317.426025390625,2317.426025390625
24256,6,210,3,2,22,A1,pct_button,30,,,6.133627394437791,False,False,False,0.7962554693222046,0.6514546275138855,5.580363750457764,2.686732769012451,148.544921875,148.544921875,247.05638122558594,247.05638122558594,1386.0361328125,1386.0361328125,2491.8447265625,2491.8447265625,2317.426025390625,2317.426025390625
24264,6,210,4,3,23,A1,pct_button,50,,,5.645306420326233,True,True,False,0.6514546275138855,-6.731311321258545,2.686732769012451,43.57516860961914,148.544921875,268.5025939941406,247.05638122558594,102.09308624267578,1386.0361328125,2520.594482421875,2491.8447265625,1726.5751953125,2317.426025390625,2431.516845703125
