t,env_id,episode_id,step_in_ep,action_sub_idx,base_action_idx,target,type,pct,step,dir,reward,done,gate_ok,deviation_exploded,C1_before,C1_after,A1_before,A1_after
38072,5,280,-1,,,,,,,,,False,False,False,6.437180042266846,6.437180042266846,27.300355911254883,27.300355911254883
38072,5,280,0,4,24,A1,pct_button,100,,,60.34008475035429,False,False,False,6.437180042266846,-0.24712662398815155,27.300355911254883,3.351351737976074
38080,5,280,1,1,21,A1,pct_button,20,,,1.628466202244163,False,False,False,-0.24712662398815155,-0.051025863736867905,3.351351737976074,2.7562925815582275
38088,5,280,2,4,24,A1,pct_button,100,,,-0.9906125238537788,False,False,False,-0.051025863736867905,-2.322965621948242,2.7562925815582275,1.0079684257507324
38096,5,280,3,2,22,A1,pct_button,30,,,0.08113321304321254,False,False,False,-2.322965621948242,-2.2799317836761475,1.0079684257507324,1.038621187210083
38104,5,280,4,9,37,C1,pct_button,20,,,0.5127083897590639,False,False,False,-2.2799317836761475,-2.044992208480835,1.038621187210083,1.043087363243103
38112,5,280,5,5,33,C1,pct_button,1,,,0.10504871606826761,False,False,False,-2.044992208480835,-2.0036401748657227,1.043087363243103,1.057526707649231
38120,5,280,6,11,39,C1,pct_button,50,,,8.268258143365383,True,True,False,-2.0036401748657227,18.831430435180664,1.057526707649231,47.205970764160156
