t,env_id,episode_id,step_in_ep,action_sub_idx,base_action_idx,target,type,pct,step,dir,reward,done,gate_ok,deviation_exploded,C1_before,C1_after,A1_before,A1_after,A2_before,A2_after,B2_before,B2_after,A3_before,A3_after,S3_before,S3_after,C3_before,C3_after
4576,4,40,-1,,,,,,,,,False,False,False,-4.599266052246094,-4.599266052246094,5.531370639801025,5.531370639801025,354.0423889160156,354.0423889160156,304.97216796875,304.97216796875,1975.8748779296875,1975.8748779296875,1431.4754638671875,1431.4754638671875,-1281.01318359375,-1281.01318359375
4576,4,40,0,11,39,C1,pct_button,50,,,-16.228389263153076,False,False,False,-4.599266052246094,-2.0346195697784424,5.531370639801025,6.079575061798096,354.0423889160156,354.0423889160156,304.97216796875,304.97216796875,1975.8748779296875,1975.8748779296875,1431.4754638671875,1431.4754638671875,-1281.01318359375,-1281.01318359375
4584,4,40,1,0,20,A1,pct_button,10,,,-8.373431205749512,False,False,False,-2.0346195697784424,-2.2214322090148926,6.079575061798096,1.9652833938598633,354.0423889160156,354.0423889160156,304.97216796875,304.97216796875,1975.8748779296875,1975.8748779296875,1431.4754638671875,1431.4754638671875,-1281.01318359375,-1281.01318359375
4592,4,40,2,11,39,C1,pct_button,50,,,-8.045361280441284,False,False,False,-2.2214322090148926,-1.3724490404129028,1.9652833938598633,2.6502315998077393,354.0423889160156,354.0423889160156,304.97216796875,304.97216796875,1975.8748779296875,1975.8748779296875,1431.4754638671875,1431.4754638671875,-1281.01318359375,-1281.01318359375
4600,4,40,3,7,35,C1,pct_button,10,,,-8.045361280441284,False,False,False,-1.3724490404129028,-1.3724490404129028,2.6502315998077393,2.6502315998077393,354.0423889160156,354.0423889160156,304.97216796875,304.97216796875,1975.8748779296875,1975.8748779296875,1431.4754638671875,1431.4754638671875,-1281.01318359375,-1281.01318359375
4608,4,40,4,3,23,A1,pct_button,50,,,1.227784514427185,True,True,False,-1.3724490404129028,-0.4387091398239136,2.6502315998077393,2.2631592750549316,354.0423889160156,246.7332763671875,304.97216796875,188.02883911132812,1975.8748779296875,1222.814208984375,1431.4754638671875,2309.862548828125,-1281.01318359375,-1326.0704345703125
