t,env_id,episode_id,step_in_ep,action_sub_idx,base_action_idx,target,type,pct,step,dir,reward,done,gate_ok,deviation_exploded,C1_before,C1_after,A1_before,A1_after
40544,7,300,-1,,,,,,,,,False,False,False,6.97111177444458,6.97111177444458,18.178430557250977,18.178430557250977
40544,7,300,0,2,22,A1,pct_button,30,,,24.969656410217283,False,False,False,6.97111177444458,4.205539703369141,18.178430557250977,8.582050323486328
40552,7,300,1,6,34,C1,pct_button,5,,,0.7996645689010629,False,False,False,4.205539703369141,3.9434964656829834,8.582050323486328,8.564339637756348
40560,7,300,2,3,23,A1,pct_button,50,,,16.056482472419738,False,False,False,3.9434964656829834,2.2025671005249023,8.564339637756348,2.317225694656372
40568,7,300,3,11,39,C1,pct_button,50,,,7.653822079896927,True,True,False,2.2025671005249023,-6.927956581115723,2.317225694656372,37.1592903137207
