t,env_id,episode_id,step_in_ep,action_sub_idx,base_action_idx,target,type,pct,step,dir,reward,done,gate_ok,deviation_exploded,C1_before,C1_after,A1_before,A1_after,A2_before,A2_after,B2_before,B2_after,A3_before,A3_after,S3_before,S3_after,C3_before,C3_after
31344,4,260,-1,,,,,,,,,False,False,False,0.18362030386924744,0.18362030386924744,14.633759498596191,14.633759498596191,132.6256103515625,132.6256103515625,373.1807861328125,373.1807861328125,2294.002197265625,2294.002197265625,2506.727783203125,2506.727783203125,2381.64697265625,2381.64697265625
31344,4,260,0,0,20,A1,pct_button,10,,,19.689264878258108,False,False,False,0.18362030386924744,-0.030393537133932114,14.633759498596191,4.987533092498779,132.6256103515625,132.6256103515625,373.1807861328125,373.1807861328125,2294.002197265625,2294.002197265625,2506.727783203125,2506.727783203125,2381.64697265625,2381.64697265625
31352,4,260,1,2,22,A1,pct_button,30,,,0.09035853259265438,False,False,False,-0.030393537133932114,-0.030393537133932114,4.987533092498779,4.987533092498779,132.6256103515625,132.6256103515625,373.1807861328125,373.1807861328125,2294.002197265625,2294.002197265625,2506.727783203125,2506.727783203125,2381.64697265625,2381.64697265625
31360,4,260,2,7,35,C1,pct_button,10,,,0.09035853259265438,False,False,False,-0.030393537133932114,-0.030393537133932114,4.987533092498779,4.987533092498779,132.6256103515625,132.6256103515625,373.1807861328125,373.1807861328125,2294.002197265625,2294.002197265625,2506.727783203125,2506.727783203125,2381.64697265625,2381.64697265625
31368,4,260,3,2,22,A1,pct_button,30,,,3.5034665408730508,False,False,False,-0.030393537133932114,-0.38682636618614197,4.987533092498779,2.907308340072632,132.6256103515625,132.6256103515625,373.1807861328125,373.1807861328125,2294.002197265625,2294.002197265625,2506.727783203125,2506.727783203125,2381.64697265625,2381.64697265625
31376,4,260,4,3,23,A1,pct_button,50,,,6.073662230968476,True,True,False,-0.38682636618614197,-16.55217742919922,2.907308340072632,25.164390563964844,132.6256103515625,494.1142883300781,373.1807861328125,308.5036315917969,2294.002197265625,1346.561767578125,2506.727783203125,2309.219970703125,2381.64697265625,-2818.97802734375
