t,env_id,episode_id,step_in_ep,action_sub_idx,base_action_idx,target,type,pct,step,dir,reward,done,gate_ok,deviation_exploded,C1_before,C1_after,A1_before,A1_after
9784,5,20,-1,,,,,,,,,False,False,False,-8.238913536071777,-8.238913536071777,2.5872912406921387,2.5872912406921387
9784,5,20,0,8,36,C1,pct_button,15,,,3.653166889399289,False,False,False,-8.238913536071777,-8.966679573059082,2.5872912406921387,0.11879651993513107
9792,5,20,1,2,22,A1,pct_button,30,,,10.17131587356329,False,False,False,-8.966679573059082,-3.8829052448272705,0.11879651993513107,0.15226460993289948
9800,5,20,2,2,22,A1,pct_button,30,,,-1.9621947133541104,False,False,False,-3.8829052448272705,-1.336538553237915,0.15226460993289948,3.7253475189208984
9808,5,20,3,8,36,C1,pct_button,15,,,0.09123772144317656,False,False,False,-1.336538553237915,-1.336538553237915,3.7253475189208984,3.7253475189208984
9816,5,20,4,0,20,A1,pct_button,10,,,10.573895386159421,True,True,False,-1.336538553237915,7.555603981018066,3.7253475189208984,17.175472259521484
