t,env_id,episode_id,step_in_ep,action_sub_idx,base_action_idx,target,type,pct,step,dir,reward,done,gate_ok,deviation_exploded,C1_before,C1_after,A1_before,A1_after,A2_before,A2_after,B2_before,B2_after,A3_before,A3_after,S3_before,S3_after,C3_before,C3_after
16704,2,160,-1,,,,,,,,,False,False,False,0.6901543140411377,0.6901543140411377,35.822322845458984,35.822322845458984,249.51171875,249.51171875,207.07301330566406,207.07301330566406,1246.714111328125,1246.714111328125,2244.30224609375,2244.30224609375,-2222.90673828125,-2222.90673828125
16704,2,160,0,2,22,A1,pct_button,30,,,48.58030618190765,False,False,False,0.6901543140411377,-0.5736987590789795,35.822322845458984,11.767032623291016,249.51171875,249.51171875,207.07301330566406,207.07301330566406,1246.714111328125,1246.714111328125,2244.30224609375,2244.30224609375,-2222.90673828125,-2222.90673828125
16712,2,160,1,10,38,C1,pct_button,30,,,0.8921604916453363,False,False,False,-0.5736987590789795,-0.23750416934490204,11.767032623291016,11.772244453430176,249.51171875,249.51171875,207.07301330566406,207.07301330566406,1246.714111328125,1246.714111328125,2244.30224609375,2244.30224609375,-2222.90673828125,-2222.90673828125
16720,2,160,2,0,20,A1,pct_button,10,,,16.986767357587812,False,False,False,-0.23750416934490204,-0.3352038860321045,11.772244453430176,3.2116293907165527,249.51171875,249.51171875,207.07301330566406,207.07301330566406,1246.714111328125,1246.714111328125,2244.30224609375,2244.30224609375,-2222.90673828125,-2222.90673828125
16728,2,160,3,10,38,C1,pct_button,30,,,-0.03979325413703915,False,False,False,-0.3352038860321045,-0.0978206992149353,3.2116293907165527,3.4998862743377686,249.51171875,249.51171875,207.07301330566406,207.07301330566406,1246.714111328125,1246.714111328125,2244.30224609375,2244.30224609375,-2222.90673828125,-2222.90673828125
16736,2,160,4,3,23,A1,pct_button,50,,,6.73763487815857,True,True,False,-0.0978206992149353,11.790106773376465,3.4998862743377686,43.98819351196289,249.51171875,186.87364196777344,207.07301330566406,431.27978515625,1246.714111328125,1394.6796875,2244.30224609375,1208.091796875,-2222.90673828125,1327.9681396484375
