t,env_id,episode_id,step_in_ep,action_sub_idx,base_action_idx,target,type,pct,step,dir,reward,done,gate_ok,deviation_exploded,C1_before,C1_after,A1_before,A1_after,A2_before,A2_after,B2_before,B2_after,A3_before,A3_after,S3_before,S3_after,C3_before,C3_after
44216,6,580,-1,,,,,,,,,False,False,False,15.092866897583008,15.092866897583008,19.90455436706543,19.90455436706543,289.1927185058594,289.1927185058594,146.76812744140625,146.76812744140625,2163.76220703125,2163.76220703125,2967.53515625,2967.53515625,2376.369873046875,2376.369873046875
44216,6,580,0,11,39,C1,pct_button,50,,,-46.273749351501465,False,False,False,15.092866897583008,3.3120570182800293,19.90455436706543,19.824817657470703,289.1927185058594,289.1927185058594,146.76812744140625,146.76812744140625,2163.76220703125,2163.76220703125,2967.53515625,2967.53515625,2376.369873046875,2376.369873046875
44224,6,580,1,3,23,A1,pct_button,50,,,-13.54609352350235,False,False,False,3.3120570182800293,-0.3644759953022003,19.824817657470703,6.408570766448975,289.1927185058594,289.1927185058594,146.76812744140625,146.76812744140625,2163.76220703125,2163.76220703125,2967.53515625,2967.53515625,2376.369873046875,2376.369873046875
44232,6,580,2,12,40,C1,pct_button,100,,,-16.64204704761505,False,False,False,-0.3644759953022003,0.4307408928871155,6.408570766448975,7.89028263092041,289.1927185058594,289.1927185058594,146.76812744140625,146.76812744140625,2163.76220703125,2163.76220703125,2967.53515625,2967.53515625,2376.369873046875,2376.369873046875
44240,6,580,3,0,20,A1,pct_button,10,,,-5.653074502944946,False,False,False,0.4307408928871155,0.27592456340789795,7.89028263092041,2.550612688064575,289.1927185058594,289.1927185058594,146.76812744140625,146.76812744140625,2163.76220703125,2163.76220703125,2967.53515625,2967.53515625,2376.369873046875,2376.369873046875
44248,6,580,4,0,20,A1,pct_button,10,,,2.731801688671112,True,True,False,0.27592456340789795,1.4618953466415405,2.550612688064575,42.78266906738281,289.1927185058594,387.1321716308594,146.76812744140625,138.69525146484375,2163.76220703125,2228.076171875,2967.53515625,1389.2344970703125,2376.369873046875,1083.685791015625
