t,env_id,episode_id,step_in_ep,action_sub_idx,base_action_idx,target,type,pct,step,dir,reward,done,gate_ok,deviation_exploded,C1_before,C1_after,A1_before,A1_after
41160,0,310,-1,,,,,,,,,False,False,False,5.13582706451416,5.13582706451416,15.297781944274902,15.297781944274902
41160,0,310,0,4,24,A1,pct_button,100,,,28.282853927612305,False,False,False,5.13582706451416,3.0165529251098633,15.297781944274902,3.3341360092163086
41168,0,310,1,11,39,C1,pct_button,50,,,2.889431748390198,False,False,False,3.0165529251098633,1.462599277496338,3.3341360092163086,3.4878785610198975
41176,0,310,2,4,24,A1,pct_button,100,,,4.501352241039276,False,False,False,1.462599277496338,1.6765719652175903,3.4878785610198975,1.04544997215271
41184,0,310,3,12,40,C1,pct_button,100,,,8.313162144422531,True,True,False,1.6765719652175903,19.407838821411133,1.04544997215271,3.155787467956543
