t,env_id,episode_id,step_in_ep,action_sub_idx,base_action_idx,target,type,pct,step,dir,reward,done,gate_ok,deviation_exploded,C1_before,C1_after,A1_before,A1_after
49856,4,510,-1,,,,,,,,,False,False,False,-15.332521438598633,-15.332521438598633,28.583984375,28.583984375
49856,4,510,0,1,21,A1,pct_button,20,,,36.96121969223023,False,False,False,-15.332521438598633,-16.1491641998291,28.583984375,9.538609504699707
49864,4,510,1,10,38,C1,pct_button,30,,,12.681504364013675,False,False,False,-16.1491641998291,-9.968121528625488,9.538609504699707,9.569273948669434
49872,4,510,2,12,40,C1,pct_button,100,,,15.480899991989135,False,False,False,-9.968121528625488,1.6047968864440918,9.569273948669434,10.306259155273438
49880,4,510,3,7,35,C1,pct_button,10,,,0.3166240262985214,False,False,False,1.6047968864440918,1.5459668636322021,10.306259155273438,10.320441246032715
49888,4,510,4,1,21,A1,pct_button,20,,,14.801593728065491,False,False,False,1.5459668636322021,1.1843583583831787,10.320441246032715,3.3213095664978027
49896,4,510,5,5,33,C1,pct_button,1,,,0.0655880379676821,False,False,False,1.1843583583831787,1.1898373365402222,3.3213095664978027,3.323166608810425
49904,4,510,6,0,20,A1,pct_button,10,,,3.93904994726181,False,False,False,1.1898373365402222,1.3019042015075684,3.323166608810425,1.2622159719467163
49912,4,510,7,1,21,A1,pct_button,20,,,5.74272233247757,True,True,False,1.3019042015075684,2.3553428649902344,1.2622159719467163,7.875128746032715
