t,env_id,episode_id,step_in_ep,action_sub_idx,base_action_idx,target,type,pct,step,dir,reward,done,gate_ok,deviation_exploded,C1_before,C1_after,A1_before,A1_after
29216,1,280,-1,,,,,,,,,False,False,False,-17.988943099975586,-17.988943099975586,33.0916748046875,33.0916748046875
29216,1,280,0,1,21,A1,pct_button,20,,,40.58242528915405,False,False,False,-17.988943099975586,-19.192947387695312,33.0916748046875,11.902411460876465
29224,1,280,1,8,36,C1,pct_button,15,,,6.063629436492922,False,False,False,-19.192947387695312,-16.669679641723633,11.902411460876465,11.672284126281738
29232,1,280,2,1,21,A1,pct_button,20,,,17.983441224098204,False,False,False,-16.669679641723633,-17.44159698486328,11.672284126281738,2.099052667617798
29240,1,280,3,0,20,A1,pct_button,10,,,3.2726627135276782,False,False,False,-17.44159698486328,-17.45798683166504,2.099052667617798,0.6221326589584351
29248,1,280,4,12,40,C1,pct_button,100,,,29.96129527688026,False,False,False,-17.45798683166504,-2.7128303050994873,0.6221326589584351,0.41289883852005005
29256,1,280,5,9,37,C1,pct_button,20,,,0.05251458287239053,False,False,False,-2.7128303050994873,-2.7128303050994873,0.41289883852005005,0.41289883852005005
29264,1,280,6,12,40,C1,pct_button,100,,,8.837292400449515,True,True,False,-2.7128303050994873,-6.347648620605469,0.41289883852005005,46.0948371887207
