t,env_id,episode_id,step_in_ep,action_sub_idx,base_action_idx,target,type,pct,step,dir,reward,done,gate_ok,deviation_exploded,C1_before,C1_after,A1_before,A1_after
29896,2,210,-1,,,,,,,,,False,False,False,6.902953624725342,6.902953624725342,47.39957046508789,47.39957046508789
29896,2,210,0,2,22,A1,pct_button,30,,,28.856180715560914,False,False,False,6.902953624725342,4.206847667694092,47.39957046508789,36.0653076171875
29904,2,210,1,2,22,A1,pct_button,30,,,23.679673838615418,False,False,False,4.206847667694092,1.8450133800506592,36.0653076171875,26.869449615478516
29912,2,210,2,1,21,A1,pct_button,20,,,12.494714821577075,False,False,False,1.8450133800506592,0.6302167773246765,26.869449615478516,22.058778762817383
29920,2,210,3,4,24,A1,pct_button,100,,,28.842498579025268,False,False,False,0.6302167773246765,-4.844954013824463,22.058778762817383,3.5012543201446533
29928,2,210,4,11,39,C1,pct_button,50,,,6.329464778900146,False,False,False,-4.844954013824463,-2.8303349018096924,3.5012543201446533,2.3984286785125732
29936,2,210,5,4,24,A1,pct_button,100,,,3.7434257650375367,False,False,False,-2.8303349018096924,-2.7104363441467285,2.3984286785125732,0.6754734516143799
29944,2,210,6,11,39,C1,pct_button,50,,,9.131987520456313,True,True,False,-2.7104363441467285,15.905950546264648,0.6754734516143799,33.520225524902344
