t,env_id,episode_id,step_in_ep,action_sub_idx,base_action_idx,target,type,pct,step,dir,reward,done,gate_ok,deviation_exploded,C1_before,C1_after,A1_before,A1_after
50264,2,510,-1,,,,,,,,,False,False,False,13.484528541564941,13.484528541564941,46.29600143432617,46.29600143432617
50264,2,510,0,1,21,A1,pct_button,20,,,65.56929553985596,False,False,False,13.484528541564941,12.141432762145996,46.29600143432617,15.122084617614746
50272,2,510,1,1,21,A1,pct_button,20,,,20.433232173919674,False,False,False,12.141432762145996,11.841879844665527,15.122084617614746,5.372161865234375
50280,2,510,2,11,39,C1,pct_button,50,,,15.324608001708986,False,False,False,11.841879844665527,4.751283645629883,5.372161865234375,4.891885757446289
50288,2,510,3,5,33,C1,pct_button,1,,,0.28247839927673524,False,False,False,4.751283645629883,4.697606086730957,4.891885757446289,4.895252704620361
50296,2,510,4,8,36,C1,pct_button,15,,,0.1818571758270282,False,False,False,4.697606086730957,4.697606086730957,4.895252704620361,4.895252704620361
50304,2,510,5,4,24,A1,pct_button,100,,,11.48725752711296,False,False,False,4.697606086730957,2.8842904567718506,4.895252704620361,0.9987701773643494
50312,2,510,6,5,33,C1,pct_button,1,,,0.14916353464126586,False,False,False,2.8842904567718506,2.8459532260894775,0.9987701773643494,0.995944619178772
50320,2,510,7,11,39,C1,pct_button,50,,,8.872480078935624,True,True,False,2.8459532260894775,-8.415964126586914,0.995944619178772,7.037786960601807
