t,env_id,episode_id,step_in_ep,action_sub_idx,base_action_idx,target,type,pct,step,dir,reward,done,gate_ok,deviation_exploded,C1_before,C1_after,A1_before,A1_after
44192,6,440,-1,,,,,,,,,False,False,False,7.875310897827148,7.875310897827148,49.27888107299805,49.27888107299805
44192,6,440,0,1,21,A1,pct_button,20,,,1.133083839416505,False,False,False,7.875310897827148,7.875310897827148,49.27888107299805,49.27888107299805
44200,6,440,1,1,21,A1,pct_button,20,,,75.59948583602905,False,False,False,7.875310897827148,3.0341367721557617,49.27888107299805,16.510761260986328
44208,6,440,2,1,21,A1,pct_button,20,,,23.516398162841796,False,False,False,3.0341367721557617,1.4960107803344727,16.510761260986328,6.364291191101074
44216,6,440,3,1,21,A1,pct_button,20,,,8.634708960056306,False,False,False,1.4960107803344727,0.8325992822647095,6.364291191101074,2.7410850524902344
44224,6,440,4,0,20,A1,pct_button,10,,,8.657479501962662,True,True,False,0.8325992822647095,-10.016680717468262,2.7410850524902344,35.15447998046875
