t,env_id,episode_id,step_in_ep,action_sub_idx,base_action_idx,target,type,pct,step,dir,reward,done,gate_ok,deviation_exploded,C1_before,C1_after,A1_before,A1_after,A2_before,A2_after,B2_before,B2_after,A3_before,A3_after,S3_before,S3_after,C3_before,C3_after
29384,1,240,-1,,,,,,,,,False,False,False,1.346663236618042,1.346663236618042,32.449676513671875,32.449676513671875,258.2621765136719,258.2621765136719,322.33868408203125,322.33868408203125,1552.4891357421875,1552.4891357421875,1794.5155029296875,1794.5155029296875,-1638.0076904296875,-1638.0076904296875
29384,1,240,0,0,20,A1,pct_button,10,,,45.31154657006264,False,False,False,1.346663236618042,0.758364737033844,32.449676513671875,10.4896821975708,258.2621765136719,258.2621765136719,322.33868408203125,322.33868408203125,1552.4891357421875,1552.4891357421875,1794.5155029296875,1794.5155029296875,-1638.0076904296875,-1638.0076904296875
29392,1,240,1,0,20,A1,pct_button,10,,,14.77700558781624,False,False,False,0.758364737033844,0.5025842785835266,10.4896821975708,3.390894651412964,258.2621765136719,258.2621765136719,322.33868408203125,322.33868408203125,1552.4891357421875,1552.4891357421875,1794.5155029296875,1794.5155029296875,-1638.0076904296875,-1638.0076904296875
29400,1,240,2,5,33,C1,pct_button,1,,,0.0767305457592007,False,False,False,0.5025842785835266,0.4879607558250427,3.390894651412964,3.401042938232422,258.2621765136719,258.2621765136719,322.33868408203125,322.33868408203125,1552.4891357421875,1552.4891357421875,1794.5155029296875,1794.5155029296875,-1638.0076904296875,-1638.0076904296875
29408,1,240,3,0,20,A1,pct_button,10,,,9.618481988906861,True,True,False,0.4879607558250427,-12.15988826751709,3.401042938232422,25.947154998779297,258.2621765136719,326.57147216796875,322.33868408203125,307.6905517578125,1552.4891357421875,2183.58544921875,1794.5155029296875,1638.8135986328125,-1638.0076904296875,-2518.55859375
