t,env_id,episode_id,step_in_ep,action_sub_idx,base_action_idx,target,type,pct,step,dir,reward,done,gate_ok,deviation_exploded,C1_before,C1_after,A1_before,A1_after
30384,0,300,-1,,,,,,,,,False,False,False,5.392594814300537,5.392594814300537,3.952920436859131,3.952920436859131
30384,0,300,0,5,33,C1,pct_button,1,,,0.32303919792175306,False,False,False,5.392594814300537,5.3370280265808105,3.952920436859131,3.9346847534179688
30392,0,300,1,9,37,C1,pct_button,20,,,2.6557983732223516,False,False,False,5.3370280265808105,4.219967365264893,3.9346847534179688,3.7990362644195557
30400,0,300,2,7,35,C1,pct_button,10,,,0.997514591217042,False,False,False,4.219967365264893,3.7428224086761475,3.7990362644195557,3.8483355045318604
30408,0,300,3,10,38,C1,pct_button,30,,,2.0388141107559203,False,False,False,3.7428224086761475,2.7942278385162354,3.8483355045318604,3.8388538360595703
30416,0,300,4,1,21,A1,pct_button,20,,,5.854203610420227,False,False,False,2.7942278385162354,2.7738490104675293,3.8388538360595703,0.9645144939422607
30424,0,300,5,4,24,A1,pct_button,100,,,2.412183599472046,False,False,False,2.7738490104675293,1.2433841228485107,0.9645144939422607,1.309415578842163
30432,0,300,6,0,20,A1,pct_button,10,,,0.04105599403381333,False,False,False,1.2433841228485107,1.2433841228485107,1.309415578842163,1.309415578842163
30440,0,300,7,3,23,A1,pct_button,50,,,5.427279307842255,True,True,False,1.2433841228485107,8.68408203125,1.309415578842163,32.09232711791992
