t,env_id,episode_id,step_in_ep,action_sub_idx,base_action_idx,target,type,pct,step,dir,reward,done,gate_ok,deviation_exploded,C1_before,C1_after,A1_before,A1_after
45712,1,440,-1,,,,,,,,,False,False,False,-16.18865203857422,-16.18865203857422,10.743165016174316,10.743165016174316
45712,1,440,0,3,23,A1,pct_button,50,,,12.95319459438324,False,False,False,-16.18865203857422,-17.289548873901367,10.743165016174316,3.367238759994507
45720,1,440,1,11,39,C1,pct_button,50,,,27.180986533164976,False,False,False,-17.289548873901367,-3.6193509101867676,3.367238759994507,3.5132696628570557
45728,1,440,2,3,23,A1,pct_button,50,,,5.58683509349823,False,False,False,-3.6193509101867676,-3.7706820964813232,3.5132696628570557,0.6073007583618164
45736,1,440,3,7,35,C1,pct_button,10,,,0.8828253328800206,False,False,False,-3.7706820964813232,-3.341383218765259,0.6073007583618164,0.629899799823761
45744,1,440,4,0,20,A1,pct_button,10,,,0.0694256603717809,False,False,False,-3.341383218765259,-3.341383218765259,0.629899799823761,0.629899799823761
45752,1,440,5,10,38,C1,pct_button,30,,,2.19110412478447,False,False,False,-3.341383218765259,-2.267498731613159,0.629899799823761,0.6322295069694519
45760,1,440,6,3,23,A1,pct_button,50,,,-0.2844035840034487,False,False,False,-2.267498731613159,-2.1343331336975098,0.6322295069694519,0.9332729578018188
45768,1,440,7,11,39,C1,pct_button,50,,,5.857563115358353,True,True,False,-2.1343331336975098,11.15831470489502,0.9332729578018188,15.42647933959961
