t,env_id,episode_id,step_in_ep,action_sub_idx,base_action_idx,target,type,pct,step,dir,reward,done,gate_ok,deviation_exploded,C1_before,C1_after,A1_before,A1_after
49216,0,490,-1,,,,,,,,,False,False,False,-6.620113849639893,-6.620113849639893,18.800928115844727,18.800928115844727
49216,0,490,0,1,21,A1,pct_button,20,,,22.730908212661742,False,False,False,-6.620113849639893,-8.36310863494873,18.800928115844727,5.829404354095459
49224,0,490,1,0,20,A1,pct_button,10,,,10.001179299354552,False,False,False,-8.36310863494873,-8.462520599365234,5.829404354095459,0.8171999454498291
49232,0,490,2,3,23,A1,pct_button,50,,,-1.1047618818283083,False,False,False,-8.462520599365234,-8.877302169799805,0.8171999454498291,1.049062967300415
49240,0,490,3,0,20,A1,pct_button,10,,,0.18852730274200424,False,False,False,-8.877302169799805,-8.877302169799805,1.049062967300415,1.049062967300415
49248,0,490,4,0,20,A1,pct_button,10,,,2.0338355153799075,False,False,False,-8.877302169799805,-8.799081802368164,1.049062967300415,0.19530948996543884
49256,0,490,5,12,40,C1,pct_button,100,,,18.073090488910672,True,True,False,-8.799081802368164,5.407142639160156,0.19530948996543884,33.854557037353516
