t,env_id,episode_id,step_in_ep,action_sub_idx,base_action_idx,target,type,pct,step,dir,reward,done,gate_ok,deviation_exploded,C1_before,C1_after,A1_before,A1_after,A2_before,A2_after,B2_before,B2_after,A3_before,A3_after,S3_before,S3_after,C3_before,C3_after
34952,2,430,-1,,,,,,,,,False,False,False,1.099020004272461,1.099020004272461,18.59012794494629,18.59012794494629,366.1016845703125,366.1016845703125,407.9203186035156,407.9203186035156,2616.207763671875,2616.207763671875,2179.47802734375,2179.47802734375,1413.8189697265625,1413.8189697265625
34952,2,430,0,3,23,A1,pct_button,50,,,-12.475716590881348,False,False,False,1.099020004272461,-0.22841358184814453,18.59012794494629,6.009444713592529,366.1016845703125,366.1016845703125,407.9203186035156,407.9203186035156,2616.207763671875,2616.207763671875,2179.47802734375,2179.47802734375,1413.8189697265625,1413.8189697265625
34960,2,430,1,3,23,A1,pct_button,50,,,-12.475716590881348,False,False,False,-0.22841358184814453,-0.22841358184814453,6.009444713592529,6.009444713592529,366.1016845703125,366.1016845703125,407.9203186035156,407.9203186035156,2616.207763671875,2616.207763671875,2179.47802734375,2179.47802734375,1413.8189697265625,1413.8189697265625
34968,2,430,2,12,40,C1,pct_button,100,,,-11.26892101764679,False,False,False,-0.22841358184814453,0.8735576272010803,6.009444713592529,4.7609028816223145,366.1016845703125,366.1016845703125,407.9203186035156,407.9203186035156,2616.207763671875,2616.207763671875,2179.47802734375,2179.47802734375,1413.8189697265625,1413.8189697265625
34976,2,430,3,3,23,A1,pct_button,50,,,0.11557531356811523,True,True,False,0.8735576272010803,0.8190428614616394,4.7609028816223145,48.055328369140625,366.1016845703125,136.5509796142578,407.9203186035156,297.7490234375,2616.207763671875,1908.95458984375,2179.47802734375,1905.8731689453125,1413.8189697265625,1472.9671630859375
