t,env_id,episode_id,step_in_ep,action_sub_idx,base_action_idx,target,type,pct,step,dir,reward,done,gate_ok,deviation_exploded,C1_before,C1_after,A1_before,A1_after,A2_before,A2_after,B2_before,B2_after,A3_before,A3_after,S3_before,S3_after,C3_before,C3_after
17480,7,180,-1,,,,,,,,,False,False,False,14.171608924865723,14.171608924865723,40.307044982910156,40.307044982910156,436.0246276855469,436.0246276855469,178.68408203125,178.68408203125,2951.432373046875,2951.432373046875,1727.349853515625,1727.349853515625,2930.984375,2930.984375
17480,7,180,0,0,20,A1,pct_button,10,,,-53.05388259887695,False,False,False,14.171608924865723,13.497285842895508,40.307044982910156,13.029655456542969,436.0246276855469,436.0246276855469,178.68408203125,178.68408203125,2951.432373046875,2951.432373046875,1727.349853515625,1727.349853515625,2930.984375,2930.984375
17488,7,180,1,12,40,C1,pct_button,100,,,-30.444578528404236,False,False,False,13.497285842895508,0.8088285326957703,13.029655456542969,14.413460731506348,436.0246276855469,436.0246276855469,178.68408203125,178.68408203125,2951.432373046875,2951.432373046875,1727.349853515625,1727.349853515625,2930.984375,2930.984375
17496,7,180,2,1,21,A1,pct_button,20,,,-10.016598343849182,False,False,False,0.8088285326957703,0.3490036129951477,14.413460731506348,4.659295558929443,436.0246276855469,436.0246276855469,178.68408203125,178.68408203125,2951.432373046875,2951.432373046875,1727.349853515625,1727.349853515625,2930.984375,2930.984375
17504,7,180,3,11,39,C1,pct_button,50,,,-8.344586618244648,False,False,False,0.3490036129951477,0.0613328255712986,4.659295558929443,4.110960483551025,436.0246276855469,436.0246276855469,178.68408203125,178.68408203125,2951.432373046875,2951.432373046875,1727.349853515625,1727.349853515625,2930.984375,2930.984375
17512,7,180,4,3,23,A1,pct_button,50,,,0.8499754667282104,True,True,False,0.0613328255712986,15.031791687011719,4.110960483551025,9.475736618041992,436.0246276855469,241.9905242919922,178.68408203125,216.98333740234375,2951.432373046875,1667.486083984375,1727.349853515625,1763.780029296875,2930.984375,-2035.245849609375
