t,env_id,episode_id,step_in_ep,action_sub_idx,base_action_idx,target,type,pct,step,dir,reward,done,gate_ok,deviation_exploded,C1_before,C1_after,A1_before,A1_after,A2_before,A2_after,B2_before,B2_after,A3_before,A3_after,S3_before,S3_after,C3_before,C3_after
41168,7,560,-1,,,,,,,,,False,False,False,-1.4211186170578003,-1.4211186170578003,2.1132454872131348,2.1132454872131348,386.6418151855469,386.6418151855469,127.87633514404297,127.87633514404297,1494.7017822265625,1494.7017822265625,1946.0582275390625,1946.0582275390625,-990.462890625,-990.462890625
41168,7,560,0,12,40,C1,pct_button,100,,,-7.29892885684967,False,False,False,-1.4211186170578003,0.7908216118812561,2.1132454872131348,2.858642816543579,386.6418151855469,386.6418151855469,127.87633514404297,127.87633514404297,1494.7017822265625,1494.7017822265625,1946.0582275390625,1946.0582275390625,-990.462890625,-990.462890625
41176,7,560,1,1,21,A1,pct_button,20,,,2.2138615250587463,True,True,False,0.7908216118812561,-6.464371681213379,2.858642816543579,32.013343811035156,386.6418151855469,493.7396545410156,127.87633514404297,165.5796661376953,1494.7017822265625,1645.17138671875,1946.0582275390625,1858.5367431640625,-990.462890625,2224.0498046875
