t,env_id,episode_id,step_in_ep,action_sub_idx,base_action_idx,target,type,pct,step,dir,reward,done,gate_ok,deviation_exploded,C1_before,C1_after,A1_before,A1_after
9248,5,90,-1,,,,,,,,,False,False,False,7.528779983520508,7.528779983520508,39.83336639404297,39.83336639404297
9248,5,90,0,4,24,A1,pct_button,100,,,65.31694643974303,False,False,False,7.528779983520508,-0.256192684173584,39.83336639404297,14.590951919555664
9256,5,90,1,12,40,C1,pct_button,100,,,-1.519887878894805,False,False,False,-0.256192684173584,0.6806095838546753,14.590951919555664,15.079075813293457
9264,5,90,2,11,39,C1,pct_button,50,,,-2.9985387432575212,False,False,False,0.6806095838546753,0.5771228671073914,15.079075813293457,16.85111427307129
9272,5,90,3,1,21,A1,pct_button,20,,,25.19121996920556,False,False,False,0.5771228671073914,0.0034524332731962204,16.85111427307129,4.872938632965088
9280,5,90,4,11,39,C1,pct_button,50,,,-0.3469781163334853,False,False,False,0.0034524332731962204,-0.03314109891653061,4.872938632965088,5.062697410583496
9288,5,90,5,3,23,A1,pct_button,50,,,10.292848282456397,True,True,False,-0.03314109891653061,-11.303136825561523,5.062697410583496,16.95574951171875
