t,env_id,episode_id,step_in_ep,action_sub_idx,base_action_idx,target,type,pct,step,dir,reward,done,gate_ok,deviation_exploded,C1_before,C1_after,A1_before,A1_after
4568,7,40,-1,,,,,,,,,False,False,False,-2.3904874324798584,-2.3904874324798584,7.676966667175293,7.676966667175293
4568,7,40,0,6,34,C1,pct_button,5,,,0.1913490819931043,False,False,False,-2.3904874324798584,-2.3904874324798584,7.676966667175293,7.676966667175293
4576,7,40,1,5,33,C1,pct_button,1,,,0.22077171325683564,False,False,False,-2.3904874324798584,-2.376972198486328,7.676966667175293,7.67562198638916
4584,7,40,2,3,23,A1,pct_button,50,,,11.404098703861237,False,False,False,-2.376972198486328,-3.3418338298797607,7.67562198638916,1.0476053953170776
4592,7,40,3,12,40,C1,pct_button,100,,,11.94883382499218,True,True,False,-3.3418338298797607,-18.799213409423828,1.0476053953170776,22.17797088623047
