t,env_id,episode_id,step_in_ep,action_sub_idx,base_action_idx,target,type,pct,step,dir,reward,done,gate_ok,deviation_exploded,C1_before,C1_after,A1_before,A1_after
21376,7,200,-1,,,,,,,,,False,False,False,0.8586045503616333,0.8586045503616333,3.377657651901245,3.377657651901245
21376,7,200,0,3,23,A1,pct_button,50,,,0.5192064045369624,False,False,False,0.8586045503616333,0.10532888025045395,3.377657651901245,3.9064478874206543
21384,7,200,1,0,20,A1,pct_button,10,,,8.575887982323767,True,True,False,0.10532888025045395,13.825973510742188,3.9064478874206543,27.46651268005371
