t,env_id,episode_id,step_in_ep,action_sub_idx,base_action_idx,target,type,pct,step,dir,reward,done,gate_ok,deviation_exploded,C1_before,C1_after,A1_before,A1_after
14984,6,110,-1,,,,,,,,,False,False,False,17.197765350341797,17.197765350341797,46.329933166503906,46.329933166503906
14984,6,110,0,1,21,A1,pct_button,20,,,30.054612426757817,False,False,False,17.197765350341797,14.473514556884766,46.329933166503906,34.5117301940918
14992,6,110,1,11,39,C1,pct_button,50,,,0.9697048950195375,False,False,False,14.473514556884766,14.473514556884766,34.5117301940918,34.5117301940918
15000,6,110,2,3,23,A1,pct_button,50,,,53.389537200927734,False,False,False,14.473514556884766,9.847865104675293,34.5117301940918,12.66271686553955
15008,6,110,3,9,37,C1,pct_button,20,,,5.55820770263672,False,False,False,9.847865104675293,7.1868743896484375,12.66271686553955,12.738861083984375
15016,6,110,4,3,23,A1,pct_button,50,,,19.562678956985472,False,False,False,7.1868743896484375,5.143163204193115,12.738861083984375,5.098650932312012
15024,6,110,5,4,24,A1,pct_button,100,,,11.633746184110642,False,False,False,5.143163204193115,4.103912830352783,5.098650932312012,0.36067408323287964
15032,6,110,6,11,39,C1,pct_button,50,,,11.369896399974824,True,True,False,4.103912830352783,-3.6073572635650635,0.36067408323287964,49.80104446411133
