t,env_id,episode_id,step_in_ep,action_sub_idx,base_action_idx,target,type,pct,step,dir,reward,done,gate_ok,deviation_exploded,C1_before,C1_after,A1_before,A1_after
7832,2,50,-1,,,,,,,,,False,False,False,-18.72281265258789,-18.72281265258789,3.9843554496765137,3.9843554496765137
7832,2,50,0,0,20,A1,pct_button,10,,,0.8923986387252805,False,False,False,-18.72281265258789,-18.763105392456055,3.9843554496765137,3.7176711559295654
7840,2,50,1,12,40,C1,pct_button,100,,,23.33124735832214,False,False,False,-18.763105392456055,-6.147209167480469,3.7176711559295654,4.77213716506958
7848,2,50,2,12,40,C1,pct_button,100,,,15.424899480342864,False,False,False,-6.147209167480469,-0.1861337423324585,4.77213716506958,3.048105239868164
7856,2,50,3,6,34,C1,pct_button,5,,,0.17499239504337338,False,False,False,-0.1861337423324585,-0.12487426400184631,3.048105239868164,3.0486032962799072
7864,2,50,4,3,23,A1,pct_button,50,,,7.733160081803799,True,True,False,-0.12487426400184631,12.814780235290527,3.0486032962799072,38.206626892089844
