t,env_id,episode_id,step_in_ep,action_sub_idx,base_action_idx,target,type,pct,step,dir,reward,done,gate_ok,deviation_exploded,C1_before,C1_after,A1_before,A1_after,A2_before,A2_after,B2_before,B2_after,A3_before,A3_after,S3_before,S3_after,C3_before,C3_after
41784,2,540,-1,,,,,,,,,False,False,False,17.858816146850586,17.858816146850586,46.770591735839844,46.770591735839844,384.65118408203125,384.65118408203125,461.5619201660156,461.5619201660156,2435.838623046875,2435.838623046875,2708.766357421875,2708.766357421875,-1395.50537109375,-1395.50537109375
41784,2,540,0,1,21,A1,pct_button,20,,,-61.591779708862305,False,False,False,17.858816146850586,15.676828384399414,46.770591735839844,15.119061470031738,384.65118408203125,384.65118408203125,461.5619201660156,461.5619201660156,2435.838623046875,2435.838623046875,2708.766357421875,2708.766357421875,-1395.50537109375,-1395.50537109375
41792,2,540,1,1,21,A1,pct_button,20,,,-39.82132816314697,False,False,False,15.676828384399414,15.023276329040527,15.119061470031738,4.887387752532959,384.65118408203125,384.65118408203125,461.5619201660156,461.5619201660156,2435.838623046875,2435.838623046875,2708.766357421875,2708.766357421875,-1395.50537109375,-1395.50537109375
41800,2,540,2,4,24,A1,pct_button,100,,,-30.60113525390625,False,False,False,15.023276329040527,13.720670700073242,4.887387752532959,1.5798969268798828,384.65118408203125,384.65118408203125,461.5619201660156,461.5619201660156,2435.838623046875,2435.838623046875,2708.766357421875,2708.766357421875,-1395.50537109375,-1395.50537109375
41808,2,540,3,12,40,C1,pct_button,100,,,-8.822865903377533,False,False,False,13.720670700073242,4.26802921295166,1.5798969268798828,0.14340373873710632,384.65118408203125,384.65118408203125,461.5619201660156,461.5619201660156,2435.838623046875,2435.838623046875,2708.766357421875,2708.766357421875,-1395.50537109375,-1395.50537109375
41816,2,540,4,12,40,C1,pct_button,100,,,0.9579833149909973,True,True,False,4.26802921295166,14.119510650634766,0.14340373873710632,8.972484588623047,384.65118408203125,373.7462158203125,461.5619201660156,125.13298797607422,2435.838623046875,2732.007568359375,2708.766357421875,1945.78564453125,-1395.50537109375,2059.92578125
