t,env_id,episode_id,step_in_ep,action_sub_idx,base_action_idx,target,type,pct,step,dir,reward,done,gate_ok,deviation_exploded,C1_before,C1_after,A1_before,A1_after
40200,7,400,-1,,,,,,,,,False,False,False,2.830880880355835,2.830880880355835,35.62016677856445,35.62016677856445
40200,7,400,0,1,21,A1,pct_button,20,,,52.36834230899811,False,False,False,2.830880880355835,1.2872717380523682,35.62016677856445,11.098462104797363
40208,7,400,1,1,21,A1,pct_button,20,,,18.35357257723808,False,False,False,1.2872717380523682,0.6294018626213074,11.098462104797363,2.6069087982177734
40216,7,400,2,6,34,C1,pct_button,5,,,0.19727399230003395,False,False,False,0.6294018626213074,0.5995182394981384,2.6069087982177734,2.564798593521118
40224,7,400,3,2,22,A1,pct_button,30,,,7.143911762237549,True,True,False,0.5995182394981384,-5.333104133605957,2.564798593521118,22.75881576538086
