t,env_id,episode_id,step_in_ep,action_sub_idx,base_action_idx,target,type,pct,step,dir,reward,done,gate_ok,deviation_exploded,C1_before,C1_after,A1_before,A1_after
3528,7,30,-1,,,,,,,,,False,False,False,-2.390197515487671,-2.390197515487671,11.684653282165527,11.684653282165527
3528,7,30,0,3,23,A1,pct_button,50,,,0.2714970159530645,False,False,False,-2.390197515487671,-2.390197515487671,11.684653282165527,11.684653282165527
3536,7,30,1,2,22,A1,pct_button,30,,,14.556007232666015,False,False,False,-2.390197515487671,-2.988900661468506,11.684653282165527,3.871551036834717
3544,7,30,2,0,20,A1,pct_button,10,,,5.678443983793258,False,False,False,-2.988900661468506,-3.128429651260376,3.871551036834717,0.9283680319786072
3552,7,30,3,6,34,C1,pct_button,5,,,0.6161629712581635,False,False,False,-3.128429651260376,-2.9290308952331543,0.9283680319786072,0.8525006175041199
3560,7,30,4,11,39,C1,pct_button,50,,,8.722731115818025,True,True,False,-2.9290308952331543,11.988748550415039,0.8525006175041199,49.07047653198242
