t,env_id,episode_id,step_in_ep,action_sub_idx,base_action_idx,target,type,pct,step,dir,reward,done,gate_ok,deviation_exploded,C1_before,C1_after,A1_before,A1_after,A2_before,A2_after,B2_before,B2_after,A3_before,A3_after,S3_before,S3_after,C3_before,C3_after
35384,4,460,-1,,,,,,,,,False,False,False,-18.24661636352539,-18.24661636352539,37.2651481628418,37.2651481628418,155.8349151611328,155.8349151611328,408.6357727050781,408.6357727050781,2205.904541015625,2205.904541015625,1556.556884765625,1556.556884765625,2711.43701171875,2711.43701171875
35384,4,460,0,1,21,A1,pct_button,20,,,-64.24076652526855,False,False,False,-18.24661636352539,-20.074050903320312,37.2651481628418,12.046332359313965,155.8349151611328,155.8349151611328,408.6357727050781,408.6357727050781,2205.904541015625,2205.904541015625,1556.556884765625,1556.556884765625,2711.43701171875,2711.43701171875
35392,4,460,1,3,23,A1,pct_button,50,,,-50.09232521057129,False,False,False,-20.074050903320312,-21.15206527709961,12.046332359313965,3.894097328186035,155.8349151611328,155.8349151611328,408.6357727050781,408.6357727050781,2205.904541015625,2205.904541015625,1556.556884765625,1556.556884765625,2711.43701171875,2711.43701171875
35400,4,460,2,2,22,A1,pct_button,30,,,-46.01441502571106,False,False,False,-21.15206527709961,-21.748401641845703,3.894097328186035,1.2588058710098267,155.8349151611328,155.8349151611328,408.6357727050781,408.6357727050781,2205.904541015625,2205.904541015625,1556.556884765625,1556.556884765625,2711.43701171875,2711.43701171875
35408,4,460,3,11,39,C1,pct_button,50,,,-46.01441502571106,False,False,False,-21.748401641845703,-21.748401641845703,1.2588058710098267,1.2588058710098267,155.8349151611328,155.8349151611328,408.6357727050781,408.6357727050781,2205.904541015625,2205.904541015625,1556.556884765625,1556.556884765625,2711.43701171875,2711.43701171875
35416,4,460,4,12,40,C1,pct_button,100,,,-1.5302140712738037,True,True,False,-21.748401641845703,18.1846981048584,1.2588058710098267,36.098880767822266,155.8349151611328,162.2286834716797,408.6357727050781,243.6729736328125,2205.904541015625,1285.98388671875,1556.556884765625,1398.821533203125,2711.43701171875,1873.46533203125
