t,env_id,episode_id,step_in_ep,action_sub_idx,base_action_idx,target,type,pct,step,dir,reward,done,gate_ok,deviation_exploded,C1_before,C1_after,A1_before,A1_after
31272,0,70,-1,,,,,,,,,False,False,False,6.4982452392578125,6.4982452392578125,25.919891357421875,25.919891357421875
31272,0,70,0,3,23,A1,pct_button,50,,,32.71884039878845,False,False,False,6.4982452392578125,9.596722602844238,25.919891357421875,6.619152545928955
31280,0,70,1,2,22,A1,pct_button,30,,,0.314317502975461,False,False,False,9.596722602844238,9.596722602844238,6.619152545928955,6.619152545928955
31288,0,70,2,1,21,A1,pct_button,20,,,-2.499051017761227,False,False,False,9.596722602844238,9.75273323059082,6.619152545928955,7.884035110473633
31296,0,70,3,11,39,C1,pct_button,50,,,20.02055121898651,False,False,False,9.75273323059082,2.0291101932525635,7.884035110473633,5.66936731338501
31304,0,70,4,2,22,A1,pct_button,30,,,16.890406066179274,True,True,False,2.0291101932525635,16.657548904418945,5.66936731338501,45.989871978759766
