t,env_id,episode_id,step_in_ep,action_sub_idx,base_action_idx,target,type,pct,step,dir,reward,done,gate_ok,deviation_exploded,C1_before,C1_after,A1_before,A1_after,A2_before,A2_after,B2_before,B2_after,A3_before,A3_after,S3_before,S3_after,C3_before,C3_after
18296,6,200,-1,,,,,,,,,False,False,False,-5.503515243530273,-5.503515243530273,49.416202545166016,49.416202545166016,110.06767272949219,110.06767272949219,396.55938720703125,396.55938720703125,1091.4111328125,1091.4111328125,2512.0166015625,2512.0166015625,2798.17626953125,2798.17626953125
18296,6,200,0,1,21,A1,pct_button,20,,,-50.81155776977539,False,False,False,-5.503515243530273,-9.431497573852539,49.416202545166016,15.974281311035156,110.06767272949219,110.06767272949219,396.55938720703125,396.55938720703125,1091.4111328125,1091.4111328125,2512.0166015625,2512.0166015625,2798.17626953125,2798.17626953125
18304,6,200,1,2,22,A1,pct_button,30,,,-32.1097412109375,False,False,False,-9.431497573852539,-10.891024589538574,15.974281311035156,5.163846015930176,110.06767272949219,110.06767272949219,396.55938720703125,396.55938720703125,1091.4111328125,1091.4111328125,2512.0166015625,2512.0166015625,2798.17626953125,2798.17626953125
18312,6,200,2,2,22,A1,pct_button,30,,,-26.426225900650024,False,False,False,-10.891024589538574,-11.543848037719727,5.163846015930176,1.6692649126052856,110.06767272949219,110.06767272949219,396.55938720703125,396.55938720703125,1091.4111328125,1091.4111328125,2512.0166015625,2512.0166015625,2798.17626953125,2798.17626953125
18320,6,200,3,10,38,C1,pct_button,30,,,-19.116883754730225,False,False,False,-11.543848037719727,-7.811768054962158,1.6692649126052856,1.746673822402954,110.06767272949219,110.06767272949219,396.55938720703125,396.55938720703125,1091.4111328125,1091.4111328125,2512.0166015625,2512.0166015625,2798.17626953125,2798.17626953125
18328,6,200,4,12,40,C1,pct_button,100,,,0.8285039067268372,True,True,False,-7.811768054962158,18.286069869995117,1.746673822402954,10.616737365722656,110.06767272949219,498.7807922363281,396.55938720703125,489.48492431640625,1091.4111328125,1406.898193359375,2512.0166015625,2743.735107421875,2798.17626953125,2550.92919921875
