t,env_id,episode_id,step_in_ep,action_sub_idx,base_action_idx,target,type,pct,step,dir,reward,done,gate_ok,deviation_exploded,C1_before,C1_after,A1_before,A1_after,A2_before,A2_after,B2_before,B2_after,A3_before,A3_after,S3_before,S3_after,C3_before,C3_after
48232,2,370,-1,,,,,,,,,False,False,False,2.743936061859131,2.743936061859131,10.250505447387695,10.250505447387695,460.0274963378906,460.0274963378906,351.0052490234375,351.0052490234375,2761.01708984375,2761.01708984375,1533.6207275390625,1533.6207275390625,1956.8050537109375,1956.8050537109375
48232,2,370,0,5,33,C1,pct_button,1,,,0.3484213876724256,False,False,False,2.743936061859131,2.710512399673462,10.250505447387695,10.23416519165039,460.0274963378906,460.0274963378906,351.0052490234375,351.0052490234375,2761.01708984375,2761.01708984375,1533.6207275390625,1533.6207275390625,1956.8050537109375,1956.8050537109375
48240,2,370,1,7,35,C1,pct_button,10,,,1.2139541578292865,False,False,False,2.710512399673462,2.265580892562866,10.23416519165039,10.191692352294922,460.0274963378906,460.0274963378906,351.0052490234375,351.0052490234375,2761.01708984375,2761.01708984375,1533.6207275390625,1533.6207275390625,1956.8050537109375,1956.8050537109375
48248,2,370,2,4,24,A1,pct_button,100,,,27.570836677551267,True,True,False,2.265580892562866,-6.831326961517334,10.191692352294922,35.278160095214844,460.0274963378906,387.09521484375,351.0052490234375,268.11224365234375,2761.01708984375,2569.5,1533.6207275390625,1635.0543212890625,1956.8050537109375,-1344.6048583984375
