t,env_id,episode_id,step_in_ep,action_sub_idx,base_action_idx,target,type,pct,step,dir,reward,done,gate_ok,deviation_exploded,C1_before,C1_after,A1_before,A1_after,A2_before,A2_after,B2_before,B2_after,A3_before,A3_after,S3_before,S3_after,C3_before,C3_after
43576,7,600,-1,,,,,,,,,False,False,False,-1.214501142501831,-1.214501142501831,18.738313674926758,18.738313674926758,154.94517517089844,154.94517517089844,157.93527221679688,157.93527221679688,2640.515380859375,2640.515380859375,2797.135009765625,2797.135009765625,-1834.46142578125,-1834.46142578125
43576,7,600,0,3,23,A1,pct_button,50,,,-20.55452251434326,False,False,False,-1.214501142501831,-4.219914436340332,18.738313674926758,6.057346820831299,154.94517517089844,154.94517517089844,157.93527221679688,157.93527221679688,2640.515380859375,2640.515380859375,2797.135009765625,2797.135009765625,-1834.46142578125,-1834.46142578125
43584,7,600,1,0,20,A1,pct_button,10,,,-20.55452251434326,False,False,False,-4.219914436340332,-4.219914436340332,6.057346820831299,6.057346820831299,154.94517517089844,154.94517517089844,157.93527221679688,157.93527221679688,2640.515380859375,2640.515380859375,2797.135009765625,2797.135009765625,-1834.46142578125,-1834.46142578125
43592,7,600,2,0,20,A1,pct_button,10,,,-12.694756507873535,False,False,False,-4.219914436340332,-4.389280319213867,6.057346820831299,1.9580979347229004,154.94517517089844,154.94517517089844,157.93527221679688,157.93527221679688,2640.515380859375,2640.515380859375,2797.135009765625,2797.135009765625,-1834.46142578125,-1834.46142578125
43600,7,600,3,12,40,C1,pct_button,100,,,-0.8203439712524414,True,True,False,-4.389280319213867,-4.48746919631958,1.9580979347229004,34.1656379699707,154.94517517089844,218.8993682861328,157.93527221679688,441.5156555175781,2640.515380859375,1767.1337890625,2797.135009765625,2449.37744140625,-1834.46142578125,2489.071044921875
