t,env_id,episode_id,step_in_ep,action_sub_idx,base_action_idx,target,type,pct,step,dir,reward,done,gate_ok,deviation_exploded,C1_before,C1_after,A1_before,A1_after,A2_before,A2_after,B2_before,B2_after,A3_before,A3_after,S3_before,S3_after,C3_before,C3_after
36696,5,310,-1,,,,,,,,,False,False,False,2.5496714115142822,2.5496714115142822,4.463780879974365,4.463780879974365,100.25019836425781,100.25019836425781,219.72384643554688,219.72384643554688,1394.4266357421875,1394.4266357421875,2647.848876953125,2647.848876953125,1329.013916015625,1329.013916015625
36696,5,310,0,2,22,A1,pct_button,30,,,7.003340854644776,False,False,False,2.5496714115142822,1.9579076766967773,4.463780879974365,1.5842962265014648,100.25019836425781,100.25019836425781,219.72384643554688,219.72384643554688,1394.4266357421875,1394.4266357421875,2647.848876953125,2647.848876953125,1329.013916015625,1329.013916015625
36704,5,310,1,3,23,A1,pct_button,50,,,3.9365408539772035,False,False,False,1.9579076766967773,1.2706879377365112,1.5842962265014648,0.31409335136413574,100.25019836425781,100.25019836425781,219.72384643554688,219.72384643554688,1394.4266357421875,1394.4266357421875,2647.848876953125,2647.848876953125,1329.013916015625,1329.013916015625
36712,5,310,2,7,35,C1,pct_button,10,,,5.3649057430028915,True,True,False,1.2706879377365112,-7.36531400680542,0.31409335136413574,21.65985107421875,100.25019836425781,272.7860412597656,219.72384643554688,326.0662841796875,1394.4266357421875,1311.2103271484375,2647.848876953125,2885.37841796875,1329.013916015625,2739.390380859375
