t,env_id,episode_id,step_in_ep,action_sub_idx,base_action_idx,target,type,pct,step,dir,reward,done,gate_ok,deviation_exploded,C1_before,C1_after,A1_before,A1_after,A2_before,A2_after,B2_before,B2_after,A3_before,A3_after,S3_before,S3_after,C3_before,C3_after
17848,1,170,-1,,,,,,,,,False,False,False,-6.181770324707031,-6.181770324707031,0.6795467734336853,0.6795467734336853,286.50830078125,286.50830078125,456.4868469238281,456.4868469238281,1265.6937255859375,1265.6937255859375,1036.1690673828125,1036.1690673828125,1616.5875244140625,1616.5875244140625
17848,1,170,0,11,39,C1,pct_button,50,,,9.12046493291855,False,False,False,-6.181770324707031,-1.5785654783248901,0.6795467734336853,0.7407119274139404,286.50830078125,286.50830078125,456.4868469238281,456.4868469238281,1265.6937255859375,1265.6937255859375,1036.1690673828125,1036.1690673828125,1616.5875244140625,1616.5875244140625
17856,1,170,1,2,22,A1,pct_button,30,,,-0.24303373694419883,False,False,False,-1.5785654783248901,-1.8586958646774292,0.7407119274139404,0.6017023921012878,286.50830078125,286.50830078125,456.4868469238281,456.4868469238281,1265.6937255859375,1265.6937255859375,1036.1690673828125,1036.1690673828125,1616.5875244140625,1616.5875244140625
17864,1,170,2,9,37,C1,pct_button,20,,,6.549401804208755,True,True,False,-1.8586958646774292,-5.741078853607178,0.6017023921012878,35.62510299682617,286.50830078125,185.6751708984375,456.4868469238281,236.74014282226562,1265.6937255859375,2941.6103515625,1036.1690673828125,2655.5859375,1616.5875244140625,-1306.61962890625
