t,env_id,episode_id,step_in_ep,action_sub_idx,base_action_idx,target,type,pct,step,dir,reward,done,gate_ok,deviation_exploded,C1_before,C1_after,A1_before,A1_after
46736,2,350,-1,,,,,,,,,False,False,False,5.299076557159424,5.299076557159424,3.637974739074707,3.637974739074707
46736,2,350,0,2,22,A1,pct_button,30,,,2.27128300189972,False,False,False,5.299076557159424,4.991745948791504,3.637974739074707,2.883415460586548
46744,2,350,1,2,22,A1,pct_button,30,,,1.0087044525146494,False,False,False,4.991745948791504,5.203788757324219,2.883415460586548,2.236422538757324
46752,2,350,2,6,34,C1,pct_button,5,,,0.13880422592163177,False,False,False,5.203788757324219,5.203788757324219,2.236422538757324,2.236422538757324
46760,2,350,3,12,40,C1,pct_button,100,,,14.566177099943161,True,True,False,5.203788757324219,17.28901481628418,2.236422538757324,32.3001594543457
