t,env_id,episode_id,step_in_ep,action_sub_idx,base_action_idx,target,type,pct,step,dir,reward,done,gate_ok,deviation_exploded,C1_before,C1_after,A1_before,A1_after
43864,6,100,-1,,,,,,,,,False,False,False,-16.459396362304688,-16.459396362304688,40.5399055480957,40.5399055480957
43864,6,100,0,3,23,A1,pct_button,50,,,63.733922557830816,False,False,False,-16.459396362304688,-11.90336799621582,40.5399055480957,13.477784156799316
43872,6,100,1,2,22,A1,pct_button,30,,,12.155552444458008,False,False,False,-11.90336799621582,-12.060359001159668,13.477784156799316,7.432950019836426
43880,6,100,2,9,37,C1,pct_button,20,,,5.700375976562503,False,False,False,-12.060359001159668,-8.156058311462402,7.432950019836426,8.650124549865723
43888,6,100,3,1,21,A1,pct_button,20,,,5.0485968875885,False,False,False,-8.156058311462402,-7.740900039672852,8.650124549865723,6.680195331573486
43896,6,100,4,9,37,C1,pct_button,20,,,-8.156935586929324,False,False,False,-7.740900039672852,-7.888166904449463,6.680195331573486,10.79321002960205
43904,6,100,5,3,23,A1,pct_button,50,,,29.10795307636261,False,False,False,-7.888166904449463,1.8012287616729736,10.79321002960205,2.362812042236328
43912,6,100,6,9,37,C1,pct_button,20,,,8.96601101398468,True,True,False,1.8012287616729736,-11.541926383972168,2.362812042236328,37.288429260253906
