t,env_id,episode_id,step_in_ep,action_sub_idx,base_action_idx,target,type,pct,step,dir,reward,done,gate_ok,deviation_exploded,C1_before,C1_after,A1_before,A1_after,A2_before,A2_after,B2_before,B2_after,A3_before,A3_after,S3_before,S3_after,C3_before,C3_after
9320,0,80,-1,,,,,,,,,False,False,False,-8.611655235290527,-8.611655235290527,4.083498001098633,4.083498001098633,370.44586181640625,370.44586181640625,467.7338562011719,467.7338562011719,1695.5968017578125,1695.5968017578125,2509.396240234375,2509.396240234375,2790.608642578125,2790.608642578125
9320,0,80,0,6,34,C1,pct_button,5,,,1.3837339210510267,False,False,False,-8.611655235290527,-8.058514595031738,4.083498001098633,4.060966491699219,370.44586181640625,370.44586181640625,467.7338562011719,467.7338562011719,1695.5968017578125,1695.5968017578125,2509.396240234375,2509.396240234375,2790.608642578125,2790.608642578125
9328,0,80,1,12,40,C1,pct_button,100,,,14.855816372036934,False,False,False,-8.058514595031738,0.3980694115161896,4.060966491699219,4.335842609405518,370.44586181640625,370.44586181640625,467.7338562011719,467.7338562011719,1695.5968017578125,1695.5968017578125,2509.396240234375,2509.396240234375,2790.608642578125,2790.608642578125
9336,0,80,2,9,37,C1,pct_button,20,,,0.08467824041843365,False,False,False,0.3980694115161896,0.3980694115161896,4.335842609405518,4.335842609405518,370.44586181640625,370.44586181640625,467.7338562011719,467.7338562011719,1695.5968017578125,1695.5968017578125,2509.396240234375,2509.396240234375,2790.608642578125,2790.608642578125
9344,0,80,3,12,40,C1,pct_button,100,,,1.6941118550300602,False,False,False,0.3980694115161896,-0.1487433910369873,4.335842609405518,3.7723233699798584,370.44586181640625,370.44586181640625,467.7338562011719,467.7338562011719,1695.5968017578125,1695.5968017578125,2509.396240234375,2509.396240234375,2790.608642578125,2790.608642578125
9352,0,80,4,4,24,A1,pct_button,100,,,10.637270528674126,True,True,False,-0.1487433910369873,-11.950967788696289,3.7723233699798584,18.517057418823242,370.44586181640625,175.9434814453125,467.7338562011719,493.65997314453125,1695.5968017578125,2271.873779296875,2509.396240234375,2107.2548828125,2790.608642578125,-1009.0377807617188
