t,env_id,episode_id,step_in_ep,action_sub_idx,base_action_idx,target,type,pct,step,dir,reward,done,gate_ok,deviation_exploded,C1_before,C1_after,A1_before,A1_after,A2_before,A2_after,B2_before,B2_after,A3_before,A3_after,S3_before,S3_after,C3_before,C3_after
960,6,10,-1,,,,,,,,,False,False,False,-14.558669090270996,-14.558669090270996,6.948841094970703,6.948841094970703,359.0112609863281,359.0112609863281,202.02870178222656,202.02870178222656,1661.773681640625,1661.773681640625,1346.6717529296875,1346.6717529296875,-1931.0313720703125,-1931.0313720703125
960,6,10,0,7,35,C1,pct_button,10,,,2.4556834316253653,False,False,False,-14.558669090270996,-13.520695686340332,6.948841094970703,6.958767414093018,359.0112609863281,359.0112609863281,202.02870178222656,202.02870178222656,1661.773681640625,1661.773681640625,1346.6717529296875,1346.6717529296875,-1931.0313720703125,-1931.0313720703125
968,6,10,1,7,35,C1,pct_button,10,,,0.39958926200866585,False,False,False,-13.520695686340332,-13.520695686340332,6.958767414093018,6.958767414093018,359.0112609863281,359.0112609863281,202.02870178222656,202.02870178222656,1661.773681640625,1661.773681640625,1346.6717529296875,1346.6717529296875,-1931.0313720703125,-1931.0313720703125
976,6,10,2,12,40,C1,pct_button,100,,,20.659051451683045,False,False,False,-13.520695686340332,-2.9831173419952393,6.958767414093018,7.264294147491455,359.0112609863281,359.0112609863281,202.02870178222656,202.02870178222656,1661.773681640625,1661.773681640625,1346.6717529296875,1346.6717529296875,-1931.0313720703125,-1931.0313720703125
984,6,10,3,12,40,C1,pct_button,100,,,6.758253929615021,False,False,False,-2.9831173419952393,-0.9045215845108032,7.264294147491455,6.0280890464782715,359.0112609863281,359.0112609863281,202.02870178222656,202.02870178222656,1661.773681640625,1661.773681640625,1346.6717529296875,1346.6717529296875,-1931.0313720703125,-1931.0313720703125
992,6,10,4,0,20,A1,pct_button,10,,,16.89487799603492,True,True,False,-0.9045215845108032,-0.31522607803344727,6.0280890464782715,9.312806129455566,359.0112609863281,306.6899108886719,202.02870178222656,243.4521484375,1661.773681640625,1539.2635498046875,1346.6717529296875,1180.1221923828125,-1931.0313720703125,2817.9267578125
