t,env_id,episode_id,step_in_ep,action_sub_idx,base_action_idx,target,type,pct,step,dir,reward,done,gate_ok,deviation_exploded,C1_before,C1_after,A1_before,A1_after,A2_before,A2_after,B2_before,B2_after,A3_before,A3_after,S3_before,S3_after,C3_before,C3_after
6392,4,60,-1,,,,,,,,,False,False,False,8.993733406066895,8.993733406066895,32.73957443237305,32.73957443237305,451.4156799316406,451.4156799316406,266.0432434082031,266.0432434082031,1054.0279541015625,1054.0279541015625,1089.1146240234375,1089.1146240234375,-1668.4608154296875,-1668.4608154296875
6392,4,60,0,4,24,A1,pct_button,100,,,-25.082821130752563,False,False,False,8.993733406066895,1.9580165147781372,32.73957443237305,10.583394050598145,451.4156799316406,451.4156799316406,266.0432434082031,266.0432434082031,1054.0279541015625,1054.0279541015625,1089.1146240234375,1089.1146240234375,-1668.4608154296875,-1668.4608154296875
6400,4,60,1,3,23,A1,pct_button,50,,,-7.984535813331604,False,False,False,1.9580165147781372,0.5710797905921936,10.583394050598145,3.4211881160736084,451.4156799316406,451.4156799316406,266.0432434082031,266.0432434082031,1054.0279541015625,1054.0279541015625,1089.1146240234375,1089.1146240234375,-1668.4608154296875,-1668.4608154296875
6408,4,60,2,6,34,C1,pct_button,5,,,-8.028220891952515,False,False,False,0.5710797905921936,0.5579448938369751,3.4211881160736084,3.4561655521392822,451.4156799316406,451.4156799316406,266.0432434082031,266.0432434082031,1054.0279541015625,1054.0279541015625,1089.1146240234375,1089.1146240234375,-1668.4608154296875,-1668.4608154296875
6416,4,60,3,4,24,A1,pct_button,100,,,2.275122195482254,True,True,False,0.5579448938369751,16.08854103088379,3.4561655521392822,7.288680076599121,451.4156799316406,293.0600891113281,266.0432434082031,174.48036193847656,1054.0279541015625,2063.25830078125,1089.1146240234375,2075.29248046875,-1668.4608154296875,1351.44189453125
