t,env_id,episode_id,step_in_ep,action_sub_idx,base_action_idx,target,type,pct,step,dir,reward,done,gate_ok,deviation_exploded,C1_before,C1_after,A1_before,A1_after
51056,7,380,-1,,,,,,,,,False,False,False,19.935651779174805,19.935651779174805,8.840168952941895,8.840168952941895
51056,7,380,0,5,33,C1,pct_button,1,,,0.5655164146423368,False,False,False,19.935651779174805,19.935651779174805,8.840168952941895,8.840168952941895
51064,7,380,1,1,21,A1,pct_button,20,,,6.869556035995485,False,False,False,19.935651779174805,19.415189743041992,8.840168952941895,6.176772594451904
51072,7,380,2,12,40,C1,pct_button,100,,,37.50020844697952,False,False,False,19.415189743041992,1.4222041368484497,6.176772594451904,5.483713150024414
51080,7,380,3,4,24,A1,pct_button,100,,,14.355114896297456,True,True,False,1.4222041368484497,1.1039535999298096,5.483713150024414,4.239628314971924
