t,env_id,episode_id,step_in_ep,action_sub_idx,base_action_idx,target,type,pct,step,dir,reward,done,gate_ok,deviation_exploded,C1_before,C1_after,A1_before,A1_after,A2_before,A2_after,B2_before,B2_after,A3_before,A3_after,S3_before,S3_after,C3_before,C3_after
824,4,10,-1,,,,,,,,,False,False,False,5.630529403686523,5.630529403686523,46.86336898803711,46.86336898803711,103.13333129882812,103.13333129882812,263.1123352050781,263.1123352050781,1255.076416015625,1255.076416015625,1548.360595703125,1548.360595703125,1302.4144287109375,1302.4144287109375
824,4,10,0,2,22,A1,pct_button,30,,,73.59013753533362,False,False,False,5.630529403686523,0.7033005356788635,46.86336898803711,15.149052619934082,103.13333129882812,103.13333129882812,263.1123352050781,263.1123352050781,1255.076416015625,1255.076416015625,1548.360595703125,1548.360595703125,1302.4144287109375,1302.4144287109375
832,4,10,1,10,38,C1,pct_button,30,,,-0.4167387139797205,False,False,False,0.7033005356788635,0.8481715321540833,15.149052619934082,15.369729995727539,103.13333129882812,103.13333129882812,263.1123352050781,263.1123352050781,1255.076416015625,1255.076416015625,1548.360595703125,1548.360595703125,1302.4144287109375,1302.4144287109375
840,4,10,2,11,39,C1,pct_button,50,,,1.755593359470369,False,False,False,0.8481715321540833,0.7266973257064819,15.369729995727539,14.763307571411133,103.13333129882812,103.13333129882812,263.1123352050781,263.1123352050781,1255.076416015625,1255.076416015625,1548.360595703125,1548.360595703125,1302.4144287109375,1302.4144287109375
848,4,10,3,1,21,A1,pct_button,20,,,20.878738969564434,False,False,False,0.7266973257064819,-0.3242148756980896,14.763307571411133,4.77238655090332,103.13333129882812,103.13333129882812,263.1123352050781,263.1123352050781,1255.076416015625,1255.076416015625,1548.360595703125,1548.360595703125,1302.4144287109375,1302.4144287109375
856,4,10,4,3,23,A1,pct_button,50,,,12.064549764245749,True,True,False,-0.3242148756980896,14.364180564880371,4.77238655090332,39.8537483215332,103.13333129882812,438.03271484375,263.1123352050781,234.05682373046875,1255.076416015625,1873.621826171875,1548.360595703125,2509.042724609375,1302.4144287109375,-1825.6474609375
