t,env_id,episode_id,step_in_ep,action_sub_idx,base_action_idx,target,type,pct,step,dir,reward,done,gate_ok,deviation_exploded,C1_before,C1_after,A1_before,A1_after,A2_before,A2_after,B2_before,B2_after,A3_before,A3_after,S3_before,S3_after,C3_before,C3_after
25976,0,310,-1,,,,,,,,,False,False,False,-18.906970977783203,-18.906970977783203,3.003230333328247,3.003230333328247,357.105224609375,357.105224609375,304.6649169921875,304.6649169921875,1831.034423828125,1831.034423828125,2114.083984375,2114.083984375,1152.451904296875,1152.451904296875
25976,0,310,0,9,37,C1,pct_button,20,,,-43.8204026222229,False,False,False,-18.906970977783203,-18.906970977783203,3.003230333328247,3.003230333328247,357.105224609375,357.105224609375,304.6649169921875,304.6649169921875,1831.034423828125,1831.034423828125,2114.083984375,2114.083984375,1152.451904296875,1152.451904296875
25984,0,310,1,12,40,C1,pct_button,100,,,-38.072463512420654,False,False,False,-18.906970977783203,15.68035888671875,3.003230333328247,3.355872869491577,357.105224609375,357.105224609375,304.6649169921875,304.6649169921875,1831.034423828125,1831.034423828125,2114.083984375,2114.083984375,1152.451904296875,1152.451904296875
25992,0,310,2,1,21,A1,pct_button,20,,,-33.61923146247864,False,False,False,15.68035888671875,15.724796295166016,3.355872869491577,1.0848194360733032,357.105224609375,357.105224609375,304.6649169921875,304.6649169921875,1831.034423828125,1831.034423828125,2114.083984375,2114.083984375,1152.451904296875,1152.451904296875
26000,0,310,3,11,39,C1,pct_button,50,,,-7.509954929351807,False,False,False,15.724796295166016,2.3690733909606934,1.0848194360733032,1.38590407371521,357.105224609375,357.105224609375,304.6649169921875,304.6649169921875,1831.034423828125,1831.034423828125,2114.083984375,2114.083984375,1152.451904296875,1152.451904296875
26008,0,310,4,4,24,A1,pct_button,100,,,1.9301974177360535,True,True,False,2.3690733909606934,-11.044442176818848,1.38590407371521,9.717808723449707,357.105224609375,301.9296569824219,304.6649169921875,483.58917236328125,1831.034423828125,2214.7021484375,2114.083984375,2257.224365234375,1152.451904296875,1410.776611328125
