t,env_id,episode_id,step_in_ep,action_sub_idx,base_action_idx,target,type,pct,step,dir,reward,done,gate_ok,deviation_exploded,C1_before,C1_after,A1_before,A1_after,A2_before,A2_after,B2_before,B2_after,A3_before,A3_after,S3_before,S3_after,C3_before,C3_after
21128,3,230,-1,,,,,,,,,False,True,False,0.18959462642669678,0.18959462642669678,2.098602533340454,2.098602533340454,405.0832824707031,405.0832824707031,488.17352294921875,488.17352294921875,1341.8101806640625,1341.8101806640625,1026.275390625,1026.275390625,-1833.2432861328125,-1833.2432861328125
21128,3,230,0,2,22,A1,pct_button,30,,,2.870448410511017,True,True,False,0.18959462642669678,-17.721351623535156,2.098602533340454,9.976892471313477,405.0832824707031,181.74021911621094,488.17352294921875,173.18946838378906,1341.8101806640625,1372.46484375,1026.275390625,1824.0611572265625,-1833.2432861328125,-883.1282958984375
