t,env_id,episode_id,step_in_ep,action_sub_idx,base_action_idx,target,type,pct,step,dir,reward,done,gate_ok,deviation_exploded,C1_before,C1_after,A1_before,A1_after,A2_before,A2_after,B2_before,B2_after,A3_before,A3_after,S3_before,S3_after,C3_before,C3_after
36320,2,470,-1,,,,,,,,,False,False,False,2.5628435611724854,2.5628435611724854,10.168639183044434,10.168639183044434,220.05577087402344,220.05577087402344,447.4181823730469,447.4181823730469,2995.01220703125,2995.01220703125,2711.3447265625,2711.3447265625,-1512.454345703125,-1512.454345703125
36320,2,470,0,3,23,A1,pct_button,50,,,-25.462965488433838,False,False,False,2.5628435611724854,2.5628435611724854,10.168639183044434,10.168639183044434,220.05577087402344,220.05577087402344,447.4181823730469,447.4181823730469,2995.01220703125,2995.01220703125,2711.3447265625,2711.3447265625,-1512.454345703125,-1512.454345703125
36328,2,470,1,12,40,C1,pct_button,100,,,-20.407124996185303,False,False,False,2.5628435611724854,0.8727090358734131,10.168639183044434,9.330853462219238,220.05577087402344,220.05577087402344,447.4181823730469,447.4181823730469,2995.01220703125,2995.01220703125,2711.3447265625,2711.3447265625,-1512.454345703125,-1512.454345703125
36336,2,470,2,0,20,A1,pct_button,10,,,-7.648997068405151,False,False,False,0.8727090358734131,0.8082069158554077,9.330853462219238,3.016291618347168,220.05577087402344,220.05577087402344,447.4181823730469,447.4181823730469,2995.01220703125,2995.01220703125,2711.3447265625,2711.3447265625,-1512.454345703125,-1512.454345703125
36344,2,470,3,0,20,A1,pct_button,10,,,1.627776026725769,True,True,False,0.8082069158554077,3.600693941116333,3.016291618347168,21.565574645996094,220.05577087402344,294.6134948730469,447.4181823730469,177.52401733398438,2995.01220703125,1390.477783203125,2711.3447265625,2681.31640625,-1512.454345703125,2897.029052734375
