t,env_id,episode_id,step_in_ep,action_sub_idx,base_action_idx,target,type,pct,step,dir,reward,done,gate_ok,deviation_exploded,C1_before,C1_after,A1_before,A1_after,A2_before,A2_after,B2_before,B2_after,A3_before,A3_after,S3_before,S3_after,C3_before,C3_after
4080,1,40,-1,,,,,,,,,False,False,False,13.3999662399292,13.3999662399292,20.86765480041504,20.86765480041504,173.3692626953125,173.3692626953125,416.78912353515625,416.78912353515625,2809.81982421875,2809.81982421875,1603.4268798828125,1603.4268798828125,-1193.5703125,-1193.5703125
4080,1,40,0,11,39,C1,pct_button,50,,,18.295767402648924,False,False,False,13.3999662399292,4.561864852905273,20.86765480041504,20.806556701660156,173.3692626953125,173.3692626953125,416.78912353515625,416.78912353515625,2809.81982421875,2809.81982421875,1603.4268798828125,1603.4268798828125,-1193.5703125,-1193.5703125
4088,1,40,1,6,34,C1,pct_button,5,,,0.8895886707305942,False,False,False,4.561864852905273,4.267944812774658,20.806556701660156,20.902385711669922,173.3692626953125,173.3692626953125,416.78912353515625,416.78912353515625,2809.81982421875,2809.81982421875,1603.4268798828125,1603.4268798828125,-1193.5703125,-1193.5703125
4096,1,40,2,10,38,C1,pct_button,30,,,3.155580940246585,False,False,False,4.267944812774658,2.772653579711914,20.902385711669922,21.053144454956055,173.3692626953125,173.3692626953125,416.78912353515625,416.78912353515625,2809.81982421875,2809.81982421875,1603.4268798828125,1603.4268798828125,-1193.5703125,-1193.5703125
4104,1,40,3,1,21,A1,pct_button,20,,,26.20352870941162,False,False,False,2.772653579711914,1.941619873046875,21.053144454956055,8.885686874389648,173.3692626953125,173.3692626953125,416.78912353515625,416.78912353515625,2809.81982421875,2809.81982421875,1603.4268798828125,1603.4268798828125,-1193.5703125,-1193.5703125
4112,1,40,4,1,21,A1,pct_button,20,,,12.743529458045959,False,False,False,1.941619873046875,1.9986045360565186,8.885686874389648,2.4968924522399902,173.3692626953125,173.3692626953125,416.78912353515625,416.78912353515625,2809.81982421875,2809.81982421875,1603.4268798828125,1603.4268798828125,-1193.5703125,-1193.5703125
4120,1,40,5,12,40,C1,pct_button,100,,,9.196445633322,True,True,False,1.9986045360565186,7.153278827667236,2.4968924522399902,25.281387329101562,173.3692626953125,239.4016876220703,416.78912353515625,330.1069641113281,2809.81982421875,1644.286865234375,1603.4268798828125,1651.060546875,-1193.5703125,-1747.7999267578125
