t,env_id,episode_id,step_in_ep,action_sub_idx,base_action_idx,target,type,pct,step,dir,reward,done,gate_ok,deviation_exploded,C1_before,C1_after,A1_before,A1_after,A2_before,A2_after,B2_before,B2_after,A3_before,A3_after,S3_before,S3_after,C3_before,C3_after
18672,7,180,-1,,,,,,,,,False,False,False,-19.165302276611328,-19.165302276611328,11.016478538513184,11.016478538513184,336.3252258300781,336.3252258300781,227.44021606445312,227.44021606445312,1126.388671875,1126.388671875,2456.994873046875,2456.994873046875,1449.10009765625,1449.10009765625
18672,7,180,0,6,34,C1,pct_button,5,,,2.3386605453491196,False,False,False,-19.165302276611328,-18.194610595703125,11.016478538513184,11.105844497680664,336.3252258300781,336.3252258300781,227.44021606445312,227.44021606445312,1126.388671875,1126.388671875,2456.994873046875,2456.994873046875,1449.10009765625,1449.10009765625
18680,7,180,1,0,20,A1,pct_button,10,,,15.278459753990175,False,False,False,-18.194610595703125,-18.37274742126465,11.105844497680664,3.502227544784546,336.3252258300781,336.3252258300781,227.44021606445312,227.44021606445312,1126.388671875,1126.388671875,2456.994873046875,2456.994873046875,1449.10009765625,1449.10009765625
18688,7,180,2,1,21,A1,pct_button,20,,,3.0666949367523184,False,False,False,-18.37274742126465,-18.70384979248047,3.502227544784546,1.838198184967041,336.3252258300781,336.3252258300781,227.44021606445312,227.44021606445312,1126.388671875,1126.388671875,2456.994873046875,2456.994873046875,1449.10009765625,1449.10009765625
18696,7,180,3,12,40,C1,pct_button,100,,,39.64311396837235,True,True,False,-18.70384979248047,16.65814208984375,1.838198184967041,36.19762420654297,336.3252258300781,463.57891845703125,227.44021606445312,423.3629150390625,1126.388671875,1501.820556640625,2456.994873046875,1173.3897705078125,1449.10009765625,-2978.533447265625
