t,env_id,episode_id,step_in_ep,action_sub_idx,base_action_idx,target,type,pct,step,dir,reward,done,gate_ok,deviation_exploded,C1_before,C1_after,A1_before,A1_after,A2_before,A2_after,B2_before,B2_after,A3_before,A3_after,S3_before,S3_after,C3_before,C3_after
3912,0,30,-1,,,,,,,,,False,False,False,-2.49839448928833,-2.49839448928833,0.4222097396850586,0.4222097396850586,329.2611389160156,329.2611389160156,249.39083862304688,249.39083862304688,2859.612548828125,2859.612548828125,2105.775634765625,2105.775634765625,-1648.6768798828125,-1648.6768798828125
3912,0,30,0,7,35,C1,pct_button,10,,,-5.416745662689209,False,False,False,-2.49839448928833,-2.1880974769592285,0.4222097396850586,0.520275354385376,329.2611389160156,329.2611389160156,249.39083862304688,249.39083862304688,2859.612548828125,2859.612548828125,2105.775634765625,2105.775634765625,-1648.6768798828125,-1648.6768798828125
3920,0,30,1,2,22,A1,pct_button,30,,,-5.2262009382247925,False,False,False,-2.1880974769592285,-2.444916248321533,0.520275354385376,0.16818422079086304,329.2611389160156,329.2611389160156,249.39083862304688,249.39083862304688,2859.612548828125,2859.612548828125,2105.775634765625,2105.775634765625,-1648.6768798828125,-1648.6768798828125
3928,0,30,2,6,34,C1,pct_button,5,,,-4.777183644473553,False,False,False,-2.444916248321533,-2.3515806198120117,0.16818422079086304,0.03701120242476463,329.2611389160156,329.2611389160156,249.39083862304688,249.39083862304688,2859.612548828125,2859.612548828125,2105.775634765625,2105.775634765625,-1648.6768798828125,-1648.6768798828125
3936,0,30,3,2,22,A1,pct_button,30,,,-4.462727386504412,False,False,False,-2.3515806198120117,-2.2193994522094727,0.03701120242476463,0.011964241042733192,329.2611389160156,329.2611389160156,249.39083862304688,249.39083862304688,2859.612548828125,2859.612548828125,2105.775634765625,2105.775634765625,-1648.6768798828125,-1648.6768798828125
3944,0,30,4,11,39,C1,pct_button,50,,,4.568651091307402,True,True,False,-2.2193994522094727,-9.322677612304688,0.011964241042733192,39.66012191772461,329.2611389160156,306.5674743652344,249.39083862304688,312.33795166015625,2859.612548828125,1985.2535400390625,2105.775634765625,1280.6500244140625,-1648.6768798828125,-1087.614990234375
