t,env_id,episode_id,step_in_ep,action_sub_idx,base_action_idx,target,type,pct,step,dir,reward,done,gate_ok,deviation_exploded,C1_before,C1_after,A1_before,A1_after,A2_before,A2_after,B2_before,B2_after,A3_before,A3_after,S3_before,S3_after,C3_before,C3_after
26304,0,310,-1,,,,,,,,,False,False,False,7.01418924331665,7.01418924331665,15.013556480407715,15.013556480407715,217.09735107421875,217.09735107421875,400.4037780761719,400.4037780761719,2496.468994140625,2496.468994140625,1704.03662109375,1704.03662109375,2968.7373046875,2968.7373046875
26304,0,310,0,12,40,C1,pct_button,100,,,-34.954190731048584,False,False,False,7.01418924331665,-2.116391897201538,15.013556480407715,15.360703468322754,217.09735107421875,217.09735107421875,400.4037780761719,400.4037780761719,2496.468994140625,2496.468994140625,1704.03662109375,1704.03662109375,2968.7373046875,2968.7373046875
26312,0,310,1,1,21,A1,pct_button,20,,,-14.724705219268799,False,False,False,-2.116391897201538,-2.3968513011932373,15.360703468322754,4.965501308441162,217.09735107421875,217.09735107421875,400.4037780761719,400.4037780761719,2496.468994140625,2496.468994140625,1704.03662109375,1704.03662109375,2968.7373046875,2968.7373046875
26320,0,310,2,2,22,A1,pct_button,30,,,-8.426209211349487,False,False,False,-2.3968513011932373,-2.607956647872925,4.965501308441162,1.6051479578018188,217.09735107421875,217.09735107421875,400.4037780761719,400.4037780761719,2496.468994140625,2496.468994140625,1704.03662109375,1704.03662109375,2968.7373046875,2968.7373046875
26328,0,310,3,0,20,A1,pct_button,10,,,-6.205326080322266,False,False,False,-2.607956647872925,-2.583782911300659,1.6051479578018188,0.5188801288604736,217.09735107421875,217.09735107421875,400.4037780761719,400.4037780761719,2496.468994140625,2496.468994140625,1704.03662109375,1704.03662109375,2968.7373046875,2968.7373046875
26336,0,310,4,12,40,C1,pct_button,100,,,2.5647470951080322,True,True,False,-2.583782911300659,19.09564971923828,0.5188801288604736,34.39548110961914,217.09735107421875,380.8030700683594,400.4037780761719,446.8699035644531,2496.468994140625,1789.4388427734375,1704.03662109375,1222.63427734375,2968.7373046875,811.4395141601562
