t,env_id,episode_id,step_in_ep,action_sub_idx,base_action_idx,target,type,pct,step,dir,reward,done,gate_ok,deviation_exploded,C1_before,C1_after,A1_before,A1_after
44104,1,420,-1,,,,,,,,,False,False,False,-2.936230182647705,-2.936230182647705,5.107725143432617,5.107725143432617
44104,1,420,0,1,21,A1,pct_button,20,,,5.229310140609741,False,False,False,-2.936230182647705,-3.0897719860076904,5.107725143432617,2.3893191814422607
44112,1,420,1,3,23,A1,pct_button,50,,,1.2453847038745882,False,False,False,-3.0897719860076904,-4.19298791885376,2.3893191814422607,0.7074149250984192
44120,1,420,2,12,40,C1,pct_button,100,,,4.8913251912593845,False,False,False,-4.19298791885376,-1.8431005477905273,0.7074149250984192,0.631384551525116
44128,1,420,3,0,20,A1,pct_button,10,,,0.8845149582624436,False,False,False,-1.8431005477905273,-1.792667031288147,0.631384551525116,0.2550376355648041
44136,1,420,4,4,24,A1,pct_button,100,,,6.230484273135662,True,True,False,-1.792667031288147,-18.20914077758789,0.2550376355648041,43.30602264404297
