t,env_id,episode_id,step_in_ep,action_sub_idx,base_action_idx,target,type,pct,step,dir,reward,done,gate_ok,deviation_exploded,C1_before,C1_after,A1_before,A1_after,A2_before,A2_after,B2_before,B2_after,A3_before,A3_after,S3_before,S3_after,C3_before,C3_after
41736,4,310,-1,,,,,,,,,False,False,False,4.232635498046875,4.232635498046875,11.58154010772705,11.58154010772705,228.47120666503906,228.47120666503906,105.72106170654297,105.72106170654297,2282.881591796875,2282.881591796875,2211.534912109375,2211.534912109375,-1319.0677490234375,-1319.0677490234375
41736,4,310,0,0,20,A1,pct_button,10,,,16.278675203323363,False,False,False,4.232635498046875,4.003462314605713,11.58154010772705,3.7438488006591797,228.47120666503906,228.47120666503906,105.72106170654297,105.72106170654297,2282.881591796875,2282.881591796875,2211.534912109375,2211.534912109375,-1319.0677490234375,-1319.0677490234375
41744,4,310,1,0,20,A1,pct_button,10,,,5.555737285614015,False,False,False,4.003462314605713,3.804351806640625,3.7438488006591797,1.2102365493774414,228.47120666503906,228.47120666503906,105.72106170654297,105.72106170654297,2282.881591796875,2282.881591796875,2211.534912109375,2211.534912109375,-1319.0677490234375,-1319.0677490234375
41752,4,310,2,11,39,C1,pct_button,50,,,11.319604197740555,True,True,False,3.804351806640625,17.579069137573242,1.2102365493774414,1.191963791847229,228.47120666503906,414.8337097167969,105.72106170654297,408.5914306640625,2282.881591796875,2155.75390625,2211.534912109375,1752.66845703125,-1319.0677490234375,2084.2275390625
