t,env_id,episode_id,step_in_ep,action_sub_idx,base_action_idx,target,type,pct,step,dir,reward,done,gate_ok,deviation_exploded,C1_before,C1_after,A1_before,A1_after,A2_before,A2_after,B2_before,B2_after,A3_before,A3_after,S3_before,S3_after,C3_before,C3_after
36560,2,300,-1,,,,,,,,,False,False,False,18.6776065826416,18.6776065826416,49.23456954956055,49.23456954956055,100.93324279785156,100.93324279785156,220.2529754638672,220.2529754638672,1454.9500732421875,1454.9500732421875,1904.114013671875,1904.114013671875,-1826.0401611328125,-1826.0401611328125
36560,2,300,0,11,39,C1,pct_button,50,,,25.030888442993163,False,False,False,18.6776065826416,7.638713836669922,49.23456954956055,48.312530517578125,100.93324279785156,100.93324279785156,220.2529754638672,220.2529754638672,1454.9500732421875,1454.9500732421875,1904.114013671875,1904.114013671875,-1826.0401611328125,-1826.0401611328125
36568,2,300,1,1,21,A1,pct_button,20,,,78.4871580171585,False,False,False,7.638713836669922,2.6898186206817627,48.312530517578125,14.181560516357422,100.93324279785156,100.93324279785156,220.2529754638672,220.2529754638672,1454.9500732421875,1454.9500732421875,1904.114013671875,1904.114013671875,-1826.0401611328125,-1826.0401611328125
36576,2,300,2,2,22,A1,pct_button,30,,,21.246431708335873,False,False,False,2.6898186206817627,1.0715610980987549,14.181560516357422,5.234664440155029,100.93324279785156,100.93324279785156,220.2529754638672,220.2529754638672,1454.9500732421875,1454.9500732421875,1904.114013671875,1904.114013671875,-1826.0401611328125,-1826.0401611328125
36584,2,300,3,10,38,C1,pct_button,30,,,0.8270349657535545,False,False,False,1.0715610980987549,0.675514280796051,5.234664440155029,5.271665573120117,100.93324279785156,100.93324279785156,220.2529754638672,220.2529754638672,1454.9500732421875,1454.9500732421875,1904.114013671875,1904.114013671875,-1826.0401611328125,-1826.0401611328125
36592,2,300,4,1,21,A1,pct_button,20,,,13.487759642601013,True,True,False,0.675514280796051,-1.9726464748382568,5.271665573120117,33.75261306762695,100.93324279785156,367.9671325683594,220.2529754638672,201.78192138671875,1454.9500732421875,2627.40185546875,1904.114013671875,2034.2366943359375,-1826.0401611328125,2892.66015625
