t,env_id,episode_id,step_in_ep,action_sub_idx,base_action_idx,target,type,pct,step,dir,reward,done,gate_ok,deviation_exploded,C1_before,C1_after,A1_before,A1_after,A2_before,A2_after,B2_before,B2_after,A3_before,A3_after,S3_before,S3_after,C3_before,C3_after
14264,5,150,-1,,,,,,,,,False,False,False,1.781970500946045,1.781970500946045,8.54437255859375,8.54437255859375,132.54165649414062,132.54165649414062,216.53395080566406,216.53395080566406,2569.94384765625,2569.94384765625,2977.723876953125,2977.723876953125,2463.64306640625,2463.64306640625
14264,5,150,0,0,20,A1,pct_button,10,,,-8.698730707168579,False,False,False,1.781970500946045,1.5873113870620728,8.54437255859375,2.762053966522217,132.54165649414062,132.54165649414062,216.53395080566406,216.53395080566406,2569.94384765625,2569.94384765625,2977.723876953125,2977.723876953125,2463.64306640625,2463.64306640625
14272,5,150,1,0,20,A1,pct_button,10,,,-4.541186213493347,False,False,False,1.5873113870620728,1.3777315616607666,2.762053966522217,0.892861545085907,132.54165649414062,132.54165649414062,216.53395080566406,216.53395080566406,2569.94384765625,2569.94384765625,2977.723876953125,2977.723876953125,2463.64306640625,2463.64306640625
14280,5,150,2,3,23,A1,pct_button,50,,,3.3311541080474854,True,True,False,1.3777315616607666,13.847530364990234,0.892861545085907,0.2885577082633972,132.54165649414062,411.47161865234375,216.53395080566406,376.2859802246094,2569.94384765625,2676.69482421875,2977.723876953125,1006.406982421875,2463.64306640625,-2237.956298828125
