t,env_id,episode_id,step_in_ep,action_sub_idx,base_action_idx,target,type,pct,step,dir,reward,done,gate_ok,deviation_exploded,C1_before,C1_after,A1_before,A1_after,A2_before,A2_after,B2_before,B2_after,A3_before,A3_after,S3_before,S3_after,C3_before,C3_after
50240,6,680,-1,,,,,,,,,False,False,False,10.832931518554688,10.832931518554688,3.9054646492004395,3.9054646492004395,450.90032958984375,450.90032958984375,486.0643615722656,486.0643615722656,1762.9273681640625,1762.9273681640625,2359.229736328125,2359.229736328125,1914.28466796875,1914.28466796875
50240,6,680,0,12,40,C1,pct_button,100,,,-17.60072612762451,False,False,False,10.832931518554688,3.705900192260742,3.9054646492004395,5.094462871551514,450.90032958984375,450.90032958984375,486.0643615722656,486.0643615722656,1762.9273681640625,1762.9273681640625,2359.229736328125,2359.229736328125,1914.28466796875,1914.28466796875
50248,6,680,1,2,22,A1,pct_button,30,,,-10.132055759429932,False,False,False,3.705900192260742,3.419191837310791,5.094462871551514,1.6468360424041748,450.90032958984375,450.90032958984375,486.0643615722656,486.0643615722656,1762.9273681640625,1762.9273681640625,2359.229736328125,2359.229736328125,1914.28466796875,1914.28466796875
50256,6,680,2,12,40,C1,pct_button,100,,,-1.0347964763641357,True,True,False,3.419191837310791,-8.93493938446045,1.6468360424041748,34.67069625854492,450.90032958984375,433.9352722167969,486.0643615722656,386.1594543457031,1762.9273681640625,1459.2034912109375,2359.229736328125,1694.0780029296875,1914.28466796875,2603.658935546875
