t,env_id,episode_id,step_in_ep,action_sub_idx,base_action_idx,target,type,pct,step,dir,reward,done,gate_ok,deviation_exploded,C1_before,C1_after,A1_before,A1_after
19496,4,190,-1,,,,,,,,,False,False,False,0.3293818533420563,0.3293818533420563,24.75948143005371,24.75948143005371
19496,4,190,0,1,21,A1,pct_button,20,,,34.00382117152214,False,False,False,0.3293818533420563,-0.5483313202857971,24.75948143005371,7.615257263183594
19504,4,190,1,0,20,A1,pct_button,10,,,9.555741246938705,False,False,False,-0.5483313202857971,-0.7266644835472107,7.615257263183594,2.688202142715454
19512,4,190,2,1,21,A1,pct_button,20,,,9.651437405347824,True,True,False,-0.7266644835472107,6.184911251068115,2.688202142715454,37.27290725708008
