t,env_id,episode_id,step_in_ep,action_sub_idx,base_action_idx,target,type,pct,step,dir,reward,done,gate_ok,deviation_exploded,C1_before,C1_after,A1_before,A1_after,A2_before,A2_after,B2_before,B2_after,A3_before,A3_after,S3_before,S3_after,C3_before,C3_after
49832,6,350,-1,,,,,,,,,False,False,False,0.6043384075164795,0.6043384075164795,29.83346176147461,29.83346176147461,388.7176818847656,388.7176818847656,160.17440795898438,160.17440795898438,1043.0697021484375,1043.0697021484375,1055.8436279296875,1055.8436279296875,-1084.0360107421875,-1084.0360107421875
49832,6,350,0,0,20,A1,pct_button,10,,,41.319516342878345,False,False,False,0.6043384075164795,0.2277948260307312,29.83346176147461,9.643964767456055,388.7176818847656,388.7176818847656,160.17440795898438,160.17440795898438,1043.0697021484375,1043.0697021484375,1055.8436279296875,1055.8436279296875,-1084.0360107421875,-1084.0360107421875
49840,6,350,1,3,23,A1,pct_button,50,,,13.03932315170765,False,False,False,0.2277948260307312,-0.2633989155292511,9.643964767456055,3.1175081729888916,388.7176818847656,388.7176818847656,160.17440795898438,160.17440795898438,1043.0697021484375,1043.0697021484375,1055.8436279296875,1055.8436279296875,-1084.0360107421875,-1084.0360107421875
49848,6,350,2,0,20,A1,pct_button,10,,,9.238727195262909,True,True,False,-0.2633989155292511,-16.97018814086914,3.1175081729888916,23.74896240234375,388.7176818847656,103.08136749267578,160.17440795898438,364.9656982421875,1043.0697021484375,1707.255126953125,1055.8436279296875,1542.2698974609375,-1084.0360107421875,-2508.04248046875
