t,env_id,episode_id,step_in_ep,action_sub_idx,base_action_idx,target,type,pct,step,dir,reward,done,gate_ok,deviation_exploded,C1_before,C1_after,A1_before,A1_after,A2_before,A2_after,B2_before,B2_after,A3_before,A3_after,S3_before,S3_after,C3_before,C3_after
39056,4,300,-1,,,,,,,,,False,False,False,3.49830961227417,3.49830961227417,16.219440460205078,16.219440460205078,176.2916259765625,176.2916259765625,126.3558120727539,126.3558120727539,2843.3779296875,2843.3779296875,2965.99658203125,2965.99658203125,829.5259399414062,829.5259399414062
39056,4,300,0,6,34,C1,pct_button,5,,,0.8734852981567351,False,False,False,3.49830961227417,3.3300399780273438,16.219440460205078,16.140674591064453,176.2916259765625,176.2916259765625,126.3558120727539,126.3558120727539,2843.3779296875,2843.3779296875,2965.99658203125,2965.99658203125,829.5259399414062,829.5259399414062
39064,4,300,1,3,23,A1,pct_button,50,,,32.78622735708952,False,False,False,3.3300399780273438,0.08281831443309784,16.140674591064453,3.0208189487457275,176.2916259765625,176.2916259765625,126.3558120727539,126.3558120727539,2843.3779296875,2843.3779296875,2965.99658203125,2965.99658203125,829.5259399414062,829.5259399414062
39072,4,300,2,2,22,A1,pct_button,30,,,6.895520210266113,True,True,False,0.08281831443309784,-7.9561543464660645,3.0208189487457275,49.8356819152832,176.2916259765625,289.2971496582031,126.3558120727539,354.4535827636719,2843.3779296875,2821.85595703125,2965.99658203125,2867.894775390625,829.5259399414062,1689.598876953125
