t,env_id,episode_id,step_in_ep,action_sub_idx,base_action_idx,target,type,pct,step,dir,reward,done,gate_ok,deviation_exploded,C1_before,C1_after,A1_before,A1_after,A2_before,A2_after,B2_before,B2_after,A3_before,A3_after,S3_before,S3_after,C3_before,C3_after
23672,7,290,-1,,,,,,,,,False,False,False,-18.383821487426758,-18.383821487426758,0.024544915184378624,0.024544915184378624,279.12408447265625,279.12408447265625,288.9631652832031,288.9631652832031,2376.19482421875,2376.19482421875,2185.41943359375,2185.41943359375,2300.940673828125,2300.940673828125
23672,7,290,0,12,40,C1,pct_button,100,,,-15.325942292809486,False,False,False,-18.383821487426758,7.610584259033203,0.024544915184378624,0.05238688737154007,279.12408447265625,279.12408447265625,288.9631652832031,288.9631652832031,2376.19482421875,2376.19482421875,2185.41943359375,2185.41943359375,2300.940673828125,2300.940673828125
23680,7,290,1,2,22,A1,pct_button,30,,,-16.583538435399532,False,False,False,7.610584259033203,8.274834632873535,0.05238688737154007,0.016934584826231003,279.12408447265625,279.12408447265625,288.9631652832031,288.9631652832031,2376.19482421875,2376.19482421875,2185.41943359375,2185.41943359375,2300.940673828125,2300.940673828125
23688,7,290,2,0,20,A1,pct_button,10,,,-16.610493073239923,False,False,False,8.274834632873535,8.299772262573242,0.016934584826231003,0.005474274046719074,279.12408447265625,279.12408447265625,288.9631652832031,288.9631652832031,2376.19482421875,2376.19482421875,2185.41943359375,2185.41943359375,2300.940673828125,2300.940673828125
23696,7,290,3,11,39,C1,pct_button,50,,,-5.799983263015747,False,False,False,8.299772262573242,2.0075912475585938,0.005474274046719074,0.8924003839492798,279.12408447265625,279.12408447265625,288.9631652832031,288.9631652832031,2376.19482421875,2376.19482421875,2185.41943359375,2185.41943359375,2300.940673828125,2300.940673828125
23704,7,290,4,3,23,A1,pct_button,50,,,2.1375516653060913,True,True,False,2.0075912475585938,-19.202768325805664,0.8924003839492798,6.922100067138672,279.12408447265625,193.12599182128906,288.9631652832031,421.7061767578125,2376.19482421875,1933.581787109375,2185.41943359375,2757.410888671875,2300.940673828125,-1915.150146484375
