t,env_id,episode_id,step_in_ep,action_sub_idx,base_action_idx,target,type,pct,step,dir,reward,done,gate_ok,deviation_exploded,C1_before,C1_after,A1_before,A1_after
27544,3,40,-1,,,,,,,,,False,False,False,9.765066146850586,9.765066146850586,0.8588559031486511,0.8588559031486511
27544,3,40,0,0,20,A1,pct_button,10,,,0.9481252515316017,False,False,False,9.765066146850586,9.966910362243652,0.8588559031486511,0.2804223895072937
27552,3,40,1,7,35,C1,pct_button,10,,,-3.042001162767411,False,False,False,9.966910362243652,10.90004825592041,0.2804223895072937,0.982106626033783
27560,3,40,2,0,20,A1,pct_button,10,,,-0.9420438671112044,False,False,False,10.90004825592041,9.421266555786133,0.982106626033783,3.0516393184661865
27568,3,40,3,10,38,C1,pct_button,30,,,16.551183710098265,False,False,False,9.421266555786133,-1.5594778060913086,3.0516393184661865,2.675182819366455
27576,3,40,4,9,37,C1,pct_button,20,,,0.1061066316068169,False,False,False,-1.5594778060913086,0.07480140775442123,2.675182819366455,4.143993854522705
27584,3,40,5,2,22,A1,pct_button,30,,,8.648484382033349,True,True,False,0.07480140775442123,6.074839115142822,4.143993854522705,36.98591995239258
