t,env_id,episode_id,step_in_ep,action_sub_idx,base_action_idx,target,type,pct,step,dir,reward,done,gate_ok,deviation_exploded,C1_before,C1_after,A1_before,A1_after,A2_before,A2_after,B2_before,B2_after,A3_before,A3_after,S3_before,S3_after,C3_before,C3_after
20824,0,220,-1,,,,,,,,,False,False,False,7.6611857414245605,7.6611857414245605,8.041045188903809,8.041045188903809,282.99798583984375,282.99798583984375,141.14596557617188,141.14596557617188,2226.376708984375,2226.376708984375,2551.292236328125,2551.292236328125,2413.60400390625,2413.60400390625
20824,0,220,0,0,20,A1,pct_button,10,,,-19.60968017578125,False,False,False,7.6611857414245605,7.20549201965332,8.041045188903809,2.5993480682373047,282.99798583984375,282.99798583984375,141.14596557617188,141.14596557617188,2226.376708984375,2226.376708984375,2551.292236328125,2551.292236328125,2413.60400390625,2413.60400390625
20832,0,220,1,1,21,A1,pct_button,20,,,-19.60968017578125,False,False,False,7.20549201965332,7.20549201965332,2.5993480682373047,2.5993480682373047,282.99798583984375,282.99798583984375,141.14596557617188,141.14596557617188,2226.376708984375,2226.376708984375,2551.292236328125,2551.292236328125,2413.60400390625,2413.60400390625
20840,0,220,2,0,20,A1,pct_button,10,,,-15.987635612487793,False,False,False,7.20549201965332,7.153552532196045,2.5993480682373047,0.8402652740478516,282.99798583984375,282.99798583984375,141.14596557617188,141.14596557617188,2226.376708984375,2226.376708984375,2551.292236328125,2551.292236328125,2413.60400390625,2413.60400390625
20848,0,220,3,12,40,C1,pct_button,100,,,3.9927609860897064,True,True,False,7.153552532196045,13.002326965332031,0.8402652740478516,39.367679595947266,282.99798583984375,418.09600830078125,141.14596557617188,173.8945770263672,2226.376708984375,2815.401611328125,2551.292236328125,2106.259033203125,2413.60400390625,2613.1767578125
