t,env_id,episode_id,step_in_ep,action_sub_idx,base_action_idx,target,type,pct,step,dir,reward,done,gate_ok,deviation_exploded,C1_before,C1_after,A1_before,A1_after,A2_before,A2_after,B2_before,B2_after,A3_before,A3_after,S3_before,S3_after,C3_before,C3_after
38632,0,290,-1,,,,,,,,,False,False,False,18.920560836791992,18.920560836791992,39.61803436279297,39.61803436279297,186.2392578125,186.2392578125,100.51964569091797,100.51964569091797,2048.888427734375,2048.888427734375,2451.6953125,2451.6953125,2597.492431640625,2597.492431640625
38632,0,290,0,9,37,C1,pct_button,20,,,10.922718219757078,False,False,False,18.920560836791992,13.632153511047363,39.61803436279297,39.976165771484375,186.2392578125,186.2392578125,100.51964569091797,100.51964569091797,2048.888427734375,2048.888427734375,2451.6953125,2451.6953125,2597.492431640625,2597.492431640625
38640,0,290,1,9,37,C1,pct_button,20,,,8.321428699493415,False,False,False,13.632153511047363,10.113652229309082,39.976165771484375,39.828372955322266,186.2392578125,186.2392578125,100.51964569091797,100.51964569091797,2048.888427734375,2048.888427734375,2451.6953125,2451.6953125,2597.492431640625,2597.492431640625
38648,0,290,2,1,21,A1,pct_button,20,,,57.98472918510437,False,False,False,10.113652229309082,7.100332736968994,39.828372955322266,14.055890083312988,186.2392578125,186.2392578125,100.51964569091797,100.51964569091797,2048.888427734375,2048.888427734375,2451.6953125,2451.6953125,2597.492431640625,2597.492431640625
38656,0,290,3,0,20,A1,pct_button,10,,,17.95957381248474,False,False,False,7.100332736968994,6.635682582855225,14.055890083312988,5.658697128295898,186.2392578125,186.2392578125,100.51964569091797,100.51964569091797,2048.888427734375,2048.888427734375,2451.6953125,2451.6953125,2597.492431640625,2597.492431640625
38664,0,290,4,2,22,A1,pct_button,30,,,10.217835903167725,False,False,False,6.635682582855225,5.563368320465088,5.658697128295898,1.6896233558654785,186.2392578125,186.2392578125,100.51964569091797,100.51964569091797,2048.888427734375,2048.888427734375,2451.6953125,2451.6953125,2597.492431640625,2597.492431640625
38672,0,290,5,12,40,C1,pct_button,100,,,18.661960515081883,True,True,False,5.563368320465088,9.914262771606445,1.6896233558654785,44.029361724853516,186.2392578125,375.63568115234375,100.51964569091797,427.980712890625,2048.888427734375,1560.216064453125,2451.6953125,2920.6240234375,2597.492431640625,802.2081909179688
