t,env_id,episode_id,step_in_ep,action_sub_idx,base_action_idx,target,type,pct,step,dir,reward,done,gate_ok,deviation_exploded,C1_before,C1_after,A1_before,A1_after
47344,0,120,-1,,,,,,,,,False,False,False,3.483093023300171,3.483093023300171,37.72765350341797,37.72765350341797
47344,0,120,0,0,20,A1,pct_button,10,,,13.88018579006195,False,False,False,3.483093023300171,1.8278815746307373,37.72765350341797,32.78388977050781
47352,0,120,1,3,23,A1,pct_button,50,,,29.427569303512573,False,False,False,1.8278815746307373,-7.8842692375183105,32.78388977050781,12.209656715393066
47360,0,120,2,11,39,C1,pct_button,50,,,5.187042789459232,False,False,False,-7.8842692375183105,-4.9770097732543945,12.209656715393066,12.69511604309082
47368,0,120,3,0,20,A1,pct_button,10,,,4.76151068687439,False,False,False,-4.9770097732543945,-3.6943440437316895,12.69511604309082,11.746434211730957
47376,0,120,4,3,23,A1,pct_button,50,,,23.44904974222183,False,False,False,-3.6943440437316895,2.418009042739868,11.746434211730957,1.330731749534607
47384,0,120,5,8,36,C1,pct_button,15,,,8.69802740931511,True,True,False,2.418009042739868,-5.554348468780518,1.330731749534607,23.57892608642578
