t,env_id,episode_id,step_in_ep,action_sub_idx,base_action_idx,target,type,pct,step,dir,reward,done,gate_ok,deviation_exploded,C1_before,C1_after,A1_before,A1_after
48304,3,480,-1,,,,,,,,,False,False,False,-2.5904603004455566,-2.5904603004455566,1.8386832475662231,1.8386832475662231
48304,3,480,0,10,38,C1,pct_button,30,,,1.9563915443420414,False,False,False,-2.5904603004455566,-1.307370901107788,1.8386832475662231,2.173384428024292
48312,3,480,1,10,38,C1,pct_button,30,,,6.5594462096691135,True,True,False,-1.307370901107788,-7.41262674331665,2.173384428024292,0.350772500038147
