t,env_id,episode_id,step_in_ep,action_sub_idx,base_action_idx,target,type,pct,step,dir,reward,done,gate_ok,deviation_exploded,C1_before,C1_after,A1_before,A1_after,A2_before,A2_after,B2_before,B2_after,A3_before,A3_after,S3_before,S3_after,C3_before,C3_after
42992,3,570,-1,,,,,,,,,False,False,False,1.0590986013412476,1.0590986013412476,4.77135705947876,4.77135705947876,460.7620849609375,460.7620849609375,319.788818359375,319.788818359375,1282.9622802734375,1282.9622802734375,1058.112060546875,1058.112060546875,-2831.72216796875,-2831.72216796875
42992,3,570,0,1,21,A1,pct_button,20,,,-11.660911321640015,False,False,False,1.0590986013412476,1.0590986013412476,4.77135705947876,4.77135705947876,460.7620849609375,460.7620849609375,319.788818359375,319.788818359375,1282.9622802734375,1282.9622802734375,1058.112060546875,1058.112060546875,-2831.72216796875,-2831.72216796875
43000,3,570,1,12,40,C1,pct_button,100,,,-10.346737444400787,False,False,False,1.0590986013412476,0.36037710309028625,4.77135705947876,4.812991619110107,460.7620849609375,460.7620849609375,319.788818359375,319.788818359375,1282.9622802734375,1282.9622802734375,1058.112060546875,1058.112060546875,-2831.72216796875,-2831.72216796875
43008,3,570,2,1,21,A1,pct_button,20,,,0.979594349861145,True,True,False,0.36037710309028625,-15.084195137023926,4.812991619110107,6.513467788696289,460.7620849609375,136.89817810058594,319.788818359375,312.9179382324219,1282.9622802734375,2919.102294921875,1058.112060546875,1130.2022705078125,-2831.72216796875,1220.39599609375
