t,env_id,episode_id,step_in_ep,action_sub_idx,base_action_idx,target,type,pct,step,dir,reward,done,gate_ok,deviation_exploded,C1_before,C1_after,A1_before,A1_after
9648,5,70,-1,,,,,,,,,False,False,False,10.731679916381836,10.731679916381836,24.36215591430664,24.36215591430664
9648,5,70,0,4,24,A1,pct_button,100,,,56.09197108983994,False,False,False,10.731679916381836,6.705540180206299,24.36215591430664,0.40845000743865967
9656,5,70,1,6,34,C1,pct_button,5,,,0.13227980375289916,False,False,False,6.705540180206299,6.705540180206299,0.40845000743865967,0.40845000743865967
9664,5,70,2,12,40,C1,pct_button,100,,,15.964370830655097,True,True,False,6.705540180206299,13.224241256713867,0.40845000743865967,14.427306175231934
