t,env_id,episode_id,step_in_ep,action_sub_idx,base_action_idx,target,type,pct,step,dir,reward,done,gate_ok,deviation_exploded,C1_before,C1_after,A1_before,A1_after
43248,7,320,-1,,,,,,,,,False,False,False,-13.995125770568848,-13.995125770568848,33.91519546508789,33.91519546508789
43248,7,320,0,2,22,A1,pct_button,30,,,16.268959083557125,False,False,False,-13.995125770568848,-16.254451751708984,33.91519546508789,23.918115615844727
43256,7,320,1,2,22,A1,pct_button,30,,,11.410504951477057,False,False,False,-16.254451751708984,-18.26740074157715,23.918115615844727,16.543018341064453
43264,7,320,2,11,39,C1,pct_button,50,,,18.092092647552487,False,False,False,-18.26740074157715,-9.309285163879395,16.543018341064453,16.710283279418945
43272,7,320,3,3,23,A1,pct_button,50,,,12.843175201416015,False,False,False,-9.309285163879395,-11.87873649597168,16.710283279418945,7.912153244018555
43280,7,320,4,12,40,C1,pct_button,100,,,20.33075778245926,False,False,False,-11.87873649597168,1.6943684816360474,7.912153244018555,8.023319244384766
43288,7,320,5,0,20,A1,pct_button,10,,,2.4260814356803895,False,False,False,1.6943684816360474,1.4061473608016968,8.023319244384766,7.179354667663574
43296,7,320,6,4,24,A1,pct_button,100,,,16.279872568845747,True,True,False,1.4061473608016968,8.177157402038574,7.179354667663574,27.914352416992188
