t,env_id,episode_id,step_in_ep,action_sub_idx,base_action_idx,target,type,pct,step,dir,reward,done,gate_ok,deviation_exploded,C1_before,C1_after,A1_before,A1_after
25696,1,250,-1,,,,,,,,,False,False,False,-1.336951732635498,-1.336951732635498,18.49143409729004,18.49143409729004
25696,1,250,0,1,21,A1,pct_button,20,,,21.948768632411955,False,False,False,-1.336951732635498,-1.9577301740646362,18.49143409729004,6.980655193328857
25704,1,250,1,7,35,C1,pct_button,10,,,0.7976256442070004,False,False,False,-1.9577301740646362,-1.704149603843689,6.980655193328857,6.916630744934082
25712,1,250,2,12,40,C1,pct_button,100,,,1.1352063393592837,False,False,False,-1.704149603843689,1.253621220588684,6.916630744934082,6.875850677490234
25720,1,250,3,10,38,C1,pct_button,30,,,0.33161940097808773,False,False,False,1.253621220588684,1.0893709659576416,6.875850677490234,6.949681758880615
25728,1,250,4,10,38,C1,pct_button,30,,,1.7206600844860078,False,False,False,1.0893709659576416,0.7142550349235535,6.949681758880615,6.5319294929504395
25736,1,250,5,2,22,A1,pct_button,30,,,7.538544237352908,False,False,False,0.7142550349235535,-0.0187851432710886,6.5319294929504395,3.488197088241577
25744,1,250,6,4,24,A1,pct_button,100,,,2.4525965769588947,False,False,False,-0.0187851432710886,-1.201872706413269,3.488197088241577,1.0967979431152344
25752,1,250,7,10,38,C1,pct_button,30,,,5.577897876501083,True,True,False,-1.201872706413269,-19.071640014648438,1.0967979431152344,47.4158935546875
