t,env_id,episode_id,step_in_ep,action_sub_idx,base_action_idx,target,type,pct,step,dir,reward,done,gate_ok,deviation_exploded,C1_before,C1_after,A1_before,A1_after,A2_before,A2_after,B2_before,B2_after,A3_before,A3_after,S3_before,S3_after,C3_before,C3_after
25736,6,320,-1,,,,,,,,,False,False,False,6.261363506317139,6.261363506317139,2.6803483963012695,2.6803483963012695,318.5229797363281,318.5229797363281,445.4047546386719,445.4047546386719,1877.4501953125,1877.4501953125,1663.6904296875,1663.6904296875,2525.37939453125,2525.37939453125
25736,6,320,0,12,40,C1,pct_button,100,,,-9.713040590286255,False,False,False,6.261363506317139,-1.5134350061416626,2.6803483963012695,3.343085289001465,318.5229797363281,318.5229797363281,445.4047546386719,445.4047546386719,1877.4501953125,1877.4501953125,1663.6904296875,1663.6904296875,2525.37939453125,2525.37939453125
25744,6,320,1,0,20,A1,pct_button,10,,,-5.253997564315796,False,False,False,-1.5134350061416626,-1.5463130474090576,3.343085289001465,1.0806857347488403,318.5229797363281,318.5229797363281,445.4047546386719,445.4047546386719,1877.4501953125,1877.4501953125,1663.6904296875,1663.6904296875,2525.37939453125,2525.37939453125
25752,6,320,2,12,40,C1,pct_button,100,,,-5.253997564315796,False,False,False,-1.5463130474090576,-1.5463130474090576,1.0806857347488403,1.0806857347488403,318.5229797363281,318.5229797363281,445.4047546386719,445.4047546386719,1877.4501953125,1877.4501953125,1663.6904296875,1663.6904296875,2525.37939453125,2525.37939453125
25760,6,320,3,12,40,C1,pct_button,100,,,2.1136496663093567,True,True,False,-1.5463130474090576,-5.711188316345215,1.0806857347488403,24.07339096069336,318.5229797363281,370.680908203125,445.4047546386719,128.81658935546875,1877.4501953125,1508.4893798828125,1663.6904296875,1065.565185546875,2525.37939453125,2275.58642578125
