t,env_id,episode_id,step_in_ep,action_sub_idx,base_action_idx,target,type,pct,step,dir,reward,done,gate_ok,deviation_exploded,C1_before,C1_after,A1_before,A1_after,A2_before,A2_after,B2_before,B2_after,A3_before,A3_after,S3_before,S3_after,C3_before,C3_after
22024,5,260,-1,,,,,,,,,False,False,False,-14.58470630645752,-14.58470630645752,14.693929672241211,14.693929672241211,403.0033874511719,403.0033874511719,235.01480102539062,235.01480102539062,1042.26953125,1042.26953125,1425.1964111328125,1425.1964111328125,-907.1326293945312,-907.1326293945312
22024,5,260,0,12,40,C1,pct_button,100,,,-42.55284118652344,False,False,False,-14.58470630645752,6.901429176330566,14.693929672241211,14.374991416931152,403.0033874511719,403.0033874511719,235.01480102539062,235.01480102539062,1042.26953125,1042.26953125,1425.1964111328125,1425.1964111328125,-907.1326293945312,-907.1326293945312
22032,5,260,1,12,40,C1,pct_button,100,,,-32.374327421188354,False,False,False,6.901429176330566,-1.1595157384872437,14.374991416931152,15.027647972106934,403.0033874511719,403.0033874511719,235.01480102539062,235.01480102539062,1042.26953125,1042.26953125,1425.1964111328125,1425.1964111328125,-907.1326293945312,-907.1326293945312
22040,5,260,2,1,21,A1,pct_button,20,,,-13.101486206054688,False,False,False,-1.1595157384872437,-1.6929059028625488,15.027647972106934,4.857837200164795,403.0033874511719,403.0033874511719,235.01480102539062,235.01480102539062,1042.26953125,1042.26953125,1425.1964111328125,1425.1964111328125,-907.1326293945312,-907.1326293945312
22048,5,260,3,12,40,C1,pct_button,100,,,-10.735336661338806,False,False,False,-1.6929059028625488,0.2651135325431824,4.857837200164795,5.102554798126221,403.0033874511719,403.0033874511719,235.01480102539062,235.01480102539062,1042.26953125,1042.26953125,1425.1964111328125,1425.1964111328125,-907.1326293945312,-907.1326293945312
22056,5,260,4,1,21,A1,pct_button,20,,,0.7465811371803284,True,True,False,0.2651135325431824,4.843548774719238,5.102554798126221,37.45732116699219,403.0033874511719,439.265869140625,235.01480102539062,142.82415771484375,1042.26953125,2037.286376953125,1425.1964111328125,1909.10791015625,-907.1326293945312,-2637.74365234375
