t,env_id,episode_id,step_in_ep,action_sub_idx,base_action_idx,target,type,pct,step,dir,reward,done,gate_ok,deviation_exploded,C1_before,C1_after,A1_before,A1_after,A2_before,A2_after,B2_before,B2_after,A3_before,A3_after,S3_before,S3_after,C3_before,C3_after
9608,6,100,-1,,,,,,,,,False,True,False,-0.3451617956161499,-0.3451617956161499,4.464573383331299,4.464573383331299,175.86129760742188,175.86129760742188,441.281005859375,441.281005859375,1945.8172607421875,1945.8172607421875,1373.411376953125,1373.411376953125,-1269.494873046875,-1269.494873046875
9608,6,100,0,1,21,A1,pct_button,20,,,1.5571422576904297,True,True,False,-0.3451617956161499,-8.482048034667969,4.464573383331299,45.08230209350586,175.86129760742188,438.94183349609375,441.281005859375,229.32821655273438,1945.8172607421875,2201.48828125,1373.411376953125,1074.9822998046875,-1269.494873046875,-2463.515625
