t,env_id,episode_id,step_in_ep,action_sub_idx,base_action_idx,target,type,pct,step,dir,reward,done,gate_ok,deviation_exploded,C1_before,C1_after,A1_before,A1_after,A2_before,A2_after,B2_before,B2_after,A3_before,A3_after,S3_before,S3_after,C3_before,C3_after
30248,0,380,-1,,,,,,,,,False,False,False,10.317022323608398,10.317022323608398,4.578599452972412,4.578599452972412,143.43177795410156,143.43177795410156,301.5755920410156,301.5755920410156,1184.6973876953125,1184.6973876953125,2312.757080078125,2312.757080078125,-2152.561279296875,-2152.561279296875
30248,0,380,0,3,23,A1,pct_button,50,,,-24.104219913482666,False,False,False,10.317022323608398,10.57203197479248,4.578599452972412,1.4800779819488525,143.43177795410156,143.43177795410156,301.5755920410156,301.5755920410156,1184.6973876953125,1184.6973876953125,2312.757080078125,2312.757080078125,-2152.561279296875,-2152.561279296875
30256,0,380,1,3,23,A1,pct_button,50,,,-22.570637106895447,False,False,False,10.57203197479248,10.806868553161621,1.4800779819488525,0.4784500002861023,143.43177795410156,143.43177795410156,301.5755920410156,301.5755920410156,1184.6973876953125,1184.6973876953125,2312.757080078125,2312.757080078125,-2152.561279296875,-2152.561279296875
30264,0,380,2,4,24,A1,pct_button,100,,,-23.31328907608986,False,False,False,10.806868553161621,11.501980781555176,0.4784500002861023,0.15466375648975372,143.43177795410156,143.43177795410156,301.5755920410156,301.5755920410156,1184.6973876953125,1184.6973876953125,2312.757080078125,2312.757080078125,-2152.561279296875,-2152.561279296875
30272,0,380,3,1,21,A1,pct_button,20,,,-22.615465618669987,False,False,False,11.501980781555176,11.257736206054688,0.15466375648975372,0.04999660328030586,143.43177795410156,143.43177795410156,301.5755920410156,301.5755920410156,1184.6973876953125,1184.6973876953125,2312.757080078125,2312.757080078125,-2152.561279296875,-2152.561279296875
30280,0,380,4,12,40,C1,pct_button,100,,,2.9497227668762207,True,True,False,11.257736206054688,-1.4801702499389648,0.04999660328030586,25.635149002075195,143.43177795410156,416.071533203125,301.5755920410156,100.99838256835938,1184.6973876953125,1793.8309326171875,2312.757080078125,1499.483154296875,-2152.561279296875,-1428.5244140625
