t,env_id,episode_id,step_in_ep,action_sub_idx,base_action_idx,target,type,pct,step,dir,reward,done,gate_ok,deviation_exploded,C1_before,C1_after,A1_before,A1_after,A2_before,A2_after,B2_before,B2_after,A3_before,A3_after,S3_before,S3_after,C3_before,C3_after
31080,7,400,-1,,,,,,,,,False,False,False,1.969067931175232,1.969067931175232,4.0017619132995605,4.0017619132995605,263.89105224609375,263.89105224609375,309.400390625,309.400390625,2824.11962890625,2824.11962890625,2623.728759765625,2623.728759765625,2277.16064453125,2277.16064453125
31080,7,400,0,2,22,A1,pct_button,30,,,-5.567558765411377,False,False,False,1.969067931175232,1.490169882774353,4.0017619132995605,1.2936094999313354,263.89105224609375,263.89105224609375,309.400390625,309.400390625,2824.11962890625,2824.11962890625,2623.728759765625,2623.728759765625,2277.16064453125,2277.16064453125
31088,7,400,1,12,40,C1,pct_button,100,,,1.5007707476615906,True,True,False,1.490169882774353,-5.261139392852783,1.2936094999313354,14.197469711303711,263.89105224609375,401.0098571777344,309.400390625,251.64120483398438,2824.11962890625,1962.9232177734375,2623.728759765625,1718.1688232421875,2277.16064453125,1850.509521484375
