t,env_id,episode_id,step_in_ep,action_sub_idx,base_action_idx,target,type,pct,step,dir,reward,done,gate_ok,deviation_exploded,C1_before,C1_after,A1_before,A1_after,A2_before,A2_after,B2_before,B2_after,A3_before,A3_after,S3_before,S3_after,C3_before,C3_after
7360,6,70,-1,,,,,,,,,False,False,False,5.510014057159424,5.510014057159424,23.750261306762695,23.750261306762695,109.2754135131836,109.2754135131836,182.55752563476562,182.55752563476562,2020.7652587890625,2020.7652587890625,2839.835693359375,2839.835693359375,-899.0623779296875,-899.0623779296875
7360,6,70,0,4,24,A1,pct_button,100,,,40.70095535993576,False,False,False,5.510014057159424,1.3172353506088257,23.750261306762695,7.677509784698486,109.2754135131836,109.2754135131836,182.55752563476562,182.55752563476562,2020.7652587890625,2020.7652587890625,2839.835693359375,2839.835693359375,-899.0623779296875,-899.0623779296875
7368,6,70,1,0,20,A1,pct_button,10,,,0.16989490270614538,False,False,False,1.3172353506088257,1.3172353506088257,7.677509784698486,7.677509784698486,109.2754135131836,109.2754135131836,182.55752563476562,182.55752563476562,2020.7652587890625,2020.7652587890625,2839.835693359375,2839.835693359375,-899.0623779296875,-899.0623779296875
7376,6,70,2,5,33,C1,pct_button,1,,,0.16989490270614538,False,False,False,1.3172353506088257,1.3172353506088257,7.677509784698486,7.677509784698486,109.2754135131836,109.2754135131836,182.55752563476562,182.55752563476562,2020.7652587890625,2020.7652587890625,2839.835693359375,2839.835693359375,-899.0623779296875,-899.0623779296875
7384,6,70,3,0,20,A1,pct_button,10,,,15.84347449541092,True,True,False,1.3172353506088257,-13.514738082885742,7.677509784698486,27.104419708251953,109.2754135131836,352.5269775390625,182.55752563476562,471.0433654785156,2020.7652587890625,2747.8720703125,2839.835693359375,1521.485595703125,-899.0623779296875,1745.0863037109375
