t,env_id,episode_id,step_in_ep,action_sub_idx,base_action_idx,target,type,pct,step,dir,reward,done,gate_ok,deviation_exploded,C1_before,C1_after,A1_before,A1_after,A2_before,A2_after,B2_before,B2_after,A3_before,A3_after,S3_before,S3_after,C3_before,C3_after
17240,2,180,-1,,,,,,,,,False,False,False,13.010476112365723,13.010476112365723,2.6164653301239014,2.6164653301239014,423.9150695800781,423.9150695800781,476.1253662109375,476.1253662109375,1921.3408203125,1921.3408203125,2192.41455078125,2192.41455078125,-2725.972412109375,-2725.972412109375
17240,2,180,0,4,24,A1,pct_button,100,,,-28.122638821601868,False,False,False,13.010476112365723,13.215520858764648,2.6164653301239014,0.8457985520362854,423.9150695800781,423.9150695800781,476.1253662109375,476.1253662109375,1921.3408203125,1921.3408203125,2192.41455078125,2192.41455078125,-2725.972412109375,-2725.972412109375
17248,2,180,1,2,22,A1,pct_button,30,,,-25.85552817583084,False,False,False,13.215520858764648,12.654351234436035,0.8457985520362854,0.2734128534793854,423.9150695800781,423.9150695800781,476.1253662109375,476.1253662109375,1921.3408203125,1921.3408203125,2192.41455078125,2192.41455078125,-2725.972412109375,-2725.972412109375
17256,2,180,2,0,20,A1,pct_button,10,,,-25.606767177581787,False,False,False,12.654351234436035,12.71500015258789,0.2734128534793854,0.08838343620300293,423.9150695800781,423.9150695800781,476.1253662109375,476.1253662109375,1921.3408203125,1921.3408203125,2192.41455078125,2192.41455078125,-2725.972412109375,-2725.972412109375
17264,2,180,3,12,40,C1,pct_button,100,,,1.5320994853973389,True,True,False,12.71500015258789,4.102428913116455,0.08838343620300293,22.957679748535156,423.9150695800781,139.1215362548828,476.1253662109375,260.1830749511719,1921.3408203125,2519.036376953125,2192.41455078125,1094.39453125,-2725.972412109375,2531.1181640625
