t,env_id,episode_id,step_in_ep,action_sub_idx,base_action_idx,target,type,pct,step,dir,reward,done,gate_ok,deviation_exploded,C1_before,C1_after,A1_before,A1_after
41536,3,400,-1,,,,,,,,,False,False,False,8.518143653869629,8.518143653869629,33.88959503173828,33.88959503173828
41536,3,400,0,1,21,A1,pct_button,20,,,47.594095392227175,False,False,False,8.518143653869629,6.9107232093811035,33.88959503173828,11.882904052734375
41544,3,400,1,0,20,A1,pct_button,10,,,0.3658725452423093,False,False,False,6.9107232093811035,6.9107232093811035,11.882904052734375,11.882904052734375
41552,3,400,2,1,21,A1,pct_button,20,,,20.924690310955047,False,False,False,6.9107232093811035,6.672008991241455,11.882904052734375,1.7383769750595093
41560,3,400,3,10,38,C1,pct_button,30,,,4.266708521842958,False,False,False,6.672008991241455,4.691421031951904,1.7383769750595093,1.6439645290374756
41568,3,400,4,2,22,A1,pct_button,30,,,0.913810963630677,False,False,False,4.691421031951904,4.1797919273376465,1.6439645290374756,1.7530162334442139
41576,3,400,5,5,33,C1,pct_button,1,,,0.18752091884613065,False,False,False,4.1797919273376465,4.142165660858154,1.7530162334442139,1.7508118152618408
41584,3,400,6,11,39,C1,pct_button,50,,,11.149686675071717,True,True,False,4.142165660858154,5.3365983963012695,1.7508118152618408,8.379034996032715
