t,env_id,episode_id,step_in_ep,action_sub_idx,base_action_idx,target,type,pct,step,dir,reward,done,gate_ok,deviation_exploded,C1_before,C1_after,A1_before,A1_after
34144,0,260,-1,,,,,,,,,False,False,False,8.299585342407227,8.299585342407227,17.864013671875,17.864013671875
34144,0,260,0,4,24,A1,pct_button,100,,,25.78086896896362,False,False,False,8.299585342407227,7.242927074432373,17.864013671875,6.15925931930542
34152,0,260,1,3,23,A1,pct_button,50,,,6.730816783905029,False,False,False,7.242927074432373,5.572659015655518,6.15925931930542,4.560450077056885
34160,0,260,2,6,34,C1,pct_button,5,,,0.7823808956146239,False,False,False,5.572659015655518,5.281785011291504,4.560450077056885,4.553486347198486
34168,0,260,3,2,22,A1,pct_button,30,,,2.581177101135255,False,False,False,5.281785011291504,4.801945209503174,4.553486347198486,3.8239970207214355
34176,0,260,4,4,24,A1,pct_button,100,,,5.029442999362946,False,False,False,4.801945209503174,4.647591590881348,3.8239970207214355,1.5203081369400024
34184,0,260,5,11,39,C1,pct_button,50,,,12.165291945934296,True,True,False,4.647591590881348,-1.298152208328247,1.5203081369400024,34.82769012451172
