t,env_id,episode_id,step_in_ep,action_sub_idx,base_action_idx,target,type,pct,step,dir,reward,done,gate_ok,deviation_exploded,C1_before,C1_after,A1_before,A1_after,A2_before,A2_after,B2_before,B2_after,A3_before,A3_after,S3_before,S3_after,C3_before,C3_after
23592,3,280,-1,,,,,,,,,False,False,False,10.135747909545898,10.135747909545898,20.80483055114746,20.80483055114746,251.98199462890625,251.98199462890625,162.44215393066406,162.44215393066406,2956.61279296875,2956.61279296875,1978.09423828125,1978.09423828125,2491.208740234375,2491.208740234375
23592,3,280,0,12,40,C1,pct_button,100,,,-61.88115692138672,False,False,False,10.135747909545898,10.135747909545898,20.80483055114746,20.80483055114746,251.98199462890625,251.98199462890625,162.44215393066406,162.44215393066406,2956.61279296875,2956.61279296875,1978.09423828125,1978.09423828125,2491.208740234375,2491.208740234375
23600,3,280,1,0,20,A1,pct_button,10,,,-32.90249061584473,False,False,False,10.135747909545898,9.725875854492188,20.80483055114746,6.725369453430176,251.98199462890625,251.98199462890625,162.44215393066406,162.44215393066406,2956.61279296875,2956.61279296875,1978.09423828125,1978.09423828125,2491.208740234375,2491.208740234375
23608,3,280,2,12,40,C1,pct_button,100,,,-12.964320123195648,False,False,False,9.725875854492188,-0.1788940131664276,6.725369453430176,6.3032660484313965,251.98199462890625,251.98199462890625,162.44215393066406,162.44215393066406,2956.61279296875,2956.61279296875,1978.09423828125,1978.09423828125,2491.208740234375,2491.208740234375
23616,3,280,3,0,20,A1,pct_button,10,,,0.40793895721435547,True,True,False,-0.1788940131664276,1.0285316705703735,6.3032660484313965,46.6389045715332,251.98199462890625,434.8324279785156,162.44215393066406,451.89813232421875,2956.61279296875,2202.809326171875,1978.09423828125,2921.232177734375,2491.208740234375,-1913.015869140625
