t,env_id,episode_id,step_in_ep,action_sub_idx,base_action_idx,target,type,pct,step,dir,reward,done,gate_ok,deviation_exploded,C1_before,C1_after,A1_before,A1_after,A2_before,A2_after,B2_before,B2_after,A3_before,A3_after,S3_before,S3_after,C3_before,C3_after
10992,6,100,-1,,,,,,,,,False,False,False,-5.518764972686768,-5.518764972686768,22.44843292236328,22.44843292236328,120.12393188476562,120.12393188476562,183.74098205566406,183.74098205566406,1181.183837890625,1181.183837890625,2178.57373046875,2178.57373046875,-1971.1229248046875,-1971.1229248046875
10992,6,100,0,2,22,A1,pct_button,30,,,26.84292769432068,False,False,False,-5.518764972686768,-6.955562591552734,22.44843292236328,7.7320475578308105,120.12393188476562,120.12393188476562,183.74098205566406,183.74098205566406,1181.183837890625,1181.183837890625,2178.57373046875,2178.57373046875,-1971.1229248046875,-1971.1229248046875
11000,6,100,1,9,37,C1,pct_button,20,,,2.9493613052368186,False,False,False,-6.955562591552734,-5.3240509033203125,7.7320475578308105,8.017292022705078,120.12393188476562,120.12393188476562,183.74098205566406,183.74098205566406,1181.183837890625,1181.183837890625,2178.57373046875,2178.57373046875,-1971.1229248046875,-1971.1229248046875
11008,6,100,2,12,40,C1,pct_button,100,,,12.012222790196539,False,False,False,-5.3240509033203125,0.04263286665081978,8.017292022705078,7.3616414070129395,120.12393188476562,120.12393188476562,183.74098205566406,183.74098205566406,1181.183837890625,1181.183837890625,2178.57373046875,2178.57373046875,-1971.1229248046875,-1971.1229248046875
11016,6,100,3,8,36,C1,pct_button,15,,,-0.4951994755864144,False,False,False,0.04263286665081978,0.28267553448677063,7.3616414070129395,7.441439628601074,120.12393188476562,120.12393188476562,183.74098205566406,183.74098205566406,1181.183837890625,1181.183837890625,2178.57373046875,2178.57373046875,-1971.1229248046875,-1971.1229248046875
11024,6,100,4,1,21,A1,pct_button,20,,,16.16976004600525,True,True,False,0.28267553448677063,-14.268278121948242,7.441439628601074,40.74401092529297,120.12393188476562,102.72240447998047,183.74098205566406,130.0479736328125,1181.183837890625,2499.951171875,2178.57373046875,2650.760498046875,-1971.1229248046875,-1179.325927734375
