t,env_id,episode_id,step_in_ep,action_sub_idx,base_action_idx,target,type,pct,step,dir,reward,done,gate_ok,deviation_exploded,C1_before,C1_after,A1_before,A1_after,A2_before,A2_after,B2_before,B2_after,A3_before,A3_after,S3_before,S3_after,C3_before,C3_after
10960,4,100,-1,,,,,,,,,False,False,False,-3.046064853668213,-3.046064853668213,45.281044006347656,45.281044006347656,260.2607116699219,260.2607116699219,420.7416076660156,420.7416076660156,2889.232421875,2889.232421875,2548.532958984375,2548.532958984375,1656.423828125,1656.423828125
10960,4,100,0,12,40,C1,pct_button,100,,,7.561486586332327,False,False,False,-3.046064853668213,0.764776885509491,45.281044006347656,44.22650146484375,260.2607116699219,260.2607116699219,420.7416076660156,420.7416076660156,2889.232421875,2889.232421875,2548.532958984375,2548.532958984375,1656.423828125,1656.423828125
10968,4,100,1,2,22,A1,pct_button,30,,,57.42992085933685,False,False,False,0.764776885509491,-2.7096986770629883,44.22650146484375,13.72597599029541,260.2607116699219,260.2607116699219,420.7416076660156,420.7416076660156,2889.232421875,2889.232421875,2548.532958984375,2548.532958984375,1656.423828125,1656.423828125
10976,4,100,2,0,20,A1,pct_button,10,,,16.65255031585693,False,False,False,-2.7096986770629883,-3.0576863288879395,13.72597599029541,5.128575801849365,260.2607116699219,260.2607116699219,420.7416076660156,420.7416076660156,2889.232421875,2889.232421875,2548.532958984375,2548.532958984375,1656.423828125,1656.423828125
10984,4,100,3,8,36,C1,pct_button,15,,,1.2440058708190926,False,False,False,-3.0576863288879395,-2.631709098815918,5.128575801849365,5.00390625,260.2607116699219,260.2607116699219,420.7416076660156,420.7416076660156,2889.232421875,2889.232421875,2548.532958984375,2548.532958984375,1656.423828125,1656.423828125
10992,4,100,4,10,38,C1,pct_button,30,,,2.227946825027466,False,False,False,-2.631709098815918,-1.610163688659668,5.00390625,4.9723029136657715,260.2607116699219,260.2607116699219,420.7416076660156,420.7416076660156,2889.232421875,2889.232421875,2548.532958984375,2548.532958984375,1656.423828125,1656.423828125
11000,4,100,5,4,24,A1,pct_button,100,,,15.322204965949059,True,True,False,-1.610163688659668,10.621788024902344,4.9723029136657715,1.1930949687957764,260.2607116699219,424.0053405761719,420.7416076660156,170.4421844482422,2889.232421875,1867.69921875,2548.532958984375,2146.79150390625,1656.423828125,-2432.0771484375
