t,env_id,episode_id,step_in_ep,action_sub_idx,base_action_idx,target,type,pct,step,dir,reward,done,gate_ok,deviation_exploded,C1_before,C1_after,A1_before,A1_after,A2_before,A2_after,B2_before,B2_after,A3_before,A3_after,S3_before,S3_after,C3_before,C3_after
49840,3,670,-1,,,,,,,,,False,False,False,-7.698632717132568,-7.698632717132568,26.025842666625977,26.025842666625977,218.58140563964844,218.58140563964844,105.15791320800781,105.15791320800781,2075.4609375,2075.4609375,1905.432373046875,1905.432373046875,1807.5396728515625,1807.5396728515625
49840,3,670,0,12,40,C1,pct_button,100,,,-58.24994707107544,False,False,False,-7.698632717132568,2.697359323501587,26.025842666625977,26.427614212036133,218.58140563964844,218.58140563964844,105.15791320800781,105.15791320800781,2075.4609375,2075.4609375,1905.432373046875,1905.432373046875,1807.5396728515625,1807.5396728515625
49848,3,670,1,4,24,A1,pct_button,100,,,-58.24994707107544,False,False,False,2.697359323501587,2.697359323501587,26.427614212036133,26.427614212036133,218.58140563964844,218.58140563964844,105.15791320800781,105.15791320800781,2075.4609375,2075.4609375,1905.432373046875,1905.432373046875,1807.5396728515625,1807.5396728515625
49856,3,670,2,2,22,A1,pct_button,30,,,-18.612313747406006,False,False,False,2.697359323501587,0.7631661891937256,26.427614212036133,8.542990684509277,218.58140563964844,218.58140563964844,105.15791320800781,105.15791320800781,2075.4609375,2075.4609375,1905.432373046875,1905.432373046875,1807.5396728515625,1807.5396728515625
49864,3,670,3,12,40,C1,pct_button,100,,,-15.499132975935936,False,False,False,0.7631661891937256,-0.1108207032084465,8.542990684509277,7.6387457847595215,218.58140563964844,218.58140563964844,105.15791320800781,105.15791320800781,2075.4609375,2075.4609375,1905.432373046875,1905.432373046875,1807.5396728515625,1807.5396728515625
49872,3,670,4,3,23,A1,pct_button,50,,,-1.99924635887146,True,True,False,-0.1108207032084465,-7.6341705322265625,7.6387457847595215,37.66269302368164,218.58140563964844,109.11272430419922,105.15791320800781,329.4376525878906,2075.4609375,1344.1767578125,1905.432373046875,2509.0771484375,1807.5396728515625,-1604.145263671875
