t,env_id,episode_id,step_in_ep,action_sub_idx,base_action_idx,target,type,pct,step,dir,reward,done,gate_ok,deviation_exploded,C1_before,C1_after,A1_before,A1_after,A2_before,A2_after,B2_before,B2_after,A3_before,A3_after,S3_before,S3_after,C3_before,C3_after
29856,6,260,-1,,,,,,,,,False,False,False,12.945403099060059,12.945403099060059,21.670297622680664,21.670297622680664,140.22779846191406,140.22779846191406,454.6113586425781,454.6113586425781,2137.847900390625,2137.847900390625,2063.541015625,2063.541015625,1959.42041015625,1959.42041015625
29856,6,260,0,2,22,A1,pct_button,30,,,0.6823140144348139,False,False,False,12.945403099060059,12.945403099060059,21.670297622680664,21.670297622680664,140.22779846191406,140.22779846191406,454.6113586425781,454.6113586425781,2137.847900390625,2137.847900390625,2063.541015625,2063.541015625,1959.42041015625,1959.42041015625
29864,6,260,1,10,38,C1,pct_button,30,,,11.650498046874999,False,False,False,12.945403099060059,7.474649429321289,21.670297622680664,21.601564407348633,140.22779846191406,140.22779846191406,454.6113586425781,454.6113586425781,2137.847900390625,2137.847900390625,2063.541015625,2063.541015625,1959.42041015625,1959.42041015625
29872,6,260,2,4,24,A1,pct_button,100,,,15.910174951553342,False,False,False,7.474649429321289,4.152445316314697,21.601564407348633,17.17697525024414,140.22779846191406,140.22779846191406,454.6113586425781,454.6113586425781,2137.847900390625,2137.847900390625,2063.541015625,2063.541015625,1959.42041015625,1959.42041015625
29880,6,260,3,11,39,C1,pct_button,50,,,5.515607545375827,False,False,False,4.152445316314697,1.511574149131775,17.17697525024414,17.242584228515625,140.22779846191406,140.22779846191406,454.6113586425781,454.6113586425781,2137.847900390625,2137.847900390625,2063.541015625,2063.541015625,1959.42041015625,1959.42041015625
29888,6,260,4,2,22,A1,pct_button,30,,,36.625707525014874,True,True,False,1.511574149131775,-7.740476608276367,17.242584228515625,17.143901824951172,140.22779846191406,363.9490661621094,454.6113586425781,152.12353515625,2137.847900390625,2478.51806640625,2063.541015625,2861.74609375,1959.42041015625,2698.67431640625
