t,env_id,episode_id,step_in_ep,action_sub_idx,base_action_idx,target,type,pct,step,dir,reward,done,gate_ok,deviation_exploded,C1_before,C1_after,A1_before,A1_after,A2_before,A2_after,B2_before,B2_after,A3_before,A3_after,S3_before,S3_after,C3_before,C3_after
19800,2,220,-1,,,,,,,,,False,False,False,-6.944276809692383,-6.944276809692383,7.174169540405273,7.174169540405273,429.39837646484375,429.39837646484375,176.3614044189453,176.3614044189453,2967.96240234375,2967.96240234375,1083.21533203125,1083.21533203125,-1129.5206298828125,-1129.5206298828125
19800,2,220,0,0,20,A1,pct_button,10,,,-28.236892700195312,False,False,False,-6.944276809692383,-6.944276809692383,7.174169540405273,7.174169540405273,429.39837646484375,429.39837646484375,176.3614044189453,176.3614044189453,2967.96240234375,2967.96240234375,1083.21533203125,1083.21533203125,-1129.5206298828125,-1129.5206298828125
19808,2,220,1,12,40,C1,pct_button,100,,,-16.981581568717957,False,False,False,-6.944276809692383,0.9463567137718201,7.174169540405273,7.544434070587158,429.39837646484375,429.39837646484375,176.3614044189453,176.3614044189453,2967.96240234375,2967.96240234375,1083.21533203125,1083.21533203125,-1129.5206298828125,-1129.5206298828125
19816,2,220,2,0,20,A1,pct_button,10,,,-16.981581568717957,False,False,False,0.9463567137718201,0.9463567137718201,7.544434070587158,7.544434070587158,429.39837646484375,429.39837646484375,176.3614044189453,176.3614044189453,2967.96240234375,2967.96240234375,1083.21533203125,1083.21533203125,-1129.5206298828125,-1129.5206298828125
19824,2,220,3,0,20,A1,pct_button,10,,,-1.4500601291656494,True,True,False,0.9463567137718201,14.628744125366211,7.544434070587158,45.72428512573242,429.39837646484375,490.1186828613281,176.3614044189453,344.1392822265625,2967.96240234375,2518.76904296875,1083.21533203125,1038.552001953125,-1129.5206298828125,-2780.79833984375
