t,env_id,episode_id,step_in_ep,action_sub_idx,base_action_idx,target,type,pct,step,dir,reward,done,gate_ok,deviation_exploded,C1_before,C1_after,A1_before,A1_after
17056,7,110,-1,,,,,,,,,False,False,False,-16.619169235229492,-16.619169235229492,23.06851577758789,23.06851577758789
17056,7,110,0,0,20,A1,pct_button,10,,,5.202997322082515,False,False,False,-16.619169235229492,-17.307788848876953,23.06851577758789,20.1479549407959
17064,7,110,1,7,35,C1,pct_button,10,,,0.7391148757934525,False,False,False,-17.307788848876953,-17.307788848876953,20.1479549407959,20.1479549407959
17072,7,110,2,6,34,C1,pct_button,5,,,0.7391148757934525,False,False,False,-17.307788848876953,-17.307788848876953,20.1479549407959,20.1479549407959
17080,7,110,3,2,22,A1,pct_button,30,,,0.7391148757934525,False,False,False,-17.307788848876953,-17.307788848876953,20.1479549407959,20.1479549407959
17088,7,110,4,12,40,C1,pct_button,100,,,24.190070323944088,False,False,False,-17.307788848876953,5.780804634094238,20.1479549407959,19.831022262573242
17096,7,110,5,6,34,C1,pct_button,5,,,0.5022365379333473,False,False,False,5.780804634094238,5.780804634094238,19.831022262573242,19.831022262573242
17104,7,110,6,4,24,A1,pct_button,100,,,50.764668234586715,True,True,False,5.780804634094238,14.218192100524902,19.831022262573242,48.20309066772461
