t,env_id,episode_id,step_in_ep,action_sub_idx,base_action_idx,target,type,pct,step,dir,reward,done,gate_ok,deviation_exploded,C1_before,C1_after,A1_before,A1_after,A2_before,A2_after,B2_before,B2_after,A3_before,A3_after,S3_before,S3_after,C3_before,C3_after
37416,2,330,-1,,,,,,,,,False,False,False,3.472923994064331,3.472923994064331,15.157244682312012,15.157244682312012,118.5458755493164,118.5458755493164,348.9237976074219,348.9237976074219,2395.81201171875,2395.81201171875,2449.661865234375,2449.661865234375,-2599.0869140625,-2599.0869140625
37416,2,330,0,4,24,A1,pct_button,100,,,23.04022116422653,False,False,False,3.472923994064331,-0.8923033475875854,15.157244682312012,6.284523010253906,118.5458755493164,118.5458755493164,348.9237976074219,348.9237976074219,2395.81201171875,2395.81201171875,2449.661865234375,2449.661865234375,-2599.0869140625,-2599.0869140625
37424,2,330,1,8,36,C1,pct_button,15,,,-0.32476472735404927,False,False,False,-0.8923033475875854,-0.9446719288825989,6.284523010253906,6.463619709014893,118.5458755493164,118.5458755493164,348.9237976074219,348.9237976074219,2395.81201171875,2395.81201171875,2449.661865234375,2449.661865234375,-2599.0869140625,-2599.0869140625
37432,2,330,2,11,39,C1,pct_button,50,,,1.971554131507874,False,False,False,-0.9446719288825989,-0.5011744499206543,6.463619709014893,5.981163501739502,118.5458755493164,118.5458755493164,348.9237976074219,348.9237976074219,2395.81201171875,2395.81201171875,2449.661865234375,2449.661865234375,-2599.0869140625,-2599.0869140625
37440,2,330,3,12,40,C1,pct_button,100,,,0.7228394961357123,False,False,False,-0.5011744499206543,0.4111584424972534,5.981163501739502,5.766536712646484,118.5458755493164,118.5458755493164,348.9237976074219,348.9237976074219,2395.81201171875,2395.81201171875,2449.661865234375,2449.661865234375,-2599.0869140625,-2599.0869140625
37448,2,330,4,2,22,A1,pct_button,30,,,15.432143683880568,True,True,False,0.4111584424972534,-9.954955101013184,5.766536712646484,40.62990188598633,118.5458755493164,499.2713317871094,348.9237976074219,233.35189819335938,2395.81201171875,1785.9036865234375,2449.661865234375,2868.981201171875,-2599.0869140625,-981.956298828125
