t,env_id,episode_id,step_in_ep,action_sub_idx,base_action_idx,target,type,pct,step,dir,reward,done,gate_ok,deviation_exploded,C1_before,C1_after,A1_before,A1_after,A2_before,A2_after,B2_before,B2_after,A3_before,A3_after,S3_before,S3_after,C3_before,C3_after
39880,3,520,-1,,,,,,,,,False,False,False,1.6454241275787354,1.6454241275787354,18.284515380859375,18.284515380859375,150.29421997070312,150.29421997070312,301.0136413574219,301.0136413574219,1729.4622802734375,1729.4622802734375,2184.397705078125,2184.397705078125,-2975.858642578125,-2975.858642578125
39880,3,520,0,1,21,A1,pct_button,20,,,-12.923469305038452,False,False,False,1.6454241275787354,0.5510824918746948,18.284515380859375,5.910652160644531,150.29421997070312,150.29421997070312,301.0136413574219,301.0136413574219,1729.4622802734375,1729.4622802734375,2184.397705078125,2184.397705078125,-2975.858642578125,-2975.858642578125
39888,3,520,1,1,21,A1,pct_button,20,,,0.9003753662109375,True,True,False,0.5510824918746948,13.983773231506348,5.910652160644531,28.085163116455078,150.29421997070312,477.2944030761719,301.0136413574219,371.9168701171875,1729.4622802734375,1956.4815673828125,2184.397705078125,2598.321533203125,-2975.858642578125,2674.466552734375
