t,env_id,episode_id,step_in_ep,action_sub_idx,base_action_idx,target,type,pct,step,dir,reward,done,gate_ok,deviation_exploded,C1_before,C1_after,A1_before,A1_after
39128,6,390,-1,,,,,,,,,False,False,False,-10.243131637573242,-10.243131637573242,25.692123413085938,25.692123413085938
39128,6,390,0,7,35,C1,pct_button,10,,,2.089797096252445,False,False,False,-10.243131637573242,-9.372690200805664,25.692123413085938,25.86504364013672
39136,6,390,1,1,21,A1,pct_button,20,,,33.732222461700445,False,False,False,-9.372690200805664,-10.474302291870117,25.86504364013672,8.077841758728027
39144,6,390,2,8,36,C1,pct_button,15,,,3.2933340263366713,False,False,False,-10.474302291870117,-9.063990592956543,8.077841758728027,8.007198333740234
39152,6,390,3,12,40,C1,pct_button,100,,,20.742316252589223,False,False,False,-9.063990592956543,0.43256208300590515,8.007198333740234,6.330095291137695
39160,6,390,4,1,21,A1,pct_button,20,,,0.12525314748287264,False,False,False,0.43256208300590515,0.43256208300590515,6.330095291137695,6.330095291137695
39168,6,390,5,8,36,C1,pct_button,15,,,-0.1766314780712135,False,False,False,0.43256208300590515,0.3097538352012634,6.330095291137695,6.60537052154541
39176,6,390,6,0,20,A1,pct_button,10,,,17.513891026899216,True,True,False,0.3097538352012634,5.129983901977539,6.60537052154541,26.872577667236328
