t,env_id,episode_id,step_in_ep,action_sub_idx,base_action_idx,target,type,pct,step,dir,reward,done,gate_ok,deviation_exploded,C1_before,C1_after,A1_before,A1_after,A2_before,A2_after,B2_before,B2_after,A3_before,A3_after,S3_before,S3_after,C3_before,C3_after
28128,0,340,-1,,,,,,,,,False,False,False,-0.38023054599761963,-0.38023054599761963,40.67252731323242,40.67252731323242,478.864013671875,478.864013671875,313.4647216796875,313.4647216796875,2756.716552734375,2756.716552734375,1965.128173828125,1965.128173828125,909.8079223632812,909.8079223632812
28128,0,340,0,2,22,A1,pct_button,30,,,-32.54779291152954,False,False,False,-0.38023054599761963,-3.1260950565338135,40.67252731323242,13.147801399230957,478.864013671875,478.864013671875,313.4647216796875,313.4647216796875,2756.716552734375,2756.716552734375,1965.128173828125,1965.128173828125,909.8079223632812,909.8079223632812
28136,0,340,1,1,21,A1,pct_button,20,,,-15.945696830749512,False,False,False,-3.1260950565338135,-3.7226901054382324,13.147801399230957,4.250158309936523,478.864013671875,478.864013671875,313.4647216796875,313.4647216796875,2756.716552734375,2756.716552734375,1965.128173828125,1965.128173828125,909.8079223632812,909.8079223632812
28144,0,340,2,1,21,A1,pct_button,20,,,-10.381271839141846,False,False,False,-3.7226901054382324,-3.816729784011841,4.250158309936523,1.373906135559082,478.864013671875,478.864013671875,313.4647216796875,313.4647216796875,2756.716552734375,2756.716552734375,1965.128173828125,1965.128173828125,909.8079223632812,909.8079223632812
28152,0,340,3,12,40,C1,pct_button,100,,,-5.036071594804525,False,False,False,-3.816729784011841,0.005701689049601555,1.373906135559082,2.512334108352661,478.864013671875,478.864013671875,313.4647216796875,313.4647216796875,2756.716552734375,2756.716552734375,1965.128173828125,1965.128173828125,909.8079223632812,909.8079223632812
28160,0,340,4,1,21,A1,pct_button,20,,,3.1982859820127487,True,True,False,0.005701689049601555,-6.324251651763916,2.512334108352661,26.04460906982422,478.864013671875,479.04681396484375,313.4647216796875,225.5026397705078,2756.716552734375,1647.988525390625,1965.128173828125,2995.9833984375,909.8079223632812,-2250.963623046875
