t,env_id,episode_id,step_in_ep,action_sub_idx,base_action_idx,target,type,pct,step,dir,reward,done,gate_ok,deviation_exploded,C1_before,C1_after,A1_before,A1_after,A2_before,A2_after,B2_before,B2_after,A3_before,A3_after,S3_before,S3_after,C3_before,C3_after
48296,7,390,-1,,,,,,,,,False,False,False,3.450824737548828,3.450824737548828,29.447383880615234,29.447383880615234,438.40423583984375,438.40423583984375,332.3556823730469,332.3556823730469,2002.689697265625,2002.689697265625,2325.93017578125,2325.93017578125,2837.466552734375,2837.466552734375
48296,7,390,0,6,34,C1,pct_button,5,,,1.049238219261175,False,False,False,3.450824737548828,3.2594125270843506,29.447383880615234,29.436132431030273,438.40423583984375,438.40423583984375,332.3556823730469,332.3556823730469,2002.689697265625,2002.689697265625,2325.93017578125,2325.93017578125,2837.466552734375,2837.466552734375
48304,7,390,1,3,23,A1,pct_button,50,,,48.654890046357174,False,False,False,3.2594125270843506,-0.0026627813931554556,29.436132431030273,8.444912910461426,438.40423583984375,438.40423583984375,332.3556823730469,332.3556823730469,2002.689697265625,2002.689697265625,2325.93017578125,2325.93017578125,2837.466552734375,2837.466552734375
48312,7,390,2,3,23,A1,pct_button,50,,,15.920306285452098,True,True,False,-0.0026627813931554556,17.831724166870117,8.444912910461426,11.514823913574219,438.40423583984375,463.4751892089844,332.3556823730469,391.2654724121094,2002.689697265625,1702.0718994140625,2325.93017578125,2542.13623046875,2837.466552734375,-1804.4190673828125
