t,env_id,episode_id,step_in_ep,action_sub_idx,base_action_idx,target,type,pct,step,dir,reward,done,gate_ok,deviation_exploded,C1_before,C1_after,A1_before,A1_after,A2_before,A2_after,B2_before,B2_after,A3_before,A3_after,S3_before,S3_after,C3_before,C3_after
24456,2,220,-1,,,,,,,,,False,False,False,6.980703353881836,6.980703353881836,26.632587432861328,26.632587432861328,375.0932922363281,375.0932922363281,401.8330078125,401.8330078125,2328.298095703125,2328.298095703125,1674.98876953125,1674.98876953125,810.6486206054688,810.6486206054688
24456,2,220,0,1,21,A1,pct_button,20,,,35.88513733863831,False,False,False,6.980703353881836,5.657275676727295,26.632587432861328,10.166686058044434,375.0932922363281,375.0932922363281,401.8330078125,401.8330078125,2328.298095703125,2328.298095703125,1674.98876953125,1674.98876953125,810.6486206054688,810.6486206054688
24464,2,220,1,1,21,A1,pct_button,20,,,16.511755204200742,False,False,False,5.657275676727295,5.016903877258301,10.166686058044434,2.622575044631958,375.0932922363281,375.0932922363281,401.8330078125,401.8330078125,2328.298095703125,2328.298095703125,1674.98876953125,1674.98876953125,810.6486206054688,810.6486206054688
24472,2,220,2,9,37,C1,pct_button,20,,,1.9808049774169925,False,False,False,5.016903877258301,3.930980920791626,2.622575044631958,2.780207395553589,375.0932922363281,375.0932922363281,401.8330078125,401.8330078125,2328.298095703125,2328.298095703125,1674.98876953125,1674.98876953125,810.6486206054688,810.6486206054688
24480,2,220,3,10,38,C1,pct_button,30,,,2.1943223428726206,False,False,False,3.930980920791626,2.392822504043579,2.780207395553589,3.2728614807128906,375.0932922363281,375.0932922363281,401.8330078125,401.8330078125,2328.298095703125,2328.298095703125,1674.98876953125,1674.98876953125,810.6486206054688,810.6486206054688
24488,2,220,4,2,22,A1,pct_button,30,,,3.997348439693451,False,False,False,2.392822504043579,2.351393938064575,3.2728614807128906,1.34760582447052,375.0932922363281,375.0932922363281,401.8330078125,401.8330078125,2328.298095703125,2328.298095703125,1674.98876953125,1674.98876953125,810.6486206054688,810.6486206054688
24496,2,220,5,4,24,A1,pct_button,100,,,10.690064932703972,True,True,False,2.351393938064575,-18.452245712280273,1.34760582447052,4.142765522003174,375.0932922363281,231.6277618408203,401.8330078125,206.93174743652344,2328.298095703125,2612.348388671875,1674.98876953125,1969.81103515625,810.6486206054688,-2888.10595703125
