t,env_id,episode_id,step_in_ep,action_sub_idx,base_action_idx,target,type,pct,step,dir,reward,done,gate_ok,deviation_exploded,C1_before,C1_after,A1_before,A1_after
32296,0,320,-1,,,,,,,,,False,False,False,-13.429414749145508,-13.429414749145508,5.852141857147217,5.852141857147217
32296,0,320,0,2,22,A1,pct_button,30,,,9.742717635631562,False,False,False,-13.429414749145508,-13.733028411865234,5.852141857147217,0.8176764249801636
32304,0,320,1,10,38,C1,pct_button,30,,,10.474317160844803,False,False,False,-13.733028411865234,-8.699203491210938,0.8176764249801636,0.7033684849739075
32312,0,320,2,10,38,C1,pct_button,30,,,6.6115355086326595,False,False,False,-8.699203491210938,-5.326556205749512,0.7033684849739075,0.8267813920974731
32320,0,320,3,11,39,C1,pct_button,50,,,5.44637315273285,False,False,False,-5.326556205749512,-2.99957537651062,0.8267813920974731,0.4601731300354004
32328,0,320,4,11,39,C1,pct_button,50,,,2.2534684085845953,False,False,False,-2.99957537651062,-1.3959331512451172,0.4601731300354004,0.9555964469909668
32336,0,320,5,12,40,C1,pct_button,100,,,7.622582317646593,True,True,False,-1.3959331512451172,8.072731018066406,0.9555964469909668,49.0779914855957
