t,env_id,episode_id,step_in_ep,action_sub_idx,base_action_idx,target,type,pct,step,dir,reward,done,gate_ok,deviation_exploded,C1_before,C1_after,A1_before,A1_after
47304,4,390,-1,,,,,,,,,False,False,False,15.585140228271484,15.585140228271484,39.72309112548828,39.72309112548828
47304,4,390,0,3,23,A1,pct_button,50,,,43.03776554107666,False,False,False,15.585140228271484,11.8917236328125,39.72309112548828,22.2338809967041
47312,4,390,1,11,39,C1,pct_button,50,,,9.595059680938723,False,False,False,11.8917236328125,6.668534278869629,22.2338809967041,22.950733184814453
47320,4,390,2,4,24,A1,pct_button,100,,,52.36642313957215,False,False,False,6.668534278869629,2.0540974140167236,22.950733184814453,1.4116156101226807
47328,4,390,3,4,24,A1,pct_button,100,,,2.133541904687882,False,False,False,2.0540974140167236,2.145581007003784,1.4116156101226807,0.2725422978401184
47336,4,390,4,7,35,C1,pct_button,10,,,1.059129578769207,False,False,False,2.145581007003784,1.7293483018875122,0.2725422978401184,0.17323605716228485
47344,4,390,5,10,38,C1,pct_button,30,,,5.9039692723751065,True,True,False,1.7293483018875122,5.843684673309326,0.17323605716228485,11.173375129699707
