t,env_id,episode_id,step_in_ep,action_sub_idx,base_action_idx,target,type,pct,step,dir,reward,done,gate_ok,deviation_exploded,C1_before,C1_after,A1_before,A1_after,A2_before,A2_after,B2_before,B2_after,A3_before,A3_after,S3_before,S3_after,C3_before,C3_after
24632,3,210,-1,,,,,,,,,False,False,False,7.839078903198242,7.839078903198242,22.553380966186523,22.553380966186523,396.9179382324219,396.9179382324219,374.4985046386719,374.4985046386719,2058.130859375,2058.130859375,2140.70751953125,2140.70751953125,1026.3839111328125,1026.3839111328125
24632,3,210,0,9,37,C1,pct_button,20,,,0.5978491973876936,False,False,False,7.839078903198242,7.839078903198242,22.553380966186523,22.553380966186523,396.9179382324219,396.9179382324219,374.4985046386719,374.4985046386719,2058.130859375,2058.130859375,2140.70751953125,2140.70751953125,1026.3839111328125,1026.3839111328125
24640,3,210,1,5,33,C1,pct_button,1,,,0.7586792564392064,False,False,False,7.839078903198242,7.765049934387207,22.553380966186523,22.54618263244629,396.9179382324219,396.9179382324219,374.4985046386719,374.4985046386719,2058.130859375,2058.130859375,2140.70751953125,2140.70751953125,1026.3839111328125,1026.3839111328125
24648,3,210,2,2,22,A1,pct_button,30,,,33.0040773010254,False,False,False,7.765049934387207,6.610228061676025,22.54618263244629,7.333402156829834,396.9179382324219,396.9179382324219,374.4985046386719,374.4985046386719,2058.130859375,2058.130859375,2140.70751953125,2140.70751953125,1026.3839111328125,1026.3839111328125
24656,3,210,3,12,40,C1,pct_button,100,,,13.39646531701088,False,False,False,6.610228061676025,0.7594767212867737,7.333402156829834,6.554056167602539,396.9179382324219,396.9179382324219,374.4985046386719,374.4985046386719,2058.130859375,2058.130859375,2140.70751953125,2140.70751953125,1026.3839111328125,1026.3839111328125
24664,3,210,4,4,24,A1,pct_button,100,,,16.85989836640656,True,True,False,0.7594767212867737,-3.078343152999878,6.554056167602539,41.25358200073242,396.9179382324219,225.39364624023438,374.4985046386719,197.4623260498047,2058.130859375,1662.059326171875,2140.70751953125,1826.2093505859375,1026.3839111328125,-1929.411376953125
