t,env_id,episode_id,step_in_ep,action_sub_idx,base_action_idx,target,type,pct,step,dir,reward,done,gate_ok,deviation_exploded,C1_before,C1_after,A1_before,A1_after
48064,5,370,-1,,,,,,,,,False,False,False,-4.7675275802612305,-4.7675275802612305,16.2442569732666,16.2442569732666
48064,5,370,0,2,22,A1,pct_button,30,,,8.064297628402711,False,False,False,-4.7675275802612305,-6.571328639984131,16.2442569732666,10.57476806640625
48072,5,370,1,3,23,A1,pct_button,50,,,12.687740993499757,False,False,False,-6.571328639984131,-7.457339286804199,10.57476806640625,3.4489498138427734
48080,5,370,2,6,34,C1,pct_button,5,,,0.6042495584487904,False,False,False,-7.457339286804199,-7.197544574737549,3.4489498138427734,3.5086820125579834
48088,5,370,3,12,40,C1,pct_button,100,,,21.265952723026274,True,True,False,-7.197544574737549,-16.677854537963867,3.5086820125579834,6.3945631980896
