t,env_id,episode_id,step_in_ep,action_sub_idx,base_action_idx,target,type,pct,step,dir,reward,done,gate_ok,deviation_exploded,C1_before,C1_after,A1_before,A1_after,A2_before,A2_after,B2_before,B2_after,A3_before,A3_after,S3_before,S3_after,C3_before,C3_after
12952,5,120,-1,,,,,,,,,False,False,False,1.2169914245605469,1.2169914245605469,0.8245207071304321,0.8245207071304321,355.982421875,355.982421875,253.60935974121094,253.60935974121094,2760.614990234375,2760.614990234375,2699.970947265625,2699.970947265625,1504.104736328125,1504.104736328125
12952,5,120,0,10,38,C1,pct_button,30,,,0.0308302426338194,False,False,False,1.2169914245605469,1.2169914245605469,0.8245207071304321,0.8245207071304321,355.982421875,355.982421875,253.60935974121094,253.60935974121094,2760.614990234375,2760.614990234375,2699.970947265625,2699.970947265625,1504.104736328125,1504.104736328125
12960,5,120,1,4,24,A1,pct_button,100,,,-10.32835342645645,False,False,False,1.2169914245605469,1.3134278059005737,0.8245207071304321,5.959995269775391,355.982421875,355.982421875,253.60935974121094,253.60935974121094,2760.614990234375,2760.614990234375,2699.970947265625,2699.970947265625,1504.104736328125,1504.104736328125
12968,5,120,2,3,23,A1,pct_button,50,,,12.751261670589447,True,True,False,1.3134278059005737,-0.7187944054603577,5.959995269775391,40.20346450805664,355.982421875,268.4442443847656,253.60935974121094,370.0906982421875,2760.614990234375,1970.0076904296875,2699.970947265625,2846.00244140625,1504.104736328125,2913.786865234375
