t,env_id,episode_id,step_in_ep,action_sub_idx,base_action_idx,target,type,pct,step,dir,reward,done,gate_ok,deviation_exploded,C1_before,C1_after,A1_before,A1_after,A2_before,A2_after,B2_before,B2_after,A3_before,A3_after,S3_before,S3_after,C3_before,C3_after
21192,4,250,-1,,,,,,,,,False,False,False,8.188634872436523,8.188634872436523,2.3933846950531006,2.3933846950531006,165.96072387695312,165.96072387695312,495.8577575683594,495.8577575683594,2357.251220703125,2357.251220703125,2380.154052734375,2380.154052734375,1696.5506591796875,1696.5506591796875
21192,4,250,0,10,38,C1,pct_button,30,,,-15.957510948181152,False,False,False,8.188634872436523,5.28782320022583,2.3933846950531006,2.690932273864746,165.96072387695312,165.96072387695312,495.8577575683594,495.8577575683594,2357.251220703125,2357.251220703125,2380.154052734375,2380.154052734375,1696.5506591796875,1696.5506591796875
21200,4,250,1,12,40,C1,pct_button,100,,,-7.9225380420684814,False,False,False,5.28782320022583,0.7400139570236206,2.690932273864746,3.22125506401062,165.96072387695312,165.96072387695312,495.8577575683594,495.8577575683594,2357.251220703125,2357.251220703125,2380.154052734375,2380.154052734375,1696.5506591796875,1696.5506591796875
21208,4,250,2,3,23,A1,pct_button,50,,,2.2597765922546387,True,True,False,0.7400139570236206,-9.817984580993652,3.22125506401062,41.68010330200195,165.96072387695312,294.1325378417969,495.8577575683594,452.2531433105469,2357.251220703125,2218.825439453125,2380.154052734375,1361.45458984375,1696.5506591796875,1827.79541015625
