t,env_id,episode_id,step_in_ep,action_sub_idx,base_action_idx,target,type,pct,step,dir,reward,done,gate_ok,deviation_exploded,C1_before,C1_after,A1_before,A1_after,A2_before,A2_after,B2_before,B2_after,A3_before,A3_after,S3_before,S3_after,C3_before,C3_after
13992,1,140,-1,,,,,,,,,False,False,False,2.4730467796325684,2.4730467796325684,3.4090983867645264,3.4090983867645264,442.5378112792969,442.5378112792969,142.80918884277344,142.80918884277344,2634.73828125,2634.73828125,2814.114990234375,2814.114990234375,2538.962890625,2538.962890625
13992,1,140,0,9,37,C1,pct_button,20,,,1.182995300292969,False,False,False,2.4730467796325684,1.8094947338104248,3.4090983867645264,3.529543161392212,442.5378112792969,442.5378112792969,142.80918884277344,142.80918884277344,2634.73828125,2634.73828125,2814.114990234375,2814.114990234375,2538.962890625,2538.962890625
14000,1,140,1,3,23,A1,pct_button,50,,,13.986721631307155,True,True,False,1.8094947338104248,-2.584411144256592,3.529543161392212,28.91185188293457,442.5378112792969,443.2056884765625,142.80918884277344,452.2834777832031,2634.73828125,1368.273681640625,2814.114990234375,2296.30615234375,2538.962890625,1525.7076416015625
