t,env_id,episode_id,step_in_ep,action_sub_idx,base_action_idx,target,type,pct,step,dir,reward,done,gate_ok,deviation_exploded,C1_before,C1_after,A1_before,A1_after,A2_before,A2_after,B2_before,B2_after,A3_before,A3_after,S3_before,S3_after,C3_before,C3_after
19104,1,220,-1,,,,,,,,,False,False,False,3.8658275604248047,3.8658275604248047,49.96027755737305,49.96027755737305,163.07652282714844,163.07652282714844,465.7867431640625,465.7867431640625,2083.923828125,2083.923828125,1482.09375,1482.09375,1844.624267578125,1844.624267578125
19104,1,220,0,0,20,A1,pct_button,10,,,-37.95492458343506,False,False,False,3.8658275604248047,2.8273043632507324,49.96027755737305,16.150157928466797,163.07652282714844,163.07652282714844,465.7867431640625,465.7867431640625,2083.923828125,2083.923828125,1482.09375,1482.09375,1844.624267578125,1844.624267578125
19112,1,220,1,7,35,C1,pct_button,10,,,-37.159499645233154,False,False,False,2.8273043632507324,2.400167226791382,16.150157928466797,16.179582595825195,163.07652282714844,163.07652282714844,465.7867431640625,465.7867431640625,2083.923828125,2083.923828125,1482.09375,1482.09375,1844.624267578125,1844.624267578125
19120,1,220,2,1,21,A1,pct_button,20,,,-13.349566459655762,False,False,False,2.400167226791382,1.4445714950561523,16.179582595825195,5.2302117347717285,163.07652282714844,163.07652282714844,465.7867431640625,465.7867431640625,2083.923828125,2083.923828125,1482.09375,1482.09375,1844.624267578125,1844.624267578125
19128,1,220,3,3,23,A1,pct_button,50,,,0.5191932916641235,True,True,False,1.4445714950561523,14.76676082611084,5.2302117347717285,18.251047134399414,163.07652282714844,419.0395812988281,465.7867431640625,192.63514709472656,2083.923828125,1165.13818359375,1482.09375,1688.25732421875,1844.624267578125,2215.3212890625
