t,env_id,episode_id,step_in_ep,action_sub_idx,base_action_idx,target,type,pct,step,dir,reward,done,gate_ok,deviation_exploded,C1_before,C1_after,A1_before,A1_after,A2_before,A2_after,B2_before,B2_after,A3_before,A3_after,S3_before,S3_after,C3_before,C3_after
16776,6,180,-1,,,,,,,,,False,False,False,13.549633026123047,13.549633026123047,6.806884765625,6.806884765625,200.6997528076172,200.6997528076172,337.4833984375,337.4833984375,2740.22216796875,2740.22216796875,2212.527587890625,2212.527587890625,1106.1181640625,1106.1181640625
16776,6,180,0,12,40,C1,pct_button,100,,,-14.612627983093262,False,False,False,13.549633026123047,0.5151309967041016,6.806884765625,6.791182994842529,200.6997528076172,200.6997528076172,337.4833984375,337.4833984375,2740.22216796875,2740.22216796875,2212.527587890625,2212.527587890625,1106.1181640625,1106.1181640625
16784,6,180,1,12,40,C1,pct_button,100,,,-17.04395365715027,False,False,False,0.5151309967041016,-0.6958721876144409,6.791182994842529,7.826104640960693,200.6997528076172,200.6997528076172,337.4833984375,337.4833984375,2740.22216796875,2740.22216796875,2212.527587890625,2212.527587890625,1106.1181640625,1106.1181640625
16792,6,180,2,4,24,A1,pct_button,100,,,-9.624950885772705,False,False,False,-0.6958721876144409,-2.2826087474823,7.826104640960693,2.5298666954040527,200.6997528076172,200.6997528076172,337.4833984375,337.4833984375,2740.22216796875,2740.22216796875,2212.527587890625,2212.527587890625,1106.1181640625,1106.1181640625
16800,6,180,3,12,40,C1,pct_button,100,,,-9.124045133590698,False,False,False,-2.2826087474823,-1.8092526197433472,2.5298666954040527,2.752769947052002,200.6997528076172,200.6997528076172,337.4833984375,337.4833984375,2740.22216796875,2740.22216796875,2212.527587890625,2212.527587890625,1106.1181640625,1106.1181640625
16808,6,180,4,12,40,C1,pct_button,100,,,1.5973384380340576,True,True,False,-1.8092526197433472,7.640914440155029,2.752769947052002,44.802711486816406,200.6997528076172,301.0010070800781,337.4833984375,400.9803771972656,2740.22216796875,2555.743896484375,2212.527587890625,1899.3055419921875,1106.1181640625,-2950.368408203125
