t,env_id,episode_id,step_in_ep,action_sub_idx,base_action_idx,target,type,pct,step,dir,reward,done,gate_ok,deviation_exploded,C1_before,C1_after,A1_before,A1_after,A2_before,A2_after,B2_before,B2_after,A3_before,A3_after,S3_before,S3_after,C3_before,C3_after
30232,6,380,-1,,,,,,,,,False,False,False,8.04388427734375,8.04388427734375,5.116334915161133,5.116334915161133,258.8143310546875,258.8143310546875,414.5775146484375,414.5775146484375,1716.4267578125,1716.4267578125,2551.77685546875,2551.77685546875,1419.4093017578125,1419.4093017578125
30232,6,380,0,0,20,A1,pct_button,10,,,-19.097240447998047,False,False,False,8.04388427734375,7.894713878631592,5.116334915161133,1.6539063453674316,258.8143310546875,258.8143310546875,414.5775146484375,414.5775146484375,1716.4267578125,1716.4267578125,2551.77685546875,2551.77685546875,1419.4093017578125,1419.4093017578125
30240,6,380,1,12,40,C1,pct_button,100,,,2.275111436843872,True,True,False,7.894713878631592,-9.53022289276123,1.6539063453674316,38.636959075927734,258.8143310546875,223.52943420410156,414.5775146484375,183.17056274414062,1716.4267578125,1931.1068115234375,2551.77685546875,1126.697509765625,1419.4093017578125,1043.11572265625
