t,env_id,episode_id,step_in_ep,action_sub_idx,base_action_idx,target,type,pct,step,dir,reward,done,gate_ok,deviation_exploded,C1_before,C1_after,A1_before,A1_after,A2_before,A2_after,B2_before,B2_after,A3_before,A3_after,S3_before,S3_after,C3_before,C3_after
31520,0,400,-1,,,,,,,,,False,False,False,11.660069465637207,11.660069465637207,12.277181625366211,12.277181625366211,152.83935546875,152.83935546875,315.88116455078125,315.88116455078125,1032.5772705078125,1032.5772705078125,2766.154052734375,2766.154052734375,2608.572265625,2608.572265625
31520,0,400,0,3,23,A1,pct_button,50,,,-26.620943546295166,False,False,False,11.660069465637207,9.341750144958496,12.277181625366211,3.968721628189087,152.83935546875,152.83935546875,315.88116455078125,315.88116455078125,1032.5772705078125,1032.5772705078125,2766.154052734375,2766.154052734375,2608.572265625,2608.572265625
31528,0,400,1,0,20,A1,pct_button,10,,,-21.186793327331543,False,False,False,9.341750144958496,9.310467720031738,3.968721628189087,1.2829289436340332,152.83935546875,152.83935546875,315.88116455078125,315.88116455078125,1032.5772705078125,1032.5772705078125,2766.154052734375,2766.154052734375,2608.572265625,2608.572265625
31536,0,400,2,12,40,C1,pct_button,100,,,-6.438039243221283,False,False,False,9.310467720031738,-0.32417532801628113,1.2829289436340332,2.8948442935943604,152.83935546875,152.83935546875,315.88116455078125,315.88116455078125,1032.5772705078125,1032.5772705078125,2766.154052734375,2766.154052734375,2608.572265625,2608.572265625
31544,0,400,3,1,21,A1,pct_button,20,,,2.4656824469566345,True,True,False,-0.32417532801628113,15.42882251739502,2.8948442935943604,46.46017074584961,152.83935546875,231.97547912597656,315.88116455078125,163.0830841064453,1032.5772705078125,2590.44140625,2766.154052734375,1303.6234130859375,2608.572265625,2724.13720703125
