t,env_id,episode_id,step_in_ep,action_sub_idx,base_action_idx,target,type,pct,step,dir,reward,done,gate_ok,deviation_exploded,C1_before,C1_after,A1_before,A1_after
47808,6,480,-1,,,,,,,,,False,False,False,3.664862871170044,3.664862871170044,28.450834274291992,28.450834274291992
47808,6,480,0,1,21,A1,pct_button,20,,,43.17681373119354,False,False,False,3.664862871170044,1.7016170024871826,28.450834274291992,8.926959037780762
47816,6,480,1,5,33,C1,pct_button,1,,,0.23345898151397804,False,False,False,1.7016170024871826,1.6903183460235596,8.926959037780762,8.92265796661377
47824,6,480,2,1,21,A1,pct_button,20,,,21.21503410577774,True,True,False,1.6903183460235596,9.465765953063965,8.92265796661377,19.756589889526367
