t,env_id,episode_id,step_in_ep,action_sub_idx,base_action_idx,target,type,pct,step,dir,reward,done,gate_ok,deviation_exploded,C1_before,C1_after,A1_before,A1_after,A2_before,A2_after,B2_before,B2_after,A3_before,A3_after,S3_before,S3_after,C3_before,C3_after
24664,3,300,-1,,,,,,,,,False,False,False,-17.741954803466797,-17.741954803466797,26.569164276123047,26.569164276123047,411.7912292480469,411.7912292480469,372.6417541503906,372.6417541503906,2313.662109375,2313.662109375,1824.80029296875,1824.80029296875,1470.8221435546875,1470.8221435546875
24664,3,300,0,12,40,C1,pct_button,100,,,-57.491655349731445,False,False,False,-17.741954803466797,4.083563804626465,26.569164276123047,24.662263870239258,411.7912292480469,411.7912292480469,372.6417541503906,372.6417541503906,2313.662109375,2313.662109375,1824.80029296875,1824.80029296875,1470.8221435546875,1470.8221435546875
24672,3,300,1,2,22,A1,pct_button,30,,,-17.455864429473877,False,False,False,4.083563804626465,0.7556087970733643,24.662263870239258,7.972323417663574,411.7912292480469,411.7912292480469,372.6417541503906,372.6417541503906,2313.662109375,2313.662109375,1824.80029296875,1824.80029296875,1470.8221435546875,1470.8221435546875
24680,3,300,2,12,40,C1,pct_button,100,,,-17.455864429473877,False,False,False,0.7556087970733643,0.7556087970733643,7.972323417663574,7.972323417663574,411.7912292480469,411.7912292480469,372.6417541503906,372.6417541503906,2313.662109375,2313.662109375,1824.80029296875,1824.80029296875,1470.8221435546875,1470.8221435546875
24688,3,300,3,0,20,A1,pct_button,10,,,-6.543200254440308,False,False,False,0.7556087970733643,0.6944669485092163,7.972323417663574,2.5771331787109375,411.7912292480469,411.7912292480469,372.6417541503906,372.6417541503906,2313.662109375,2313.662109375,1824.80029296875,1824.80029296875,1470.8221435546875,1470.8221435546875
24696,3,300,4,12,40,C1,pct_button,100,,,-0.10033702850341797,True,True,False,0.6944669485092163,-8.070780754089355,2.5771331787109375,23.701730728149414,411.7912292480469,298.3419494628906,372.6417541503906,357.50909423828125,2313.662109375,2802.9580078125,1824.80029296875,2108.935302734375,1470.8221435546875,2672.76220703125
