t,env_id,episode_id,step_in_ep,action_sub_idx,base_action_idx,target,type,pct,step,dir,reward,done,gate_ok,deviation_exploded,C1_before,C1_after,A1_before,A1_after,A2_before,A2_after,B2_before,B2_after,A3_before,A3_after,S3_before,S3_after,C3_before,C3_after
46056,7,590,-1,,,,,,,,,False,False,False,11.998846054077148,11.998846054077148,11.588313102722168,11.588313102722168,316.5195617675781,316.5195617675781,289.9367980957031,289.9367980957031,2090.961669921875,2090.961669921875,2375.38134765625,2375.38134765625,-1233.6640625,-1233.6640625
46056,7,590,0,0,20,A1,pct_button,10,,,-31.2202467918396,False,False,False,11.998846054077148,11.86408519744873,11.588313102722168,3.7460381984710693,316.5195617675781,316.5195617675781,289.9367980957031,289.9367980957031,2090.961669921875,2090.961669921875,2375.38134765625,2375.38134765625,-1233.6640625,-1233.6640625
46064,7,590,1,2,22,A1,pct_button,30,,,-25.67098832130432,False,False,False,11.86408519744873,11.624549865722656,3.7460381984710693,1.2109442949295044,316.5195617675781,316.5195617675781,289.9367980957031,289.9367980957031,2090.961669921875,2090.961669921875,2375.38134765625,2375.38134765625,-1233.6640625,-1233.6640625
46072,7,590,2,12,40,C1,pct_button,100,,,-15.352290630340576,False,False,False,11.624549865722656,4.925651550292969,1.2109442949295044,2.7504937648773193,316.5195617675781,316.5195617675781,289.9367980957031,289.9367980957031,2090.961669921875,2090.961669921875,2375.38134765625,2375.38134765625,-1233.6640625,-1233.6640625
46080,7,590,3,12,40,C1,pct_button,100,,,-6.88566517829895,False,False,False,4.925651550292969,1.5999723672866821,2.7504937648773193,1.842860221862793,316.5195617675781,316.5195617675781,289.9367980957031,289.9367980957031,2090.961669921875,2090.961669921875,2375.38134765625,2375.38134765625,-1233.6640625,-1233.6640625
46088,7,590,4,2,22,A1,pct_button,30,,,2.023658514022827,True,True,False,1.5999723672866821,-13.039595603942871,1.842860221862793,31.09274673461914,316.5195617675781,107.94448852539062,289.9367980957031,496.9539489746094,2090.961669921875,1000.583740234375,2375.38134765625,2878.736572265625,-1233.6640625,876.8892822265625
