t,env_id,episode_id,step_in_ep,action_sub_idx,base_action_idx,target,type,pct,step,dir,reward,done,gate_ok,deviation_exploded,C1_before,C1_after,A1_before,A1_after,A2_before,A2_after,B2_before,B2_after,A3_before,A3_after,S3_before,S3_after,C3_before,C3_after
12216,2,120,-1,,,,,,,,,False,False,False,0.21265147626399994,0.21265147626399994,6.966838836669922,6.966838836669922,328.6640625,328.6640625,180.7633056640625,180.7633056640625,2565.15673828125,2565.15673828125,1453.4947509765625,1453.4947509765625,-2812.614990234375,-2812.614990234375
12216,2,120,0,12,40,C1,pct_button,100,,,-14.267259359359741,False,False,False,0.21265147626399994,-0.714774489402771,6.966838836669922,6.4188551902771,328.6640625,328.6640625,180.7633056640625,180.7633056640625,2565.15673828125,2565.15673828125,1453.4947509765625,1453.4947509765625,-2812.614990234375,-2812.614990234375
12224,2,120,1,3,23,A1,pct_button,50,,,-7.6668701171875,False,False,False,-0.714774489402771,-1.7584757804870605,6.4188551902771,2.0749592781066895,328.6640625,328.6640625,180.7633056640625,180.7633056640625,2565.15673828125,2565.15673828125,1453.4947509765625,1453.4947509765625,-2812.614990234375,-2812.614990234375
12232,2,120,2,12,40,C1,pct_button,100,,,-1.1212222576141357,True,True,False,-1.7584757804870605,-7.50026798248291,2.0749592781066895,10.960822105407715,328.6640625,263.6578063964844,180.7633056640625,473.4153747558594,2565.15673828125,2646.2001953125,1453.4947509765625,2670.595703125,-2812.614990234375,-2974.86669921875
