t,env_id,episode_id,step_in_ep,action_sub_idx,base_action_idx,target,type,pct,step,dir,reward,done,gate_ok,deviation_exploded,C1_before,C1_after,A1_before,A1_after,A2_before,A2_after,B2_before,B2_after,A3_before,A3_after,S3_before,S3_after,C3_before,C3_after
16344,1,180,-1,,,,,,,,,False,False,False,-17.102266311645508,-17.102266311645508,7.952556133270264,7.952556133270264,326.4188232421875,326.4188232421875,479.4381408691406,479.4381408691406,2382.57470703125,2382.57470703125,2678.93017578125,2678.93017578125,1478.40771484375,1478.40771484375
16344,1,180,0,0,20,A1,pct_button,10,,,-39.60722303390503,False,False,False,-17.102266311645508,-17.232868194580078,7.952556133270264,2.5707433223724365,326.4188232421875,326.4188232421875,479.4381408691406,479.4381408691406,2382.57470703125,2382.57470703125,2678.93017578125,2678.93017578125,1478.40771484375,1478.40771484375
16352,1,180,1,1,21,A1,pct_button,20,,,-36.49351894855499,False,False,False,-17.232868194580078,-17.415740966796875,2.5707433223724365,0.8310185074806213,326.4188232421875,326.4188232421875,479.4381408691406,479.4381408691406,2382.57470703125,2382.57470703125,2678.93017578125,2678.93017578125,1478.40771484375,1478.40771484375
16360,1,180,2,4,24,A1,pct_button,100,,,-33.00973558425903,False,False,False,-17.415740966796875,-16.23623275756836,0.8310185074806213,0.2686350345611572,326.4188232421875,326.4188232421875,479.4381408691406,479.4381408691406,2382.57470703125,2382.57470703125,2678.93017578125,2678.93017578125,1478.40771484375,1478.40771484375
16368,1,180,3,3,23,A1,pct_button,50,,,-31.70208978652954,False,False,False,-16.23623275756836,-15.764205932617188,0.2686350345611572,0.08683896064758301,326.4188232421875,326.4188232421875,479.4381408691406,479.4381408691406,2382.57470703125,2382.57470703125,2678.93017578125,2678.93017578125,1478.40771484375,1478.40771484375
16376,1,180,4,12,40,C1,pct_button,100,,,2.2463310956954956,True,True,False,-15.764205932617188,-16.32210922241211,0.08683896064758301,12.819860458374023,326.4188232421875,170.62095642089844,479.4381408691406,279.2922668457031,2382.57470703125,2396.22998046875,2678.93017578125,2453.61474609375,1478.40771484375,-1206.78955078125
