t,env_id,episode_id,step_in_ep,action_sub_idx,base_action_idx,target,type,pct,step,dir,reward,done,gate_ok,deviation_exploded,C1_before,C1_after,A1_before,A1_after
38168,1,360,-1,,,,,,,,,False,False,False,5.470556735992432,5.470556735992432,46.274322509765625,46.274322509765625
38168,1,360,0,1,21,A1,pct_button,20,,,71.80111922979354,False,False,False,5.470556735992432,1.0142987966537476,46.274322509765625,14.985013961791992
38176,1,360,1,0,20,A1,pct_button,10,,,22.00057766616344,False,False,False,1.0142987966537476,0.3332535922527313,14.985013961791992,4.711215019226074
38184,1,360,2,3,23,A1,pct_button,50,,,4.458821624815465,False,False,False,0.3332535922527313,-0.06828083097934723,4.711215019226074,2.7701613903045654
38192,1,360,3,4,24,A1,pct_button,100,,,1.1887783277034758,False,False,False,-0.06828083097934723,-1.2376834154129028,2.7701613903045654,1.0239863395690918
38200,1,360,4,10,38,C1,pct_button,30,,,6.908307690620422,True,True,False,-1.2376834154129028,-6.766887664794922,1.0239863395690918,47.41155242919922
