t,env_id,episode_id,step_in_ep,action_sub_idx,base_action_idx,target,type,pct,step,dir,reward,done,gate_ok,deviation_exploded,C1_before,C1_after,A1_before,A1_after
5760,4,10,-1,,,,,,,,,False,False,False,-16.395954132080078,-16.395954132080078,5.407179355621338,5.407179355621338
5760,4,10,0,0,20,A1,pct_button,10,,,2.098018903732301,False,False,False,-16.395954132080078,-15.289881706237793,5.407179355621338,5.668829441070557
5768,4,10,1,5,33,C1,pct_button,1,,,0.8063143634796128,False,False,False,-15.289881706237793,-15.125556945800781,5.668829441070557,5.632578372955322
5776,4,10,2,3,23,A1,pct_button,50,,,0.40516270637512064,False,False,False,-15.125556945800781,-15.125556945800781,5.632578372955322,5.632578372955322
5784,4,10,3,4,24,A1,pct_button,100,,,14.238940229415894,False,False,False,-15.125556945800781,-7.024351119995117,5.632578372955322,6.74702787399292
5792,4,10,4,4,24,A1,pct_button,100,,,10.63018874168396,False,False,False,-7.024351119995117,3.5882983207702637,6.74702787399292,4.948352813720703
5800,4,10,5,3,23,A1,pct_button,50,,,18.112254640460016,True,True,False,3.5882983207702637,-16.77658462524414,4.948352813720703,11.619779586791992
