t,env_id,episode_id,step_in_ep,action_sub_idx,base_action_idx,target,type,pct,step,dir,reward,done,gate_ok,deviation_exploded,C1_before,C1_after,A1_before,A1_after,A2_before,A2_after,B2_before,B2_after,A3_before,A3_after,S3_before,S3_after,C3_before,C3_after
49480,2,660,-1,,,,,,,,,False,False,False,6.390983581542969,6.390983581542969,33.940608978271484,33.940608978271484,274.52850341796875,274.52850341796875,208.29660034179688,208.29660034179688,1659.1705322265625,1659.1705322265625,1290.08740234375,1290.08740234375,-1914.6978759765625,-1914.6978759765625
49480,2,660,0,1,21,A1,pct_button,20,,,-31.4371280670166,False,False,False,6.390983581542969,4.746923446655273,33.940608978271484,10.971640586853027,274.52850341796875,274.52850341796875,208.29660034179688,208.29660034179688,1659.1705322265625,1659.1705322265625,1290.08740234375,1290.08740234375,-1914.6978759765625,-1914.6978759765625
49488,2,660,1,4,24,A1,pct_button,100,,,-9.272028684616089,False,False,False,4.746923446655273,1.0893217325210571,10.971640586853027,3.5466926097869873,274.52850341796875,274.52850341796875,208.29660034179688,208.29660034179688,1659.1705322265625,1659.1705322265625,1290.08740234375,1290.08740234375,-1914.6978759765625,-1914.6978759765625
49496,2,660,2,1,21,A1,pct_button,20,,,1.6177910566329956,True,True,False,1.0893217325210571,19.555999755859375,3.5466926097869873,26.921056747436523,274.52850341796875,127.83429718017578,208.29660034179688,106.76541900634766,1659.1705322265625,2662.828857421875,1290.08740234375,1062.1781005859375,-1914.6978759765625,-1995.991455078125
