t,env_id,episode_id,step_in_ep,action_sub_idx,base_action_idx,target,type,pct,step,dir,reward,done,gate_ok,deviation_exploded,C1_before,C1_after,A1_before,A1_after,A2_before,A2_after,B2_before,B2_after,A3_before,A3_after,S3_before,S3_after,C3_before,C3_after
31624,3,400,-1,,,,,,,,,False,False,False,-5.080949783325195,-5.080949783325195,36.630863189697266,36.630863189697266,217.5424041748047,217.5424041748047,233.14732360839844,233.14732360839844,2457.1201171875,2457.1201171875,1998.799560546875,1998.799560546875,1098.2318115234375,1098.2318115234375
31624,3,400,0,0,20,A1,pct_button,10,,,-35.76203155517578,False,False,False,-5.080949783325195,-6.0397233963012695,36.630863189697266,11.841292381286621,217.5424041748047,217.5424041748047,233.14732360839844,233.14732360839844,2457.1201171875,2457.1201171875,1998.799560546875,1998.799560546875,1098.2318115234375,1098.2318115234375
31632,3,400,1,12,40,C1,pct_button,100,,,-25.836050271987915,False,False,False,-6.0397233963012695,-0.1258794069290161,11.841292381286621,12.792145729064941,217.5424041748047,217.5424041748047,233.14732360839844,233.14732360839844,2457.1201171875,2457.1201171875,1998.799560546875,1998.799560546875,1098.2318115234375,1098.2318115234375
31640,3,400,2,0,20,A1,pct_button,10,,,-9.201809108257294,False,False,False,-0.1258794069290161,-0.4657154977321625,12.792145729064941,4.135189056396484,217.5424041748047,217.5424041748047,233.14732360839844,233.14732360839844,2457.1201171875,2457.1201171875,1998.799560546875,1998.799560546875,1098.2318115234375,1098.2318115234375
31648,3,400,3,12,40,C1,pct_button,100,,,-13.98625373840332,False,False,False,-0.4657154977321625,1.81083345413208,4.135189056396484,5.18229341506958,217.5424041748047,217.5424041748047,233.14732360839844,233.14732360839844,2457.1201171875,2457.1201171875,1998.799560546875,1998.799560546875,1098.2318115234375,1098.2318115234375
31656,3,400,4,3,23,A1,pct_button,50,,,-0.7165272235870361,True,True,False,1.81083345413208,4.158398628234863,5.18229341506958,12.563860893249512,217.5424041748047,165.84225463867188,233.14732360839844,486.89105224609375,2457.1201171875,1575.537841796875,1998.799560546875,2345.557373046875,1098.2318115234375,-2415.61328125
