t,env_id,episode_id,step_in_ep,action_sub_idx,base_action_idx,target,type,pct,step,dir,reward,done,gate_ok,deviation_exploded,C1_before,C1_after,A1_before,A1_after,A2_before,A2_after,B2_before,B2_after,A3_before,A3_after,S3_before,S3_after,C3_before,C3_after
30792,1,370,-1,,,,,,,,,False,False,False,6.170479774475098,6.170479774475098,48.60236358642578,48.60236358642578,200.78746032714844,200.78746032714844,165.6626434326172,165.6626434326172,2280.90869140625,2280.90869140625,1318.7008056640625,1318.7008056640625,-1480.1859130859375,-1480.1859130859375
30792,1,370,0,2,22,A1,pct_button,30,,,-109.54568672180176,False,False,False,6.170479774475098,6.170479774475098,48.60236358642578,48.60236358642578,200.78746032714844,200.78746032714844,165.6626434326172,165.6626434326172,2280.90869140625,2280.90869140625,1318.7008056640625,1318.7008056640625,-1480.1859130859375,-1480.1859130859375
30800,1,370,1,1,21,A1,pct_button,20,,,-36.99788522720337,False,False,False,6.170479774475098,2.7877418994903564,48.60236358642578,15.711200714111328,200.78746032714844,200.78746032714844,165.6626434326172,165.6626434326172,2280.90869140625,2280.90869140625,1318.7008056640625,1318.7008056640625,-1480.1859130859375,-1480.1859130859375
30808,1,370,2,3,23,A1,pct_button,50,,,-10.515155881643295,False,False,False,2.7877418994903564,-0.178775355219841,15.711200714111328,5.078802585601807,200.78746032714844,200.78746032714844,165.6626434326172,165.6626434326172,2280.90869140625,2280.90869140625,1318.7008056640625,1318.7008056640625,-1480.1859130859375,-1480.1859130859375
30816,1,370,3,0,20,A1,pct_button,10,,,1.40945303440094,True,True,False,-0.178775355219841,-15.770133972167969,5.078802585601807,47.33668899536133,200.78746032714844,371.8927917480469,165.6626434326172,201.82437133789062,2280.90869140625,1009.0972290039062,1318.7008056640625,2641.28759765625,-1480.1859130859375,815.8148803710938
