t,env_id,episode_id,step_in_ep,action_sub_idx,base_action_idx,target,type,pct,step,dir,reward,done,gate_ok,deviation_exploded,C1_before,C1_after,A1_before,A1_after,A2_before,A2_after,B2_before,B2_after,A3_before,A3_after,S3_before,S3_after,C3_before,C3_after
25400,0,230,-1,,,,,,,,,False,False,False,9.452537536621094,9.452537536621094,15.211973190307617,15.211973190307617,115.05499267578125,115.05499267578125,381.8304748535156,381.8304748535156,1207.76123046875,1207.76123046875,2922.7568359375,2922.7568359375,2975.394287109375,2975.394287109375
25400,0,230,0,10,38,C1,pct_button,30,,,7.328017597198487,False,False,False,9.452537536621094,6.2738847732543945,15.211973190307617,14.933692932128906,115.05499267578125,115.05499267578125,381.8304748535156,381.8304748535156,1207.76123046875,1207.76123046875,2922.7568359375,2922.7568359375,2975.394287109375,2975.394287109375
25408,0,230,1,10,38,C1,pct_button,30,,,3.9002416992187516,False,False,False,6.2738847732543945,4.31980037689209,14.933692932128906,15.12712574005127,115.05499267578125,115.05499267578125,381.8304748535156,381.8304748535156,1207.76123046875,1207.76123046875,2922.7568359375,2922.7568359375,2975.394287109375,2975.394287109375
25416,0,230,2,3,23,A1,pct_button,50,,,27.834489364624023,False,False,False,4.31980037689209,1.0048017501831055,15.12712574005127,4.575684547424316,115.05499267578125,115.05499267578125,381.8304748535156,381.8304748535156,1207.76123046875,1207.76123046875,2922.7568359375,2922.7568359375,2975.394287109375,2975.394287109375
25424,0,230,3,6,34,C1,pct_button,5,,,-0.039816889762878775,False,False,False,1.0048017501831055,1.0046947002410889,4.575684547424316,4.647219181060791,115.05499267578125,115.05499267578125,381.8304748535156,381.8304748535156,1207.76123046875,1207.76123046875,2922.7568359375,2922.7568359375,2975.394287109375,2975.394287109375
25432,0,230,4,2,22,A1,pct_button,30,,,13.838344856500626,True,True,False,1.0046947002410889,10.52981948852539,4.647219181060791,25.371604919433594,115.05499267578125,384.7854919433594,381.8304748535156,341.83538818359375,1207.76123046875,2869.72705078125,2922.7568359375,1399.1153564453125,2975.394287109375,1456.404296875
