t,env_id,episode_id,step_in_ep,action_sub_idx,base_action_idx,target,type,pct,step,dir,reward,done,gate_ok,deviation_exploded,C1_before,C1_after,A1_before,A1_after,A2_before,A2_after,B2_before,B2_after,A3_before,A3_after,S3_before,S3_after,C3_before,C3_after
28168,7,330,-1,,,,,,,,,False,False,False,2.6430022716522217,2.6430022716522217,1.8764574527740479,1.8764574527740479,466.3084716796875,466.3084716796875,189.2004852294922,189.2004852294922,1108.6915283203125,1108.6915283203125,1819.82666015625,1819.82666015625,1401.514404296875,1401.514404296875
28168,7,330,0,0,20,A1,pct_button,10,,,-6.089024186134338,False,False,False,2.6430022716522217,2.4379284381866455,1.8764574527740479,0.6065836548805237,466.3084716796875,466.3084716796875,189.2004852294922,189.2004852294922,1108.6915283203125,1108.6915283203125,1819.82666015625,1819.82666015625,1401.514404296875,1401.514404296875
28176,7,330,1,12,40,C1,pct_button,100,,,0.7117253541946411,True,True,False,2.4379284381866455,4.682810306549072,0.6065836548805237,13.94157886505127,466.3084716796875,191.2544708251953,189.2004852294922,137.71304321289062,1108.6915283203125,2729.71630859375,1819.82666015625,2511.253173828125,1401.514404296875,2024.809814453125
