t,env_id,episode_id,step_in_ep,action_sub_idx,base_action_idx,target,type,pct,step,dir,reward,done,gate_ok,deviation_exploded,C1_before,C1_after,A1_before,A1_after
26424,7,180,-1,,,,,,,,,False,False,False,9.439075469970703,9.439075469970703,15.587394714355469,15.587394714355469
26424,7,180,0,11,39,C1,pct_button,50,,,8.42646266937256,False,False,False,9.439075469970703,4.787876129150391,15.587394714355469,16.230546951293945
26432,7,180,1,11,39,C1,pct_button,50,,,5.887792506217954,False,False,False,4.787876129150391,2.434056043624878,16.230546951293945,15.817991256713867
26440,7,180,2,3,23,A1,pct_button,50,,,14.518537273406983,False,False,False,2.434056043624878,1.4780635833740234,15.817991256713867,9.620702743530273
26448,7,180,3,6,34,C1,pct_button,5,,,0.29458972454071186,False,False,False,1.4780635833740234,1.3821704387664795,9.620702743530273,9.674871444702148
26456,7,180,4,4,24,A1,pct_button,100,,,22.478106854856012,True,True,False,1.3821704387664795,12.350857734680176,9.674871444702148,43.466983795166016
