t,env_id,episode_id,step_in_ep,action_sub_idx,base_action_idx,target,type,pct,step,dir,reward,done,gate_ok,deviation_exploded,C1_before,C1_after,A1_before,A1_after,A2_before,A2_after,B2_before,B2_after,A3_before,A3_after,S3_before,S3_after,C3_before,C3_after
49344,4,640,-1,,,,,,,,,False,False,False,-3.328132390975952,-3.328132390975952,16.266286849975586,16.266286849975586,164.01519775390625,164.01519775390625,274.6666564941406,274.6666564941406,2999.37158203125,2999.37158203125,1013.5789184570312,1013.5789184570312,-2146.789794921875,-2146.789794921875
49344,4,640,0,12,40,C1,pct_button,100,,,-29.559871047735214,False,False,False,-3.328132390975952,0.1753956526517868,16.266286849975586,14.60453987121582,164.01519775390625,164.01519775390625,274.6666564941406,274.6666564941406,2999.37158203125,2999.37158203125,1013.5789184570312,1013.5789184570312,-2146.789794921875,-2146.789794921875
49352,4,640,1,12,40,C1,pct_button,100,,,-32.277265310287476,False,False,False,0.1753956526517868,0.7396458387374878,14.60453987121582,15.39898681640625,164.01519775390625,164.01519775390625,274.6666564941406,274.6666564941406,2999.37158203125,2999.37158203125,1013.5789184570312,1013.5789184570312,-2146.789794921875,-2146.789794921875
49360,4,640,2,2,22,A1,pct_button,30,,,-10.500475227832794,False,False,False,0.7396458387374878,-0.2723609507083893,15.39898681640625,4.977876663208008,164.01519775390625,164.01519775390625,274.6666564941406,274.6666564941406,2999.37158203125,2999.37158203125,1013.5789184570312,1013.5789184570312,-2146.789794921875,-2146.789794921875
49368,4,640,3,0,20,A1,pct_button,10,,,1.0163017511367798,True,True,False,-0.2723609507083893,-12.79531478881836,4.977876663208008,18.411224365234375,164.01519775390625,232.77073669433594,274.6666564941406,253.74465942382812,2999.37158203125,2871.796875,1013.5789184570312,2222.389404296875,-2146.789794921875,-1186.797119140625
