t,env_id,episode_id,step_in_ep,action_sub_idx,base_action_idx,target,type,pct,step,dir,reward,done,gate_ok,deviation_exploded,C1_before,C1_after,A1_before,A1_after,A2_before,A2_after,B2_before,B2_after,A3_before,A3_after,S3_before,S3_after,C3_before,C3_after
11696,1,110,-1,,,,,,,,,False,False,False,7.944787979125977,7.944787979125977,21.204830169677734,21.204830169677734,115.4957504272461,115.4957504272461,355.3289794921875,355.3289794921875,2479.66015625,2479.66015625,1999.477783203125,1999.477783203125,-2079.4296875,-2079.4296875
11696,1,110,0,4,24,A1,pct_button,100,,,-16.542272806167603,False,False,False,7.944787979125977,1.416463017463684,21.204830169677734,6.854673385620117,115.4957504272461,115.4957504272461,355.3289794921875,355.3289794921875,2479.66015625,2479.66015625,1999.477783203125,1999.477783203125,-2079.4296875,-2079.4296875
11704,1,110,1,1,21,A1,pct_button,20,,,-1.5520780086517334,True,True,False,1.416463017463684,-3.3625526428222656,6.854673385620117,32.31449508666992,115.4957504272461,368.5851745605469,355.3289794921875,357.42254638671875,2479.66015625,1184.3900146484375,1999.477783203125,1302.25048828125,-2079.4296875,-1674.7857666015625
