t,env_id,episode_id,step_in_ep,action_sub_idx,base_action_idx,target,type,pct,step,dir,reward,done,gate_ok,deviation_exploded,C1_before,C1_after,A1_before,A1_after,A2_before,A2_after,B2_before,B2_after,A3_before,A3_after,S3_before,S3_after,C3_before,C3_after
34448,3,300,-1,,,,,,,,,False,False,False,8.036445617675781,8.036445617675781,45.528709411621094,45.528709411621094,387.29754638671875,387.29754638671875,431.2543640136719,431.2543640136719,2533.147705078125,2533.147705078125,1474.0450439453125,1474.0450439453125,2785.18798828125,2785.18798828125
34448,3,300,0,2,22,A1,pct_button,30,,,78.10569941282272,False,False,False,8.036445617675781,1.200499415397644,45.528709411621094,13.453344345092773,387.29754638671875,387.29754638671875,431.2543640136719,431.2543640136719,2533.147705078125,2533.147705078125,1474.0450439453125,1474.0450439453125,2785.18798828125,2785.18798828125
34456,3,300,1,0,20,A1,pct_button,10,,,19.604487992525097,False,False,False,1.200499415397644,0.68316251039505,13.453344345092773,4.212392807006836,387.29754638671875,387.29754638671875,431.2543640136719,431.2543640136719,2533.147705078125,2533.147705078125,1474.0450439453125,1474.0450439453125,2785.18798828125,2785.18798828125
34464,3,300,2,10,38,C1,pct_button,30,,,0.0984126305580142,False,False,False,0.68316251039505,0.688834547996521,4.212392807006836,4.201416969299316,387.29754638671875,387.29754638671875,431.2543640136719,431.2543640136719,2533.147705078125,2533.147705078125,1474.0450439453125,1474.0450439453125,2785.18798828125,2785.18798828125
34472,3,300,3,7,35,C1,pct_button,10,,,0.08780503034591704,False,False,False,0.688834547996521,0.688834547996521,4.201416969299316,4.201416969299316,387.29754638671875,387.29754638671875,431.2543640136719,431.2543640136719,2533.147705078125,2533.147705078125,1474.0450439453125,1474.0450439453125,2785.18798828125,2785.18798828125
34480,3,300,4,2,22,A1,pct_button,30,,,10.784535480309279,True,True,False,0.688834547996521,15.269556045532227,4.201416969299316,42.58684158325195,387.29754638671875,487.9454650878906,431.2543640136719,318.5668029785156,2533.147705078125,2699.38134765625,1474.0450439453125,1036.552490234375,2785.18798828125,1830.5606689453125
