t,env_id,episode_id,step_in_ep,action_sub_idx,base_action_idx,target,type,pct,step,dir,reward,done,gate_ok,deviation_exploded,C1_before,C1_after,A1_before,A1_after
49856,4,410,-1,,,,,,,,,False,False,False,14.156827926635742,14.156827926635742,30.072834014892578,30.072834014892578
49856,4,410,0,3,23,A1,pct_button,50,,,28.966885566711422,False,False,False,14.156827926635742,11.312675476074219,30.072834014892578,18.728960037231445
49864,4,410,1,3,23,A1,pct_button,50,,,16.973666496276852,False,False,False,11.312675476074219,9.909303665161133,18.728960037231445,11.858173370361328
49872,4,410,2,12,40,C1,pct_button,100,,,15.922167334556582,False,False,False,9.909303665161133,2.477487325668335,11.858173370361328,11.463314056396484
49880,4,410,3,2,22,A1,pct_button,30,,,5.658786025047304,False,False,False,2.477487325668335,2.0321366786956787,11.463314056396484,9.186457633972168
49888,4,410,4,4,24,A1,pct_button,100,,,23.071825351715088,True,True,False,2.0321366786956787,-10.98100471496582,9.186457633972168,29.53835678100586
