t,env_id,episode_id,step_in_ep,action_sub_idx,base_action_idx,target,type,pct,step,dir,reward,done,gate_ok,deviation_exploded,C1_before,C1_after,A1_before,A1_after,A2_before,A2_after,B2_before,B2_after,A3_before,A3_after,S3_before,S3_after,C3_before,C3_after
44976,7,620,-1,,,,,,,,,False,False,False,9.920318603515625,9.920318603515625,7.501210689544678,7.501210689544678,179.044921875,179.044921875,381.6240539550781,381.6240539550781,1796.4462890625,1796.4462890625,1338.150146484375,1338.150146484375,-1679.779052734375,-1679.779052734375
44976,7,620,0,12,40,C1,pct_button,100,,,-15.84326946735382,False,False,False,9.920318603515625,0.8790755867958069,7.501210689544678,7.0425591468811035,179.044921875,179.044921875,381.6240539550781,381.6240539550781,1796.4462890625,1796.4462890625,1338.150146484375,1338.150146484375,-1679.779052734375,-1679.779052734375
44984,7,620,1,0,20,A1,pct_button,10,,,-1.140008568763733,True,True,False,0.8790755867958069,6.161571025848389,7.0425591468811035,19.825786590576172,179.044921875,477.8103942871094,381.6240539550781,373.9513244628906,1796.4462890625,2213.2021484375,1338.150146484375,1569.5198974609375,-1679.779052734375,-2321.15966796875
