t,env_id,episode_id,step_in_ep,action_sub_idx,base_action_idx,target,type,pct,step,dir,reward,done,gate_ok,deviation_exploded,C1_before,C1_after,A1_before,A1_after,A2_before,A2_after,B2_before,B2_after,A3_before,A3_after,S3_before,S3_after,C3_before,C3_after
5520,0,40,-1,,,,,,,,,False,True,False,7.842331409454346,7.842331409454346,0.8621006011962891,0.8621006011962891,249.050048828125,249.050048828125,150.74954223632812,150.74954223632812,1223.8319091796875,1223.8319091796875,1030.0416259765625,1030.0416259765625,-1904.9677734375,-1904.9677734375
5520,0,40,0,12,40,C1,pct_button,100,,,16.11713979959488,True,True,False,7.842331409454346,-4.182193279266357,0.8621006011962891,22.531448364257812,249.050048828125,290.1190490722656,150.74954223632812,442.0887756347656,1223.8319091796875,2208.015380859375,1030.0416259765625,2549.21142578125,-1904.9677734375,1609.0125732421875
