t,env_id,episode_id,step_in_ep,action_sub_idx,base_action_idx,target,type,pct,step,dir,reward,done,gate_ok,deviation_exploded,C1_before,C1_after,A1_before,A1_after,A2_before,A2_after,B2_before,B2_after,A3_before,A3_after,S3_before,S3_after,C3_before,C3_after
15248,5,160,-1,,,,,,,,,False,False,False,13.782661437988281,13.782661437988281,20.463590621948242,20.463590621948242,465.1358642578125,465.1358642578125,169.81124877929688,169.81124877929688,2619.539306640625,2619.539306640625,1931.07763671875,1931.07763671875,-1923.5546875,-1923.5546875
15248,5,160,0,0,20,A1,pct_button,10,,,-40.099602699279785,False,False,False,13.782661437988281,13.434741020202637,20.463590621948242,6.615060329437256,465.1358642578125,465.1358642578125,169.81124877929688,169.81124877929688,2619.539306640625,2619.539306640625,1931.07763671875,1931.07763671875,-1923.5546875,-1923.5546875
15256,5,160,1,8,36,C1,pct_button,15,,,-37.00169849395752,False,False,False,13.434741020202637,11.98591136932373,6.615060329437256,6.514937877655029,465.1358642578125,465.1358642578125,169.81124877929688,169.81124877929688,2619.539306640625,2619.539306640625,1931.07763671875,1931.07763671875,-1923.5546875,-1923.5546875
15264,5,160,2,3,23,A1,pct_button,50,,,-27.247403621673584,False,False,False,11.98591136932373,11.517683029174805,6.514937877655029,2.1060187816619873,465.1358642578125,465.1358642578125,169.81124877929688,169.81124877929688,2619.539306640625,2619.539306640625,1931.07763671875,1931.07763671875,-1923.5546875,-1923.5546875
15272,5,160,3,11,39,C1,pct_button,50,,,-19.97826910018921,False,False,False,11.517683029174805,7.668845176696777,2.1060187816619873,2.320289373397827,465.1358642578125,465.1358642578125,169.81124877929688,169.81124877929688,2619.539306640625,2619.539306640625,1931.07763671875,1931.07763671875,-1923.5546875,-1923.5546875
15280,5,160,4,10,38,C1,pct_button,30,,,-16.618062019348145,False,False,False,7.668845176696777,6.058938503265381,2.320289373397827,2.2500925064086914,465.1358642578125,465.1358642578125,169.81124877929688,169.81124877929688,2619.539306640625,2619.539306640625,1931.07763671875,1931.07763671875,-1923.5546875,-1923.5546875
15288,5,160,5,12,40,C1,pct_button,100,,,-0.09034764766693115,True,True,False,6.058938503265381,13.239713668823242,2.2500925064086914,2.9749317169189453,465.1358642578125,305.2949523925781,169.81124877929688,382.8374938964844,2619.539306640625,2979.300048828125,1931.07763671875,1068.8245849609375,-1923.5546875,821.1900024414062
