t,env_id,episode_id,step_in_ep,action_sub_idx,base_action_idx,target,type,pct,step,dir,reward,done,gate_ok,deviation_exploded,C1_before,C1_after,A1_before,A1_after
23184,1,220,-1,,,,,,,,,False,False,False,-6.860503673553467,-6.860503673553467,2.051274299621582,2.051274299621582
23184,1,220,0,6,34,C1,pct_button,5,,,0.8533263301849361,False,False,False,-6.860503673553467,-6.547429084777832,2.051274299621582,2.018343448638916
23192,1,220,1,10,38,C1,pct_button,30,,,4.542853758335115,False,False,False,-6.547429084777832,-4.404836177825928,2.018343448638916,1.9480382204055786
23200,1,220,2,7,35,C1,pct_button,10,,,1.3751212763786318,False,False,False,-4.404836177825928,-3.8548316955566406,1.9480382204055786,1.8626569509506226
23208,1,220,3,6,34,C1,pct_button,5,,,0.5750925183296205,False,False,False,-3.8548316955566406,-3.629868984222412,1.8626569509506226,1.8498708009719849
23216,1,220,4,4,24,A1,pct_button,100,,,0.20476298809051463,False,False,False,-3.629868984222412,-4.017376899719238,1.8498708009719849,1.409247636795044
23224,1,220,5,11,39,C1,pct_button,50,,,6.364704288244248,False,False,False,-4.017376899719238,-1.329679012298584,1.409247636795044,0.9322122931480408
23232,1,220,6,12,40,C1,pct_button,100,,,4.421987545490265,True,True,False,-1.329679012298584,-8.642578125,0.9322122931480408,4.680403232574463
