t,env_id,episode_id,step_in_ep,action_sub_idx,base_action_idx,target,type,pct,step,dir,reward,done,gate_ok,deviation_exploded,C1_before,C1_after,A1_before,A1_after,A2_before,A2_after,B2_before,B2_after,A3_before,A3_after,S3_before,S3_after,C3_before,C3_after
24624,5,300,-1,,,,,,,,,False,False,False,10.110898971557617,10.110898971557617,32.525550842285156,32.525550842285156,359.0155944824219,359.0155944824219,477.8357238769531,477.8357238769531,1413.3660888671875,1413.3660888671875,2851.286376953125,2851.286376953125,2869.962158203125,2869.962158203125
24624,5,300,0,12,40,C1,pct_button,100,,,-62.80349957942963,False,False,False,10.110898971557617,-0.8092471957206726,32.525550842285156,30.59250259399414,359.0155944824219,359.0155944824219,477.8357238769531,477.8357238769531,1413.3660888671875,1413.3660888671875,2851.286376953125,2851.286376953125,2869.962158203125,2869.962158203125
24632,5,300,1,1,21,A1,pct_button,20,,,-26.719420433044434,False,False,False,-0.8092471957206726,-3.4703783988952637,30.59250259399414,9.889331817626953,359.0155944824219,359.0155944824219,477.8357238769531,477.8357238769531,1413.3660888671875,1413.3660888671875,2851.286376953125,2851.286376953125,2869.962158203125,2869.962158203125
24640,5,300,2,3,23,A1,pct_button,50,,,-16.397069931030273,False,False,False,-3.4703783988952637,-5.001709461212158,9.889331817626953,3.1968255043029785,359.0155944824219,359.0155944824219,477.8357238769531,477.8357238769531,1413.3660888671875,1413.3660888671875,2851.286376953125,2851.286376953125,2869.962158203125,2869.962158203125
24648,5,300,3,8,36,C1,pct_button,15,,,-14.44727611541748,False,False,False,-5.001709461212158,-4.202713489532471,3.1968255043029785,3.0209245681762695,359.0155944824219,359.0155944824219,477.8357238769531,477.8357238769531,1413.3660888671875,1413.3660888671875,2851.286376953125,2851.286376953125,2869.962158203125,2869.962158203125
24656,5,300,4,12,40,C1,pct_button,100,,,-0.785448431968689,True,True,False,-4.202713489532471,11.935262680053711,3.0209245681762695,47.475669860839844,359.0155944824219,238.889892578125,477.8357238769531,291.44183349609375,1413.3660888671875,2539.973876953125,2851.286376953125,1523.4752197265625,2869.962158203125,2892.961181640625
