t,env_id,episode_id,step_in_ep,action_sub_idx,base_action_idx,target,type,pct,step,dir,reward,done,gate_ok,deviation_exploded,C1_before,C1_after,A1_before,A1_after,A2_before,A2_after,B2_before,B2_after,A3_before,A3_after,S3_before,S3_after,C3_before,C3_after
43656,1,580,-1,,,,,,,,,False,False,False,11.633781433105469,11.633781433105469,10.484210014343262,10.484210014343262,119.7220458984375,119.7220458984375,269.893798828125,269.893798828125,1043.6717529296875,1043.6717529296875,2731.549072265625,2731.549072265625,1491.8067626953125,1491.8067626953125
43656,1,580,0,0,20,A1,pct_button,10,,,-29.5979061126709,False,False,False,11.633781433105469,11.40982723236084,10.484210014343262,3.3891258239746094,119.7220458984375,119.7220458984375,269.893798828125,269.893798828125,1043.6717529296875,1043.6717529296875,2731.549072265625,2731.549072265625,1491.8067626953125,1491.8067626953125
43664,1,580,1,2,22,A1,pct_button,30,,,-29.5979061126709,False,False,False,11.40982723236084,11.40982723236084,3.3891258239746094,3.3891258239746094,119.7220458984375,119.7220458984375,269.893798828125,269.893798828125,1043.6717529296875,1043.6717529296875,2731.549072265625,2731.549072265625,1491.8067626953125,1491.8067626953125
43672,1,580,2,12,40,C1,pct_button,100,,,-13.904361009597778,False,False,False,11.40982723236084,-5.085361003875732,3.3891258239746094,1.8668195009231567,119.7220458984375,119.7220458984375,269.893798828125,269.893798828125,1043.6717529296875,1043.6717529296875,2731.549072265625,2731.549072265625,1491.8067626953125,1491.8067626953125
43680,1,580,3,3,23,A1,pct_button,50,,,-12.923462152481079,False,False,False,-5.085361003875732,-5.85826301574707,1.8668195009231567,0.6034680604934692,119.7220458984375,119.7220458984375,269.893798828125,269.893798828125,1043.6717529296875,1043.6717529296875,2731.549072265625,2731.549072265625,1491.8067626953125,1491.8067626953125
43688,1,580,4,12,40,C1,pct_button,100,,,-0.5874066352844238,True,True,False,-5.85826301574707,15.867607116699219,0.6034680604934692,21.264039993286133,119.7220458984375,457.77069091796875,269.893798828125,460.4723205566406,1043.6717529296875,2129.141357421875,2731.549072265625,1613.6302490234375,1491.8067626953125,1836.900634765625
