t,env_id,episode_id,step_in_ep,action_sub_idx,base_action_idx,target,type,pct,step,dir,reward,done,gate_ok,deviation_exploded,C1_before,C1_after,A1_before,A1_after,A2_before,A2_after,B2_before,B2_after,A3_before,A3_after,S3_before,S3_after,C3_before,C3_after
20552,0,220,-1,,,,,,,,,False,False,False,5.973777770996094,5.973777770996094,42.77442932128906,42.77442932128906,107.4502182006836,107.4502182006836,349.8701171875,349.8701171875,2509.772705078125,2509.772705078125,1186.3721923828125,1186.3721923828125,-2458.3203125,-2458.3203125
20552,0,220,0,10,38,C1,pct_button,30,,,-93.41218376159668,False,False,False,5.973777770996094,4.251429557800293,42.77442932128906,42.45466232299805,107.4502182006836,107.4502182006836,349.8701171875,349.8701171875,2509.772705078125,2509.772705078125,1186.3721923828125,1186.3721923828125,-2458.3203125,-2458.3203125
20560,0,220,1,7,35,C1,pct_button,10,,,-92.5437879562378,False,False,False,4.251429557800293,3.786637783050537,42.45466232299805,42.48525619506836,107.4502182006836,107.4502182006836,349.8701171875,349.8701171875,2509.772705078125,2509.772705078125,1186.3721923828125,1186.3721923828125,-2458.3203125,-2458.3203125
20568,0,220,2,7,35,C1,pct_button,10,,,-91.76558256149292,False,False,False,3.786637783050537,3.4067704677581787,42.48525619506836,42.47602081298828,107.4502182006836,107.4502182006836,349.8701171875,349.8701171875,2509.772705078125,2509.772705078125,1186.3721923828125,1186.3721923828125,-2458.3203125,-2458.3203125
20576,0,220,3,1,21,A1,pct_button,20,,,-30.181689739227295,False,False,False,3.4067704677581787,1.360046148300171,42.47602081298828,13.730798721313477,107.4502182006836,107.4502182006836,349.8701171875,349.8701171875,2509.772705078125,2509.772705078125,1186.3721923828125,1186.3721923828125,-2458.3203125,-2458.3203125
20584,0,220,4,3,23,A1,pct_button,50,,,-9.73870301246643,False,False,False,1.360046148300171,-0.4307337999343872,13.730798721313477,4.438617706298828,107.4502182006836,107.4502182006836,349.8701171875,349.8701171875,2509.772705078125,2509.772705078125,1186.3721923828125,1186.3721923828125,-2458.3203125,-2458.3203125
20592,0,220,5,2,22,A1,pct_button,30,,,0.6130319833755493,True,True,False,-0.4307337999343872,14.714837074279785,4.438617706298828,29.167264938354492,107.4502182006836,433.8316955566406,349.8701171875,354.162109375,2509.772705078125,1747.7694091796875,1186.3721923828125,1523.8525390625,-2458.3203125,1134.933349609375
