t,env_id,episode_id,step_in_ep,action_sub_idx,base_action_idx,target,type,pct,step,dir,reward,done,gate_ok,deviation_exploded,C1_before,C1_after,A1_before,A1_after,A2_before,A2_after,B2_before,B2_after,A3_before,A3_after,S3_before,S3_after,C3_before,C3_after
16160,5,180,-1,,,,,,,,,False,False,False,-11.443642616271973,-11.443642616271973,2.9255199432373047,2.9255199432373047,436.29425048828125,436.29425048828125,206.386474609375,206.386474609375,2098.8720703125,2098.8720703125,2977.431396484375,2977.431396484375,-2173.8828125,-2173.8828125
16160,5,180,0,2,22,A1,pct_button,30,,,-24.670013546943665,False,False,False,-11.443642616271973,-11.389303207397461,2.9255199432373047,0.9457035660743713,436.29425048828125,436.29425048828125,206.386474609375,206.386474609375,2098.8720703125,2098.8720703125,2977.431396484375,2977.431396484375,-2173.8828125,-2173.8828125
16168,5,180,1,4,24,A1,pct_button,100,,,-26.748497426509857,False,False,False,-11.389303207397461,-13.068540573120117,0.9457035660743713,0.3057081401348114,436.29425048828125,436.29425048828125,206.386474609375,206.386474609375,2098.8720703125,2098.8720703125,2977.431396484375,2977.431396484375,-2173.8828125,-2173.8828125
16176,5,180,2,11,39,C1,pct_button,50,,,-16.455862760543823,False,False,False,-13.068540573120117,-7.6307196617126465,0.3057081401348114,0.5972117185592651,436.29425048828125,436.29425048828125,206.386474609375,206.386474609375,2098.8720703125,2098.8720703125,2977.431396484375,2977.431396484375,-2173.8828125,-2173.8828125
16184,5,180,3,12,40,C1,pct_button,100,,,0.12217390537261963,True,True,False,-7.6307196617126465,-11.111513137817383,0.5972117185592651,49.524314880371094,436.29425048828125,477.6398010253906,206.386474609375,454.895263671875,2098.8720703125,2354.8125,2977.431396484375,1221.24169921875,-2173.8828125,2586.240478515625
