t,env_id,episode_id,step_in_ep,action_sub_idx,base_action_idx,target,type,pct,step,dir,reward,done,gate_ok,deviation_exploded,C1_before,C1_after,A1_before,A1_after,A2_before,A2_after,B2_before,B2_after,A3_before,A3_after,S3_before,S3_after,C3_before,C3_after
28976,7,370,-1,,,,,,,,,False,False,False,18.654510498046875,18.654510498046875,25.764055252075195,25.764055252075195,247.13856506347656,247.13856506347656,174.25711059570312,174.25711059570312,1508.3427734375,1508.3427734375,1461.8173828125,1461.8173828125,1276.94091796875,1276.94091796875
28976,7,370,0,3,23,A1,pct_button,50,,,-45.087547302246094,False,False,False,18.654510498046875,14.215285301208496,25.764055252075195,8.32848834991455,247.13856506347656,247.13856506347656,174.25711059570312,174.25711059570312,1508.3427734375,1508.3427734375,1461.8173828125,1461.8173828125,1276.94091796875,1276.94091796875
28984,7,370,1,12,40,C1,pct_button,100,,,-24.083566188812256,False,False,False,14.215285301208496,3.8371541500091553,8.32848834991455,8.204628944396973,247.13856506347656,247.13856506347656,174.25711059570312,174.25711059570312,1508.3427734375,1508.3427734375,1461.8173828125,1461.8173828125,1276.94091796875,1276.94091796875
28992,7,370,2,12,40,C1,pct_button,100,,,-15.324024319648743,False,False,False,3.8371541500091553,0.8320289254188538,8.204628944396973,6.829983234405518,247.13856506347656,247.13856506347656,174.25711059570312,174.25711059570312,1508.3427734375,1508.3427734375,1461.8173828125,1461.8173828125,1276.94091796875,1276.94091796875
29000,7,370,3,0,20,A1,pct_button,10,,,-0.3259316682815552,True,True,False,0.8320289254188538,-18.90326690673828,6.829983234405518,22.316091537475586,247.13856506347656,407.9120788574219,174.25711059570312,216.5376739501953,1508.3427734375,1721.4036865234375,1461.8173828125,1736.9974365234375,1276.94091796875,2841.306884765625
