t,env_id,episode_id,step_in_ep,action_sub_idx,base_action_idx,target,type,pct,step,dir,reward,done,gate_ok,deviation_exploded,C1_before,C1_after,A1_before,A1_after,A2_before,A2_after,B2_before,B2_after,A3_before,A3_after,S3_before,S3_after,C3_before,C3_after
16928,1,180,-1,,,,,,,,,False,False,False,15.067472457885742,15.067472457885742,4.094878673553467,4.094878673553467,181.7941131591797,181.7941131591797,437.4481506347656,437.4481506347656,2663.467529296875,2663.467529296875,2349.353515625,2349.353515625,977.91845703125,977.91845703125
16928,1,180,0,4,24,A1,pct_button,100,,,-33.018409729003906,False,False,False,15.067472457885742,15.185494422912598,4.094878673553467,1.3237104415893555,181.7941131591797,181.7941131591797,437.4481506347656,437.4481506347656,2663.467529296875,2663.467529296875,2349.353515625,2349.353515625,977.91845703125,977.91845703125
16936,1,180,1,12,40,C1,pct_button,100,,,-5.348488092422485,False,False,False,15.185494422912598,1.9877766370773315,1.3237104415893555,0.6864674091339111,181.7941131591797,181.7941131591797,437.4481506347656,437.4481506347656,2663.467529296875,2663.467529296875,2349.353515625,2349.353515625,977.91845703125,977.91845703125
16944,1,180,2,11,39,C1,pct_button,50,,,1.6240793466567993,True,True,False,1.9877766370773315,2.6819825172424316,0.6864674091339111,26.585538864135742,181.7941131591797,370.62786865234375,437.4481506347656,361.21649169921875,2663.467529296875,2835.910888671875,2349.353515625,1800.3095703125,977.91845703125,1409.6326904296875
