t,env_id,episode_id,step_in_ep,action_sub_idx,base_action_idx,target,type,pct,step,dir,reward,done,gate_ok,deviation_exploded,C1_before,C1_after,A1_before,A1_after
13792,3,20,-1,,,,,,,,,False,False,False,7.469202995300293,7.469202995300293,24.742443084716797,24.742443084716797
13792,3,20,0,2,22,A1,pct_button,30,,,19.18305236816406,False,False,False,7.469202995300293,11.707293510437012,24.742443084716797,11.136261940002441
13800,3,20,1,1,21,A1,pct_button,20,,,-4.675449104309083,False,False,False,11.707293510437012,12.194324493408203,11.136261940002441,13.236261367797852
13808,3,20,2,11,39,C1,pct_button,50,,,11.315203132629398,False,False,False,12.194324493408203,-3.1210670471191406,13.236261367797852,16.846593856811523
13816,3,20,3,2,22,A1,pct_button,30,,,6.898975963592532,False,False,False,-3.1210670471191406,-5.574554443359375,16.846593856811523,11.10541820526123
13824,3,20,4,4,24,A1,pct_button,100,,,27.21388583630323,False,False,False,-5.574554443359375,0.21170441806316376,11.10541820526123,2.887315511703491
13832,3,20,5,7,35,C1,pct_button,10,,,-4.314016371965408,False,False,False,0.21170441806316376,-1.792229175567627,2.887315511703491,3.5118396282196045
13840,3,20,6,4,24,A1,pct_button,100,,,11.262887650728226,True,True,False,-1.792229175567627,3.207531452178955,3.5118396282196045,29.611186981201172
