t,env_id,episode_id,step_in_ep,action_sub_idx,base_action_idx,target,type,pct,step,dir,reward,done,gate_ok,deviation_exploded,C1_before,C1_after,A1_before,A1_after,A2_before,A2_after,B2_before,B2_after,A3_before,A3_after,S3_before,S3_after,C3_before,C3_after
10736,2,100,-1,,,,,,,,,False,False,False,-15.590407371520996,-15.590407371520996,23.55083465576172,23.55083465576172,428.7648010253906,428.7648010253906,427.85498046875,427.85498046875,2958.79541015625,2958.79541015625,2277.234375,2277.234375,-2860.1845703125,-2860.1845703125
10736,2,100,0,12,40,C1,pct_button,100,,,-49.652471244335175,False,False,False,-15.590407371520996,0.29328426718711853,23.55083465576172,24.53295135498047,428.7648010253906,428.7648010253906,427.85498046875,427.85498046875,2958.79541015625,2958.79541015625,2277.234375,2277.234375,-2860.1845703125,-2860.1845703125
10744,2,100,1,10,38,C1,pct_button,30,,,-50.36760950088501,False,False,False,0.29328426718711853,0.5866806507110596,24.53295135498047,24.597124099731445,428.7648010253906,428.7648010253906,427.85498046875,427.85498046875,2958.79541015625,2958.79541015625,2277.234375,2277.234375,-2860.1845703125,-2860.1845703125
10752,2,100,2,4,24,A1,pct_button,100,,,-25.473360061645508,False,False,False,0.5866806507110596,-4.78541374206543,24.597124099731445,7.951266288757324,428.7648010253906,428.7648010253906,427.85498046875,427.85498046875,2958.79541015625,2958.79541015625,2277.234375,2277.234375,-2860.1845703125,-2860.1845703125
10760,2,100,3,2,22,A1,pct_button,30,,,-16.736096382141113,False,False,False,-4.78541374206543,-5.797721862792969,7.951266288757324,2.570326328277588,428.7648010253906,428.7648010253906,427.85498046875,427.85498046875,2958.79541015625,2958.79541015625,2277.234375,2277.234375,-2860.1845703125,-2860.1845703125
10768,2,100,4,12,40,C1,pct_button,100,,,1.4083105325698853,True,True,False,-5.797721862792969,-3.9186980724334717,2.570326328277588,20.159263610839844,428.7648010253906,492.2433776855469,427.85498046875,107.06997680664062,2958.79541015625,1454.2408447265625,2277.234375,1747.403076171875,-2860.1845703125,1775.896484375
