t,env_id,episode_id,step_in_ep,action_sub_idx,base_action_idx,target,type,pct,step,dir,reward,done,gate_ok,deviation_exploded,C1_before,C1_after,A1_before,A1_after,A2_before,A2_after,B2_before,B2_after,A3_before,A3_after,S3_before,S3_after,C3_before,C3_after
22616,0,250,-1,,,,,,,,,False,False,False,0.7579438090324402,0.7579438090324402,22.663042068481445,22.663042068481445,489.0877380371094,489.0877380371094,265.20623779296875,265.20623779296875,2541.84716796875,2541.84716796875,2796.767822265625,2796.767822265625,2711.71044921875,2711.71044921875
22616,0,250,0,0,20,A1,pct_button,10,,,-15.40571278333664,False,False,False,0.7579438090324402,0.37680134177207947,22.663042068481445,7.32605504989624,489.0877380371094,489.0877380371094,265.20623779296875,265.20623779296875,2541.84716796875,2541.84716796875,2796.767822265625,2796.767822265625,2711.71044921875,2711.71044921875
22624,0,250,1,12,40,C1,pct_button,100,,,-15.40571278333664,False,False,False,0.37680134177207947,0.37680134177207947,7.32605504989624,7.32605504989624,489.0877380371094,489.0877380371094,265.20623779296875,265.20623779296875,2541.84716796875,2541.84716796875,2796.767822265625,2796.767822265625,2711.71044921875,2711.71044921875
22632,0,250,2,6,34,C1,pct_button,5,,,-15.563244998455048,False,False,False,0.37680134177207947,0.3565722405910492,7.32605504989624,7.425050258636475,489.0877380371094,489.0877380371094,265.20623779296875,265.20623779296875,2541.84716796875,2541.84716796875,2796.767822265625,2796.767822265625,2711.71044921875,2711.71044921875
22640,0,250,3,3,23,A1,pct_button,50,,,-0.3973749279975891,True,True,False,0.3565722405910492,-15.073978424072266,7.425050258636475,47.44150924682617,489.0877380371094,271.1824645996094,265.20623779296875,226.01593017578125,2541.84716796875,1516.0709228515625,2796.767822265625,2402.0361328125,2711.71044921875,1359.4530029296875
