t,env_id,episode_id,step_in_ep,action_sub_idx,base_action_idx,target,type,pct,step,dir,reward,done,gate_ok,deviation_exploded,C1_before,C1_after,A1_before,A1_after,A2_before,A2_after,B2_before,B2_after,A3_before,A3_after,S3_before,S3_after,C3_before,C3_after
6048,1,60,-1,,,,,,,,,False,False,False,6.672298431396484,6.672298431396484,0.4504404067993164,0.4504404067993164,318.45587158203125,318.45587158203125,323.2877197265625,323.2877197265625,2063.938720703125,2063.938720703125,1132.544189453125,1132.544189453125,-1010.29638671875,-1010.29638671875
6048,1,60,0,5,33,C1,pct_button,1,,,0.23192993760108904,False,False,False,6.672298431396484,6.628990650177002,0.4504404067993164,0.44350820779800415,318.45587158203125,318.45587158203125,323.2877197265625,323.2877197265625,2063.938720703125,2063.938720703125,1132.544189453125,1132.544189453125,-1010.29638671875,-1010.29638671875
6056,1,60,1,12,40,C1,pct_button,100,,,15.791773759857753,True,True,False,6.628990650177002,10.475178718566895,0.44350820779800415,4.532270431518555,318.45587158203125,481.98260498046875,323.2877197265625,281.54595947265625,2063.938720703125,2125.205810546875,1132.544189453125,2254.59130859375,-1010.29638671875,-2387.051025390625
