t,env_id,episode_id,step_in_ep,action_sub_idx,base_action_idx,target,type,pct,step,dir,reward,done,gate_ok,deviation_exploded,C1_before,C1_after,A1_before,A1_after
29240,5,60,-1,,,,,,,,,False,False,False,4.081606864929199,4.081606864929199,35.48726272583008,35.48726272583008
29240,5,60,0,3,23,A1,pct_button,50,,,40.88722175598145,False,False,False,4.081606864929199,-7.019478797912598,35.48726272583008,12.293913841247559
29248,5,60,1,5,33,C1,pct_button,1,,,0.9146906280517564,False,False,False,-7.019478797912598,-6.954257965087891,12.293913841247559,12.087203979492188
29256,5,60,2,9,37,C1,pct_button,20,,,0.3759889507293701,False,False,False,-6.954257965087891,-6.70756196975708,12.087203979492188,12.331294059753418
29264,5,60,3,10,38,C1,pct_button,30,,,-3.9318258571624742,False,False,False,-6.70756196975708,-7.509063243865967,12.331294059753418,13.702824592590332
29272,5,60,4,9,37,C1,pct_button,20,,,12.001281781196594,False,False,False,-7.509063243865967,-3.551769495010376,13.702824592590332,11.808075904846191
29280,5,60,5,9,37,C1,pct_button,20,,,15.244807043075562,False,False,False,-3.551769495010376,-1.7364916801452637,11.808075904846191,6.0740556716918945
29288,5,60,6,2,22,A1,pct_button,30,,,18.00191089183092,True,True,False,-1.7364916801452637,19.922639846801758,6.0740556716918945,5.050684452056885
