t,mode,action_sub,base_action_idx,target,type,pct,step,dir,reward,done,gate_ok,deviation_exploded,C1,A1,A2,B2,A3,S3,C3
-1,C1A1,,,,,,,,,False,,,14.8,5.2,286.5,466.3,2967.7,1226.5,1254.0
0,C1A1,12,40,C1,pct_button,100,,,-13.723061561584473,False,False,False,-1.9,4.9,286.5,466.3,2967.7,1226.5,1254.0
1,C1A1,12,40,C1,pct_button,100,,,-10.358060836791992,False,False,False,0.9,4.2,286.5,466.3,2967.7,1226.5,1254.0
2,C1A1,12,40,C1,pct_button,100,,,-11.312907218933105,False,False,False,0.8,4.8,286.5,466.3,2967.7,1226.5,1254.0
3,C1A1,12,40,C1,pct_button,100,,,-11.189937591552734,False,False,False,-2.2,3.4,286.5,466.3,2967.7,1226.5,1254.0
4,C1A1,12,40,C1,pct_button,100,,,0.13962852954864502,True,True,False,10.1,32.9,447.8,396.0,1979.3,1528.7,-2558.8
